material_id,M_element,Ru_fraction,M_fraction,nominal_formula,adsorbate,adsorption_site_index,adsorbate_structure_file,parent_slab_file,notes
MAT_001,Li,1.0,0.0,RuO2,O,0,data\substituted_adsorbates\MAT_001_O_site0_adsorbed.cif,data\substituted_slabs\MAT_001_110_slab.cif,multiple adsorption site structure
MAT_001,Li,1.0,0.0,RuO2,O,1,data\substituted_adsorbates\MAT_001_O_site1_adsorbed.cif,data\substituted_slabs\MAT_001_110_slab.cif,multiple adsorption site structure
MAT_001,Li,1.0,0.0,RuO2,O,2,data\substituted_adsorbates\MAT_001_O_site2_adsorbed.cif,data\substituted_slabs\MAT_001_110_slab.cif,multiple adsorption site structure
MAT_001,Li,1.0,0.0,RuO2,O2,0,data\substituted_adsorbates\MAT_001_O2_site0_adsorbed.cif,data\substituted_slabs\MAT_001_110_slab.cif,multiple adsorption site structure
MAT_001,Li,1.0,0.0,RuO2,O2,1,data\substituted_adsorbates\MAT_001_O2_site1_adsorbed.cif,data\substituted_slabs\MAT_001_110_slab.cif,multiple adsorption site structure
MAT_001,Li,1.0,0.0,RuO2,O2,2,data\substituted_adsorbates\MAT_001_O2_site2_adsorbed.cif,data\substituted_slabs\MAT_001_110_slab.cif,multiple adsorption site structure
MAT_001,Li,1.0,0.0,RuO2,N2O,0,data\substituted_adsorbates\MAT_001_N2O_site0_adsorbed.cif,data\substituted_slabs\MAT_001_110_slab.cif,multiple adsorption site structure
MAT_001,Li,1.0,0.0,RuO2,N2O,1,data\substituted_adsorbates\MAT_001_N2O_site1_adsorbed.cif,data\substituted_slabs\MAT_001_110_slab.cif,multiple adsorption site structure
MAT_001,Li,1.0,0.0,RuO2,N2O,2,data\substituted_adsorbates\MAT_001_N2O_site2_adsorbed.cif,data\substituted_slabs\MAT_001_110_slab.cif,multiple adsorption site structure
MAT_002,Li,0.8,0.1999999999999999,Ru0.80Li0.20Ox,O,0,data\substituted_adsorbates\MAT_002_O_site0_adsorbed.cif,data\substituted_slabs\MAT_002_110_slab.cif,multiple adsorption site structure
MAT_002,Li,0.8,0.1999999999999999,Ru0.80Li0.20Ox,O,1,data\substituted_adsorbates\MAT_002_O_site1_adsorbed.cif,data\substituted_slabs\MAT_002_110_slab.cif,multiple adsorption site structure
MAT_002,Li,0.8,0.1999999999999999,Ru0.80Li0.20Ox,O,2,data\substituted_adsorbates\MAT_002_O_site2_adsorbed.cif,data\substituted_slabs\MAT_002_110_slab.cif,multiple adsorption site structure
MAT_002,Li,0.8,0.1999999999999999,Ru0.80Li0.20Ox,O2,0,data\substituted_adsorbates\MAT_002_O2_site0_adsorbed.cif,data\substituted_slabs\MAT_002_110_slab.cif,multiple adsorption site structure
MAT_002,Li,0.8,0.1999999999999999,Ru0.80Li0.20Ox,O2,1,data\substituted_adsorbates\MAT_002_O2_site1_adsorbed.cif,data\substituted_slabs\MAT_002_110_slab.cif,multiple adsorption site structure
MAT_002,Li,0.8,0.1999999999999999,Ru0.80Li0.20Ox,O2,2,data\substituted_adsorbates\MAT_002_O2_site2_adsorbed.cif,data\substituted_slabs\MAT_002_110_slab.cif,multiple adsorption site structure
MAT_002,Li,0.8,0.1999999999999999,Ru0.80Li0.20Ox,N2O,0,data\substituted_adsorbates\MAT_002_N2O_site0_adsorbed.cif,data\substituted_slabs\MAT_002_110_slab.cif,multiple adsorption site structure
MAT_002,Li,0.8,0.1999999999999999,Ru0.80Li0.20Ox,N2O,1,data\substituted_adsorbates\MAT_002_N2O_site1_adsorbed.cif,data\substituted_slabs\MAT_002_110_slab.cif,multiple adsorption site structure
MAT_002,Li,0.8,0.1999999999999999,Ru0.80Li0.20Ox,N2O,2,data\substituted_adsorbates\MAT_002_N2O_site2_adsorbed.cif,data\substituted_slabs\MAT_002_110_slab.cif,multiple adsorption site structure
MAT_003,Li,0.6,0.4,Ru0.60Li0.40Ox,O,0,data\substituted_adsorbates\MAT_003_O_site0_adsorbed.cif,data\substituted_slabs\MAT_003_110_slab.cif,multiple adsorption site structure
MAT_003,Li,0.6,0.4,Ru0.60Li0.40Ox,O,1,data\substituted_adsorbates\MAT_003_O_site1_adsorbed.cif,data\substituted_slabs\MAT_003_110_slab.cif,multiple adsorption site structure
MAT_003,Li,0.6,0.4,Ru0.60Li0.40Ox,O,2,data\substituted_adsorbates\MAT_003_O_site2_adsorbed.cif,data\substituted_slabs\MAT_003_110_slab.cif,multiple adsorption site structure
MAT_003,Li,0.6,0.4,Ru0.60Li0.40Ox,O2,0,data\substituted_adsorbates\MAT_003_O2_site0_adsorbed.cif,data\substituted_slabs\MAT_003_110_slab.cif,multiple adsorption site structure
MAT_003,Li,0.6,0.4,Ru0.60Li0.40Ox,O2,1,data\substituted_adsorbates\MAT_003_O2_site1_adsorbed.cif,data\substituted_slabs\MAT_003_110_slab.cif,multiple adsorption site structure
MAT_003,Li,0.6,0.4,Ru0.60Li0.40Ox,O2,2,data\substituted_adsorbates\MAT_003_O2_site2_adsorbed.cif,data\substituted_slabs\MAT_003_110_slab.cif,multiple adsorption site structure
MAT_003,Li,0.6,0.4,Ru0.60Li0.40Ox,N2O,0,data\substituted_adsorbates\MAT_003_N2O_site0_adsorbed.cif,data\substituted_slabs\MAT_003_110_slab.cif,multiple adsorption site structure
MAT_003,Li,0.6,0.4,Ru0.60Li0.40Ox,N2O,1,data\substituted_adsorbates\MAT_003_N2O_site1_adsorbed.cif,data\substituted_slabs\MAT_003_110_slab.cif,multiple adsorption site structure
MAT_003,Li,0.6,0.4,Ru0.60Li0.40Ox,N2O,2,data\substituted_adsorbates\MAT_003_N2O_site2_adsorbed.cif,data\substituted_slabs\MAT_003_110_slab.cif,multiple adsorption site structure
MAT_004,Li,0.4,0.6,Ru0.40Li0.60Ox,O,0,data\substituted_adsorbates\MAT_004_O_site0_adsorbed.cif,data\substituted_slabs\MAT_004_110_slab.cif,multiple adsorption site structure
MAT_004,Li,0.4,0.6,Ru0.40Li0.60Ox,O,1,data\substituted_adsorbates\MAT_004_O_site1_adsorbed.cif,data\substituted_slabs\MAT_004_110_slab.cif,multiple adsorption site structure
MAT_004,Li,0.4,0.6,Ru0.40Li0.60Ox,O,2,data\substituted_adsorbates\MAT_004_O_site2_adsorbed.cif,data\substituted_slabs\MAT_004_110_slab.cif,multiple adsorption site structure
MAT_004,Li,0.4,0.6,Ru0.40Li0.60Ox,O2,0,data\substituted_adsorbates\MAT_004_O2_site0_adsorbed.cif,data\substituted_slabs\MAT_004_110_slab.cif,multiple adsorption site structure
MAT_004,Li,0.4,0.6,Ru0.40Li0.60Ox,O2,1,data\substituted_adsorbates\MAT_004_O2_site1_adsorbed.cif,data\substituted_slabs\MAT_004_110_slab.cif,multiple adsorption site structure
MAT_004,Li,0.4,0.6,Ru0.40Li0.60Ox,O2,2,data\substituted_adsorbates\MAT_004_O2_site2_adsorbed.cif,data\substituted_slabs\MAT_004_110_slab.cif,multiple adsorption site structure
MAT_004,Li,0.4,0.6,Ru0.40Li0.60Ox,N2O,0,data\substituted_adsorbates\MAT_004_N2O_site0_adsorbed.cif,data\substituted_slabs\MAT_004_110_slab.cif,multiple adsorption site structure
MAT_004,Li,0.4,0.6,Ru0.40Li0.60Ox,N2O,1,data\substituted_adsorbates\MAT_004_N2O_site1_adsorbed.cif,data\substituted_slabs\MAT_004_110_slab.cif,multiple adsorption site structure
MAT_004,Li,0.4,0.6,Ru0.40Li0.60Ox,N2O,2,data\substituted_adsorbates\MAT_004_N2O_site2_adsorbed.cif,data\substituted_slabs\MAT_004_110_slab.cif,multiple adsorption site structure
MAT_005,Li,0.2,0.8,Ru0.20Li0.80Ox,O,0,data\substituted_adsorbates\MAT_005_O_site0_adsorbed.cif,data\substituted_slabs\MAT_005_110_slab.cif,multiple adsorption site structure
MAT_005,Li,0.2,0.8,Ru0.20Li0.80Ox,O,1,data\substituted_adsorbates\MAT_005_O_site1_adsorbed.cif,data\substituted_slabs\MAT_005_110_slab.cif,multiple adsorption site structure
MAT_005,Li,0.2,0.8,Ru0.20Li0.80Ox,O,2,data\substituted_adsorbates\MAT_005_O_site2_adsorbed.cif,data\substituted_slabs\MAT_005_110_slab.cif,multiple adsorption site structure
MAT_005,Li,0.2,0.8,Ru0.20Li0.80Ox,O2,0,data\substituted_adsorbates\MAT_005_O2_site0_adsorbed.cif,data\substituted_slabs\MAT_005_110_slab.cif,multiple adsorption site structure
MAT_005,Li,0.2,0.8,Ru0.20Li0.80Ox,O2,1,data\substituted_adsorbates\MAT_005_O2_site1_adsorbed.cif,data\substituted_slabs\MAT_005_110_slab.cif,multiple adsorption site structure
MAT_005,Li,0.2,0.8,Ru0.20Li0.80Ox,O2,2,data\substituted_adsorbates\MAT_005_O2_site2_adsorbed.cif,data\substituted_slabs\MAT_005_110_slab.cif,multiple adsorption site structure
MAT_005,Li,0.2,0.8,Ru0.20Li0.80Ox,N2O,0,data\substituted_adsorbates\MAT_005_N2O_site0_adsorbed.cif,data\substituted_slabs\MAT_005_110_slab.cif,multiple adsorption site structure
MAT_005,Li,0.2,0.8,Ru0.20Li0.80Ox,N2O,1,data\substituted_adsorbates\MAT_005_N2O_site1_adsorbed.cif,data\substituted_slabs\MAT_005_110_slab.cif,multiple adsorption site structure
MAT_005,Li,0.2,0.8,Ru0.20Li0.80Ox,N2O,2,data\substituted_adsorbates\MAT_005_N2O_site2_adsorbed.cif,data\substituted_slabs\MAT_005_110_slab.cif,multiple adsorption site structure
MAT_007,Na,0.8,0.1999999999999999,Ru0.80Na0.20Ox,O,0,data\substituted_adsorbates\MAT_007_O_site0_adsorbed.cif,data\substituted_slabs\MAT_007_110_slab.cif,multiple adsorption site structure
MAT_007,Na,0.8,0.1999999999999999,Ru0.80Na0.20Ox,O,1,data\substituted_adsorbates\MAT_007_O_site1_adsorbed.cif,data\substituted_slabs\MAT_007_110_slab.cif,multiple adsorption site structure
MAT_007,Na,0.8,0.1999999999999999,Ru0.80Na0.20Ox,O,2,data\substituted_adsorbates\MAT_007_O_site2_adsorbed.cif,data\substituted_slabs\MAT_007_110_slab.cif,multiple adsorption site structure
MAT_007,Na,0.8,0.1999999999999999,Ru0.80Na0.20Ox,O2,0,data\substituted_adsorbates\MAT_007_O2_site0_adsorbed.cif,data\substituted_slabs\MAT_007_110_slab.cif,multiple adsorption site structure
MAT_007,Na,0.8,0.1999999999999999,Ru0.80Na0.20Ox,O2,1,data\substituted_adsorbates\MAT_007_O2_site1_adsorbed.cif,data\substituted_slabs\MAT_007_110_slab.cif,multiple adsorption site structure
MAT_007,Na,0.8,0.1999999999999999,Ru0.80Na0.20Ox,O2,2,data\substituted_adsorbates\MAT_007_O2_site2_adsorbed.cif,data\substituted_slabs\MAT_007_110_slab.cif,multiple adsorption site structure
MAT_007,Na,0.8,0.1999999999999999,Ru0.80Na0.20Ox,N2O,0,data\substituted_adsorbates\MAT_007_N2O_site0_adsorbed.cif,data\substituted_slabs\MAT_007_110_slab.cif,multiple adsorption site structure
MAT_007,Na,0.8,0.1999999999999999,Ru0.80Na0.20Ox,N2O,1,data\substituted_adsorbates\MAT_007_N2O_site1_adsorbed.cif,data\substituted_slabs\MAT_007_110_slab.cif,multiple adsorption site structure
MAT_007,Na,0.8,0.1999999999999999,Ru0.80Na0.20Ox,N2O,2,data\substituted_adsorbates\MAT_007_N2O_site2_adsorbed.cif,data\substituted_slabs\MAT_007_110_slab.cif,multiple adsorption site structure
MAT_008,Na,0.6,0.4,Ru0.60Na0.40Ox,O,0,data\substituted_adsorbates\MAT_008_O_site0_adsorbed.cif,data\substituted_slabs\MAT_008_110_slab.cif,multiple adsorption site structure
MAT_008,Na,0.6,0.4,Ru0.60Na0.40Ox,O,1,data\substituted_adsorbates\MAT_008_O_site1_adsorbed.cif,data\substituted_slabs\MAT_008_110_slab.cif,multiple adsorption site structure
MAT_008,Na,0.6,0.4,Ru0.60Na0.40Ox,O,2,data\substituted_adsorbates\MAT_008_O_site2_adsorbed.cif,data\substituted_slabs\MAT_008_110_slab.cif,multiple adsorption site structure
MAT_008,Na,0.6,0.4,Ru0.60Na0.40Ox,O2,0,data\substituted_adsorbates\MAT_008_O2_site0_adsorbed.cif,data\substituted_slabs\MAT_008_110_slab.cif,multiple adsorption site structure
MAT_008,Na,0.6,0.4,Ru0.60Na0.40Ox,O2,1,data\substituted_adsorbates\MAT_008_O2_site1_adsorbed.cif,data\substituted_slabs\MAT_008_110_slab.cif,multiple adsorption site structure
MAT_008,Na,0.6,0.4,Ru0.60Na0.40Ox,O2,2,data\substituted_adsorbates\MAT_008_O2_site2_adsorbed.cif,data\substituted_slabs\MAT_008_110_slab.cif,multiple adsorption site structure
MAT_008,Na,0.6,0.4,Ru0.60Na0.40Ox,N2O,0,data\substituted_adsorbates\MAT_008_N2O_site0_adsorbed.cif,data\substituted_slabs\MAT_008_110_slab.cif,multiple adsorption site structure
MAT_008,Na,0.6,0.4,Ru0.60Na0.40Ox,N2O,1,data\substituted_adsorbates\MAT_008_N2O_site1_adsorbed.cif,data\substituted_slabs\MAT_008_110_slab.cif,multiple adsorption site structure
MAT_008,Na,0.6,0.4,Ru0.60Na0.40Ox,N2O,2,data\substituted_adsorbates\MAT_008_N2O_site2_adsorbed.cif,data\substituted_slabs\MAT_008_110_slab.cif,multiple adsorption site structure
MAT_009,Na,0.4,0.6,Ru0.40Na0.60Ox,O,0,data\substituted_adsorbates\MAT_009_O_site0_adsorbed.cif,data\substituted_slabs\MAT_009_110_slab.cif,multiple adsorption site structure
MAT_009,Na,0.4,0.6,Ru0.40Na0.60Ox,O,1,data\substituted_adsorbates\MAT_009_O_site1_adsorbed.cif,data\substituted_slabs\MAT_009_110_slab.cif,multiple adsorption site structure
MAT_009,Na,0.4,0.6,Ru0.40Na0.60Ox,O,2,data\substituted_adsorbates\MAT_009_O_site2_adsorbed.cif,data\substituted_slabs\MAT_009_110_slab.cif,multiple adsorption site structure
MAT_009,Na,0.4,0.6,Ru0.40Na0.60Ox,O2,0,data\substituted_adsorbates\MAT_009_O2_site0_adsorbed.cif,data\substituted_slabs\MAT_009_110_slab.cif,multiple adsorption site structure
MAT_009,Na,0.4,0.6,Ru0.40Na0.60Ox,O2,1,data\substituted_adsorbates\MAT_009_O2_site1_adsorbed.cif,data\substituted_slabs\MAT_009_110_slab.cif,multiple adsorption site structure
MAT_009,Na,0.4,0.6,Ru0.40Na0.60Ox,O2,2,data\substituted_adsorbates\MAT_009_O2_site2_adsorbed.cif,data\substituted_slabs\MAT_009_110_slab.cif,multiple adsorption site structure
MAT_009,Na,0.4,0.6,Ru0.40Na0.60Ox,N2O,0,data\substituted_adsorbates\MAT_009_N2O_site0_adsorbed.cif,data\substituted_slabs\MAT_009_110_slab.cif,multiple adsorption site structure
MAT_009,Na,0.4,0.6,Ru0.40Na0.60Ox,N2O,1,data\substituted_adsorbates\MAT_009_N2O_site1_adsorbed.cif,data\substituted_slabs\MAT_009_110_slab.cif,multiple adsorption site structure
MAT_009,Na,0.4,0.6,Ru0.40Na0.60Ox,N2O,2,data\substituted_adsorbates\MAT_009_N2O_site2_adsorbed.cif,data\substituted_slabs\MAT_009_110_slab.cif,multiple adsorption site structure
MAT_010,Na,0.2,0.8,Ru0.20Na0.80Ox,O,0,data\substituted_adsorbates\MAT_010_O_site0_adsorbed.cif,data\substituted_slabs\MAT_010_110_slab.cif,multiple adsorption site structure
MAT_010,Na,0.2,0.8,Ru0.20Na0.80Ox,O,1,data\substituted_adsorbates\MAT_010_O_site1_adsorbed.cif,data\substituted_slabs\MAT_010_110_slab.cif,multiple adsorption site structure
MAT_010,Na,0.2,0.8,Ru0.20Na0.80Ox,O,2,data\substituted_adsorbates\MAT_010_O_site2_adsorbed.cif,data\substituted_slabs\MAT_010_110_slab.cif,multiple adsorption site structure
MAT_010,Na,0.2,0.8,Ru0.20Na0.80Ox,O2,0,data\substituted_adsorbates\MAT_010_O2_site0_adsorbed.cif,data\substituted_slabs\MAT_010_110_slab.cif,multiple adsorption site structure
MAT_010,Na,0.2,0.8,Ru0.20Na0.80Ox,O2,1,data\substituted_adsorbates\MAT_010_O2_site1_adsorbed.cif,data\substituted_slabs\MAT_010_110_slab.cif,multiple adsorption site structure
MAT_010,Na,0.2,0.8,Ru0.20Na0.80Ox,O2,2,data\substituted_adsorbates\MAT_010_O2_site2_adsorbed.cif,data\substituted_slabs\MAT_010_110_slab.cif,multiple adsorption site structure
MAT_010,Na,0.2,0.8,Ru0.20Na0.80Ox,N2O,0,data\substituted_adsorbates\MAT_010_N2O_site0_adsorbed.cif,data\substituted_slabs\MAT_010_110_slab.cif,multiple adsorption site structure
MAT_010,Na,0.2,0.8,Ru0.20Na0.80Ox,N2O,1,data\substituted_adsorbates\MAT_010_N2O_site1_adsorbed.cif,data\substituted_slabs\MAT_010_110_slab.cif,multiple adsorption site structure
MAT_010,Na,0.2,0.8,Ru0.20Na0.80Ox,N2O,2,data\substituted_adsorbates\MAT_010_N2O_site2_adsorbed.cif,data\substituted_slabs\MAT_010_110_slab.cif,multiple adsorption site structure
MAT_012,Mg,0.8,0.1999999999999999,Ru0.80Mg0.20Ox,O,0,data\substituted_adsorbates\MAT_012_O_site0_adsorbed.cif,data\substituted_slabs\MAT_012_110_slab.cif,multiple adsorption site structure
MAT_012,Mg,0.8,0.1999999999999999,Ru0.80Mg0.20Ox,O,1,data\substituted_adsorbates\MAT_012_O_site1_adsorbed.cif,data\substituted_slabs\MAT_012_110_slab.cif,multiple adsorption site structure
MAT_012,Mg,0.8,0.1999999999999999,Ru0.80Mg0.20Ox,O,2,data\substituted_adsorbates\MAT_012_O_site2_adsorbed.cif,data\substituted_slabs\MAT_012_110_slab.cif,multiple adsorption site structure
MAT_012,Mg,0.8,0.1999999999999999,Ru0.80Mg0.20Ox,O2,0,data\substituted_adsorbates\MAT_012_O2_site0_adsorbed.cif,data\substituted_slabs\MAT_012_110_slab.cif,multiple adsorption site structure
MAT_012,Mg,0.8,0.1999999999999999,Ru0.80Mg0.20Ox,O2,1,data\substituted_adsorbates\MAT_012_O2_site1_adsorbed.cif,data\substituted_slabs\MAT_012_110_slab.cif,multiple adsorption site structure
MAT_012,Mg,0.8,0.1999999999999999,Ru0.80Mg0.20Ox,O2,2,data\substituted_adsorbates\MAT_012_O2_site2_adsorbed.cif,data\substituted_slabs\MAT_012_110_slab.cif,multiple adsorption site structure
MAT_012,Mg,0.8,0.1999999999999999,Ru0.80Mg0.20Ox,N2O,0,data\substituted_adsorbates\MAT_012_N2O_site0_adsorbed.cif,data\substituted_slabs\MAT_012_110_slab.cif,multiple adsorption site structure
MAT_012,Mg,0.8,0.1999999999999999,Ru0.80Mg0.20Ox,N2O,1,data\substituted_adsorbates\MAT_012_N2O_site1_adsorbed.cif,data\substituted_slabs\MAT_012_110_slab.cif,multiple adsorption site structure
MAT_012,Mg,0.8,0.1999999999999999,Ru0.80Mg0.20Ox,N2O,2,data\substituted_adsorbates\MAT_012_N2O_site2_adsorbed.cif,data\substituted_slabs\MAT_012_110_slab.cif,multiple adsorption site structure
MAT_013,Mg,0.6,0.4,Ru0.60Mg0.40Ox,O,0,data\substituted_adsorbates\MAT_013_O_site0_adsorbed.cif,data\substituted_slabs\MAT_013_110_slab.cif,multiple adsorption site structure
MAT_013,Mg,0.6,0.4,Ru0.60Mg0.40Ox,O,1,data\substituted_adsorbates\MAT_013_O_site1_adsorbed.cif,data\substituted_slabs\MAT_013_110_slab.cif,multiple adsorption site structure
MAT_013,Mg,0.6,0.4,Ru0.60Mg0.40Ox,O,2,data\substituted_adsorbates\MAT_013_O_site2_adsorbed.cif,data\substituted_slabs\MAT_013_110_slab.cif,multiple adsorption site structure
MAT_013,Mg,0.6,0.4,Ru0.60Mg0.40Ox,O2,0,data\substituted_adsorbates\MAT_013_O2_site0_adsorbed.cif,data\substituted_slabs\MAT_013_110_slab.cif,multiple adsorption site structure
MAT_013,Mg,0.6,0.4,Ru0.60Mg0.40Ox,O2,1,data\substituted_adsorbates\MAT_013_O2_site1_adsorbed.cif,data\substituted_slabs\MAT_013_110_slab.cif,multiple adsorption site structure
MAT_013,Mg,0.6,0.4,Ru0.60Mg0.40Ox,O2,2,data\substituted_adsorbates\MAT_013_O2_site2_adsorbed.cif,data\substituted_slabs\MAT_013_110_slab.cif,multiple adsorption site structure
MAT_013,Mg,0.6,0.4,Ru0.60Mg0.40Ox,N2O,0,data\substituted_adsorbates\MAT_013_N2O_site0_adsorbed.cif,data\substituted_slabs\MAT_013_110_slab.cif,multiple adsorption site structure
MAT_013,Mg,0.6,0.4,Ru0.60Mg0.40Ox,N2O,1,data\substituted_adsorbates\MAT_013_N2O_site1_adsorbed.cif,data\substituted_slabs\MAT_013_110_slab.cif,multiple adsorption site structure
MAT_013,Mg,0.6,0.4,Ru0.60Mg0.40Ox,N2O,2,data\substituted_adsorbates\MAT_013_N2O_site2_adsorbed.cif,data\substituted_slabs\MAT_013_110_slab.cif,multiple adsorption site structure
MAT_014,Mg,0.4,0.6,Ru0.40Mg0.60Ox,O,0,data\substituted_adsorbates\MAT_014_O_site0_adsorbed.cif,data\substituted_slabs\MAT_014_110_slab.cif,multiple adsorption site structure
MAT_014,Mg,0.4,0.6,Ru0.40Mg0.60Ox,O,1,data\substituted_adsorbates\MAT_014_O_site1_adsorbed.cif,data\substituted_slabs\MAT_014_110_slab.cif,multiple adsorption site structure
MAT_014,Mg,0.4,0.6,Ru0.40Mg0.60Ox,O,2,data\substituted_adsorbates\MAT_014_O_site2_adsorbed.cif,data\substituted_slabs\MAT_014_110_slab.cif,multiple adsorption site structure
MAT_014,Mg,0.4,0.6,Ru0.40Mg0.60Ox,O2,0,data\substituted_adsorbates\MAT_014_O2_site0_adsorbed.cif,data\substituted_slabs\MAT_014_110_slab.cif,multiple adsorption site structure
MAT_014,Mg,0.4,0.6,Ru0.40Mg0.60Ox,O2,1,data\substituted_adsorbates\MAT_014_O2_site1_adsorbed.cif,data\substituted_slabs\MAT_014_110_slab.cif,multiple adsorption site structure
MAT_014,Mg,0.4,0.6,Ru0.40Mg0.60Ox,O2,2,data\substituted_adsorbates\MAT_014_O2_site2_adsorbed.cif,data\substituted_slabs\MAT_014_110_slab.cif,multiple adsorption site structure
MAT_014,Mg,0.4,0.6,Ru0.40Mg0.60Ox,N2O,0,data\substituted_adsorbates\MAT_014_N2O_site0_adsorbed.cif,data\substituted_slabs\MAT_014_110_slab.cif,multiple adsorption site structure
MAT_014,Mg,0.4,0.6,Ru0.40Mg0.60Ox,N2O,1,data\substituted_adsorbates\MAT_014_N2O_site1_adsorbed.cif,data\substituted_slabs\MAT_014_110_slab.cif,multiple adsorption site structure
MAT_014,Mg,0.4,0.6,Ru0.40Mg0.60Ox,N2O,2,data\substituted_adsorbates\MAT_014_N2O_site2_adsorbed.cif,data\substituted_slabs\MAT_014_110_slab.cif,multiple adsorption site structure
MAT_015,Mg,0.2,0.8,Ru0.20Mg0.80Ox,O,0,data\substituted_adsorbates\MAT_015_O_site0_adsorbed.cif,data\substituted_slabs\MAT_015_110_slab.cif,multiple adsorption site structure
MAT_015,Mg,0.2,0.8,Ru0.20Mg0.80Ox,O,1,data\substituted_adsorbates\MAT_015_O_site1_adsorbed.cif,data\substituted_slabs\MAT_015_110_slab.cif,multiple adsorption site structure
MAT_015,Mg,0.2,0.8,Ru0.20Mg0.80Ox,O,2,data\substituted_adsorbates\MAT_015_O_site2_adsorbed.cif,data\substituted_slabs\MAT_015_110_slab.cif,multiple adsorption site structure
MAT_015,Mg,0.2,0.8,Ru0.20Mg0.80Ox,O2,0,data\substituted_adsorbates\MAT_015_O2_site0_adsorbed.cif,data\substituted_slabs\MAT_015_110_slab.cif,multiple adsorption site structure
MAT_015,Mg,0.2,0.8,Ru0.20Mg0.80Ox,O2,1,data\substituted_adsorbates\MAT_015_O2_site1_adsorbed.cif,data\substituted_slabs\MAT_015_110_slab.cif,multiple adsorption site structure
MAT_015,Mg,0.2,0.8,Ru0.20Mg0.80Ox,O2,2,data\substituted_adsorbates\MAT_015_O2_site2_adsorbed.cif,data\substituted_slabs\MAT_015_110_slab.cif,multiple adsorption site structure
MAT_015,Mg,0.2,0.8,Ru0.20Mg0.80Ox,N2O,0,data\substituted_adsorbates\MAT_015_N2O_site0_adsorbed.cif,data\substituted_slabs\MAT_015_110_slab.cif,multiple adsorption site structure
MAT_015,Mg,0.2,0.8,Ru0.20Mg0.80Ox,N2O,1,data\substituted_adsorbates\MAT_015_N2O_site1_adsorbed.cif,data\substituted_slabs\MAT_015_110_slab.cif,multiple adsorption site structure
MAT_015,Mg,0.2,0.8,Ru0.20Mg0.80Ox,N2O,2,data\substituted_adsorbates\MAT_015_N2O_site2_adsorbed.cif,data\substituted_slabs\MAT_015_110_slab.cif,multiple adsorption site structure
MAT_017,Al,0.8,0.1999999999999999,Ru0.80Al0.20Ox,O,0,data\substituted_adsorbates\MAT_017_O_site0_adsorbed.cif,data\substituted_slabs\MAT_017_110_slab.cif,multiple adsorption site structure
MAT_017,Al,0.8,0.1999999999999999,Ru0.80Al0.20Ox,O,1,data\substituted_adsorbates\MAT_017_O_site1_adsorbed.cif,data\substituted_slabs\MAT_017_110_slab.cif,multiple adsorption site structure
MAT_017,Al,0.8,0.1999999999999999,Ru0.80Al0.20Ox,O,2,data\substituted_adsorbates\MAT_017_O_site2_adsorbed.cif,data\substituted_slabs\MAT_017_110_slab.cif,multiple adsorption site structure
MAT_017,Al,0.8,0.1999999999999999,Ru0.80Al0.20Ox,O2,0,data\substituted_adsorbates\MAT_017_O2_site0_adsorbed.cif,data\substituted_slabs\MAT_017_110_slab.cif,multiple adsorption site structure
MAT_017,Al,0.8,0.1999999999999999,Ru0.80Al0.20Ox,O2,1,data\substituted_adsorbates\MAT_017_O2_site1_adsorbed.cif,data\substituted_slabs\MAT_017_110_slab.cif,multiple adsorption site structure
MAT_017,Al,0.8,0.1999999999999999,Ru0.80Al0.20Ox,O2,2,data\substituted_adsorbates\MAT_017_O2_site2_adsorbed.cif,data\substituted_slabs\MAT_017_110_slab.cif,multiple adsorption site structure
MAT_017,Al,0.8,0.1999999999999999,Ru0.80Al0.20Ox,N2O,0,data\substituted_adsorbates\MAT_017_N2O_site0_adsorbed.cif,data\substituted_slabs\MAT_017_110_slab.cif,multiple adsorption site structure
MAT_017,Al,0.8,0.1999999999999999,Ru0.80Al0.20Ox,N2O,1,data\substituted_adsorbates\MAT_017_N2O_site1_adsorbed.cif,data\substituted_slabs\MAT_017_110_slab.cif,multiple adsorption site structure
MAT_017,Al,0.8,0.1999999999999999,Ru0.80Al0.20Ox,N2O,2,data\substituted_adsorbates\MAT_017_N2O_site2_adsorbed.cif,data\substituted_slabs\MAT_017_110_slab.cif,multiple adsorption site structure
MAT_018,Al,0.6,0.4,Ru0.60Al0.40Ox,O,0,data\substituted_adsorbates\MAT_018_O_site0_adsorbed.cif,data\substituted_slabs\MAT_018_110_slab.cif,multiple adsorption site structure
MAT_018,Al,0.6,0.4,Ru0.60Al0.40Ox,O,1,data\substituted_adsorbates\MAT_018_O_site1_adsorbed.cif,data\substituted_slabs\MAT_018_110_slab.cif,multiple adsorption site structure
MAT_018,Al,0.6,0.4,Ru0.60Al0.40Ox,O,2,data\substituted_adsorbates\MAT_018_O_site2_adsorbed.cif,data\substituted_slabs\MAT_018_110_slab.cif,multiple adsorption site structure
MAT_018,Al,0.6,0.4,Ru0.60Al0.40Ox,O2,0,data\substituted_adsorbates\MAT_018_O2_site0_adsorbed.cif,data\substituted_slabs\MAT_018_110_slab.cif,multiple adsorption site structure
MAT_018,Al,0.6,0.4,Ru0.60Al0.40Ox,O2,1,data\substituted_adsorbates\MAT_018_O2_site1_adsorbed.cif,data\substituted_slabs\MAT_018_110_slab.cif,multiple adsorption site structure
MAT_018,Al,0.6,0.4,Ru0.60Al0.40Ox,O2,2,data\substituted_adsorbates\MAT_018_O2_site2_adsorbed.cif,data\substituted_slabs\MAT_018_110_slab.cif,multiple adsorption site structure
MAT_018,Al,0.6,0.4,Ru0.60Al0.40Ox,N2O,0,data\substituted_adsorbates\MAT_018_N2O_site0_adsorbed.cif,data\substituted_slabs\MAT_018_110_slab.cif,multiple adsorption site structure
MAT_018,Al,0.6,0.4,Ru0.60Al0.40Ox,N2O,1,data\substituted_adsorbates\MAT_018_N2O_site1_adsorbed.cif,data\substituted_slabs\MAT_018_110_slab.cif,multiple adsorption site structure
MAT_018,Al,0.6,0.4,Ru0.60Al0.40Ox,N2O,2,data\substituted_adsorbates\MAT_018_N2O_site2_adsorbed.cif,data\substituted_slabs\MAT_018_110_slab.cif,multiple adsorption site structure
MAT_019,Al,0.4,0.6,Ru0.40Al0.60Ox,O,0,data\substituted_adsorbates\MAT_019_O_site0_adsorbed.cif,data\substituted_slabs\MAT_019_110_slab.cif,multiple adsorption site structure
MAT_019,Al,0.4,0.6,Ru0.40Al0.60Ox,O,1,data\substituted_adsorbates\MAT_019_O_site1_adsorbed.cif,data\substituted_slabs\MAT_019_110_slab.cif,multiple adsorption site structure
MAT_019,Al,0.4,0.6,Ru0.40Al0.60Ox,O,2,data\substituted_adsorbates\MAT_019_O_site2_adsorbed.cif,data\substituted_slabs\MAT_019_110_slab.cif,multiple adsorption site structure
MAT_019,Al,0.4,0.6,Ru0.40Al0.60Ox,O2,0,data\substituted_adsorbates\MAT_019_O2_site0_adsorbed.cif,data\substituted_slabs\MAT_019_110_slab.cif,multiple adsorption site structure
MAT_019,Al,0.4,0.6,Ru0.40Al0.60Ox,O2,1,data\substituted_adsorbates\MAT_019_O2_site1_adsorbed.cif,data\substituted_slabs\MAT_019_110_slab.cif,multiple adsorption site structure
MAT_019,Al,0.4,0.6,Ru0.40Al0.60Ox,O2,2,data\substituted_adsorbates\MAT_019_O2_site2_adsorbed.cif,data\substituted_slabs\MAT_019_110_slab.cif,multiple adsorption site structure
MAT_019,Al,0.4,0.6,Ru0.40Al0.60Ox,N2O,0,data\substituted_adsorbates\MAT_019_N2O_site0_adsorbed.cif,data\substituted_slabs\MAT_019_110_slab.cif,multiple adsorption site structure
MAT_019,Al,0.4,0.6,Ru0.40Al0.60Ox,N2O,1,data\substituted_adsorbates\MAT_019_N2O_site1_adsorbed.cif,data\substituted_slabs\MAT_019_110_slab.cif,multiple adsorption site structure
MAT_019,Al,0.4,0.6,Ru0.40Al0.60Ox,N2O,2,data\substituted_adsorbates\MAT_019_N2O_site2_adsorbed.cif,data\substituted_slabs\MAT_019_110_slab.cif,multiple adsorption site structure
MAT_020,Al,0.2,0.8,Ru0.20Al0.80Ox,O,0,data\substituted_adsorbates\MAT_020_O_site0_adsorbed.cif,data\substituted_slabs\MAT_020_110_slab.cif,multiple adsorption site structure
MAT_020,Al,0.2,0.8,Ru0.20Al0.80Ox,O,1,data\substituted_adsorbates\MAT_020_O_site1_adsorbed.cif,data\substituted_slabs\MAT_020_110_slab.cif,multiple adsorption site structure
MAT_020,Al,0.2,0.8,Ru0.20Al0.80Ox,O,2,data\substituted_adsorbates\MAT_020_O_site2_adsorbed.cif,data\substituted_slabs\MAT_020_110_slab.cif,multiple adsorption site structure
MAT_020,Al,0.2,0.8,Ru0.20Al0.80Ox,O2,0,data\substituted_adsorbates\MAT_020_O2_site0_adsorbed.cif,data\substituted_slabs\MAT_020_110_slab.cif,multiple adsorption site structure
MAT_020,Al,0.2,0.8,Ru0.20Al0.80Ox,O2,1,data\substituted_adsorbates\MAT_020_O2_site1_adsorbed.cif,data\substituted_slabs\MAT_020_110_slab.cif,multiple adsorption site structure
MAT_020,Al,0.2,0.8,Ru0.20Al0.80Ox,O2,2,data\substituted_adsorbates\MAT_020_O2_site2_adsorbed.cif,data\substituted_slabs\MAT_020_110_slab.cif,multiple adsorption site structure
MAT_020,Al,0.2,0.8,Ru0.20Al0.80Ox,N2O,0,data\substituted_adsorbates\MAT_020_N2O_site0_adsorbed.cif,data\substituted_slabs\MAT_020_110_slab.cif,multiple adsorption site structure
MAT_020,Al,0.2,0.8,Ru0.20Al0.80Ox,N2O,1,data\substituted_adsorbates\MAT_020_N2O_site1_adsorbed.cif,data\substituted_slabs\MAT_020_110_slab.cif,multiple adsorption site structure
MAT_020,Al,0.2,0.8,Ru0.20Al0.80Ox,N2O,2,data\substituted_adsorbates\MAT_020_N2O_site2_adsorbed.cif,data\substituted_slabs\MAT_020_110_slab.cif,multiple adsorption site structure
MAT_022,Si,0.8,0.1999999999999999,Ru0.80Si0.20Ox,O,0,data\substituted_adsorbates\MAT_022_O_site0_adsorbed.cif,data\substituted_slabs\MAT_022_110_slab.cif,multiple adsorption site structure
MAT_022,Si,0.8,0.1999999999999999,Ru0.80Si0.20Ox,O,1,data\substituted_adsorbates\MAT_022_O_site1_adsorbed.cif,data\substituted_slabs\MAT_022_110_slab.cif,multiple adsorption site structure
MAT_022,Si,0.8,0.1999999999999999,Ru0.80Si0.20Ox,O,2,data\substituted_adsorbates\MAT_022_O_site2_adsorbed.cif,data\substituted_slabs\MAT_022_110_slab.cif,multiple adsorption site structure
MAT_022,Si,0.8,0.1999999999999999,Ru0.80Si0.20Ox,O2,0,data\substituted_adsorbates\MAT_022_O2_site0_adsorbed.cif,data\substituted_slabs\MAT_022_110_slab.cif,multiple adsorption site structure
MAT_022,Si,0.8,0.1999999999999999,Ru0.80Si0.20Ox,O2,1,data\substituted_adsorbates\MAT_022_O2_site1_adsorbed.cif,data\substituted_slabs\MAT_022_110_slab.cif,multiple adsorption site structure
MAT_022,Si,0.8,0.1999999999999999,Ru0.80Si0.20Ox,O2,2,data\substituted_adsorbates\MAT_022_O2_site2_adsorbed.cif,data\substituted_slabs\MAT_022_110_slab.cif,multiple adsorption site structure
MAT_022,Si,0.8,0.1999999999999999,Ru0.80Si0.20Ox,N2O,0,data\substituted_adsorbates\MAT_022_N2O_site0_adsorbed.cif,data\substituted_slabs\MAT_022_110_slab.cif,multiple adsorption site structure
MAT_022,Si,0.8,0.1999999999999999,Ru0.80Si0.20Ox,N2O,1,data\substituted_adsorbates\MAT_022_N2O_site1_adsorbed.cif,data\substituted_slabs\MAT_022_110_slab.cif,multiple adsorption site structure
MAT_022,Si,0.8,0.1999999999999999,Ru0.80Si0.20Ox,N2O,2,data\substituted_adsorbates\MAT_022_N2O_site2_adsorbed.cif,data\substituted_slabs\MAT_022_110_slab.cif,multiple adsorption site structure
MAT_023,Si,0.6,0.4,Ru0.60Si0.40Ox,O,0,data\substituted_adsorbates\MAT_023_O_site0_adsorbed.cif,data\substituted_slabs\MAT_023_110_slab.cif,multiple adsorption site structure
MAT_023,Si,0.6,0.4,Ru0.60Si0.40Ox,O,1,data\substituted_adsorbates\MAT_023_O_site1_adsorbed.cif,data\substituted_slabs\MAT_023_110_slab.cif,multiple adsorption site structure
MAT_023,Si,0.6,0.4,Ru0.60Si0.40Ox,O,2,data\substituted_adsorbates\MAT_023_O_site2_adsorbed.cif,data\substituted_slabs\MAT_023_110_slab.cif,multiple adsorption site structure
MAT_023,Si,0.6,0.4,Ru0.60Si0.40Ox,O2,0,data\substituted_adsorbates\MAT_023_O2_site0_adsorbed.cif,data\substituted_slabs\MAT_023_110_slab.cif,multiple adsorption site structure
MAT_023,Si,0.6,0.4,Ru0.60Si0.40Ox,O2,1,data\substituted_adsorbates\MAT_023_O2_site1_adsorbed.cif,data\substituted_slabs\MAT_023_110_slab.cif,multiple adsorption site structure
MAT_023,Si,0.6,0.4,Ru0.60Si0.40Ox,O2,2,data\substituted_adsorbates\MAT_023_O2_site2_adsorbed.cif,data\substituted_slabs\MAT_023_110_slab.cif,multiple adsorption site structure
MAT_023,Si,0.6,0.4,Ru0.60Si0.40Ox,N2O,0,data\substituted_adsorbates\MAT_023_N2O_site0_adsorbed.cif,data\substituted_slabs\MAT_023_110_slab.cif,multiple adsorption site structure
MAT_023,Si,0.6,0.4,Ru0.60Si0.40Ox,N2O,1,data\substituted_adsorbates\MAT_023_N2O_site1_adsorbed.cif,data\substituted_slabs\MAT_023_110_slab.cif,multiple adsorption site structure
MAT_023,Si,0.6,0.4,Ru0.60Si0.40Ox,N2O,2,data\substituted_adsorbates\MAT_023_N2O_site2_adsorbed.cif,data\substituted_slabs\MAT_023_110_slab.cif,multiple adsorption site structure
MAT_024,Si,0.4,0.6,Ru0.40Si0.60Ox,O,0,data\substituted_adsorbates\MAT_024_O_site0_adsorbed.cif,data\substituted_slabs\MAT_024_110_slab.cif,multiple adsorption site structure
MAT_024,Si,0.4,0.6,Ru0.40Si0.60Ox,O,1,data\substituted_adsorbates\MAT_024_O_site1_adsorbed.cif,data\substituted_slabs\MAT_024_110_slab.cif,multiple adsorption site structure
MAT_024,Si,0.4,0.6,Ru0.40Si0.60Ox,O,2,data\substituted_adsorbates\MAT_024_O_site2_adsorbed.cif,data\substituted_slabs\MAT_024_110_slab.cif,multiple adsorption site structure
MAT_024,Si,0.4,0.6,Ru0.40Si0.60Ox,O2,0,data\substituted_adsorbates\MAT_024_O2_site0_adsorbed.cif,data\substituted_slabs\MAT_024_110_slab.cif,multiple adsorption site structure
MAT_024,Si,0.4,0.6,Ru0.40Si0.60Ox,O2,1,data\substituted_adsorbates\MAT_024_O2_site1_adsorbed.cif,data\substituted_slabs\MAT_024_110_slab.cif,multiple adsorption site structure
MAT_024,Si,0.4,0.6,Ru0.40Si0.60Ox,O2,2,data\substituted_adsorbates\MAT_024_O2_site2_adsorbed.cif,data\substituted_slabs\MAT_024_110_slab.cif,multiple adsorption site structure
MAT_024,Si,0.4,0.6,Ru0.40Si0.60Ox,N2O,0,data\substituted_adsorbates\MAT_024_N2O_site0_adsorbed.cif,data\substituted_slabs\MAT_024_110_slab.cif,multiple adsorption site structure
MAT_024,Si,0.4,0.6,Ru0.40Si0.60Ox,N2O,1,data\substituted_adsorbates\MAT_024_N2O_site1_adsorbed.cif,data\substituted_slabs\MAT_024_110_slab.cif,multiple adsorption site structure
MAT_024,Si,0.4,0.6,Ru0.40Si0.60Ox,N2O,2,data\substituted_adsorbates\MAT_024_N2O_site2_adsorbed.cif,data\substituted_slabs\MAT_024_110_slab.cif,multiple adsorption site structure
MAT_025,Si,0.2,0.8,Ru0.20Si0.80Ox,O,0,data\substituted_adsorbates\MAT_025_O_site0_adsorbed.cif,data\substituted_slabs\MAT_025_110_slab.cif,multiple adsorption site structure
MAT_025,Si,0.2,0.8,Ru0.20Si0.80Ox,O,1,data\substituted_adsorbates\MAT_025_O_site1_adsorbed.cif,data\substituted_slabs\MAT_025_110_slab.cif,multiple adsorption site structure
MAT_025,Si,0.2,0.8,Ru0.20Si0.80Ox,O,2,data\substituted_adsorbates\MAT_025_O_site2_adsorbed.cif,data\substituted_slabs\MAT_025_110_slab.cif,multiple adsorption site structure
MAT_025,Si,0.2,0.8,Ru0.20Si0.80Ox,O2,0,data\substituted_adsorbates\MAT_025_O2_site0_adsorbed.cif,data\substituted_slabs\MAT_025_110_slab.cif,multiple adsorption site structure
MAT_025,Si,0.2,0.8,Ru0.20Si0.80Ox,O2,1,data\substituted_adsorbates\MAT_025_O2_site1_adsorbed.cif,data\substituted_slabs\MAT_025_110_slab.cif,multiple adsorption site structure
MAT_025,Si,0.2,0.8,Ru0.20Si0.80Ox,O2,2,data\substituted_adsorbates\MAT_025_O2_site2_adsorbed.cif,data\substituted_slabs\MAT_025_110_slab.cif,multiple adsorption site structure
MAT_025,Si,0.2,0.8,Ru0.20Si0.80Ox,N2O,0,data\substituted_adsorbates\MAT_025_N2O_site0_adsorbed.cif,data\substituted_slabs\MAT_025_110_slab.cif,multiple adsorption site structure
MAT_025,Si,0.2,0.8,Ru0.20Si0.80Ox,N2O,1,data\substituted_adsorbates\MAT_025_N2O_site1_adsorbed.cif,data\substituted_slabs\MAT_025_110_slab.cif,multiple adsorption site structure
MAT_025,Si,0.2,0.8,Ru0.20Si0.80Ox,N2O,2,data\substituted_adsorbates\MAT_025_N2O_site2_adsorbed.cif,data\substituted_slabs\MAT_025_110_slab.cif,multiple adsorption site structure
MAT_027,K,0.8,0.1999999999999999,Ru0.80K0.20Ox,O,0,data\substituted_adsorbates\MAT_027_O_site0_adsorbed.cif,data\substituted_slabs\MAT_027_110_slab.cif,multiple adsorption site structure
MAT_027,K,0.8,0.1999999999999999,Ru0.80K0.20Ox,O,1,data\substituted_adsorbates\MAT_027_O_site1_adsorbed.cif,data\substituted_slabs\MAT_027_110_slab.cif,multiple adsorption site structure
MAT_027,K,0.8,0.1999999999999999,Ru0.80K0.20Ox,O,2,data\substituted_adsorbates\MAT_027_O_site2_adsorbed.cif,data\substituted_slabs\MAT_027_110_slab.cif,multiple adsorption site structure
MAT_027,K,0.8,0.1999999999999999,Ru0.80K0.20Ox,O2,0,data\substituted_adsorbates\MAT_027_O2_site0_adsorbed.cif,data\substituted_slabs\MAT_027_110_slab.cif,multiple adsorption site structure
MAT_027,K,0.8,0.1999999999999999,Ru0.80K0.20Ox,O2,1,data\substituted_adsorbates\MAT_027_O2_site1_adsorbed.cif,data\substituted_slabs\MAT_027_110_slab.cif,multiple adsorption site structure
MAT_027,K,0.8,0.1999999999999999,Ru0.80K0.20Ox,O2,2,data\substituted_adsorbates\MAT_027_O2_site2_adsorbed.cif,data\substituted_slabs\MAT_027_110_slab.cif,multiple adsorption site structure
MAT_027,K,0.8,0.1999999999999999,Ru0.80K0.20Ox,N2O,0,data\substituted_adsorbates\MAT_027_N2O_site0_adsorbed.cif,data\substituted_slabs\MAT_027_110_slab.cif,multiple adsorption site structure
MAT_027,K,0.8,0.1999999999999999,Ru0.80K0.20Ox,N2O,1,data\substituted_adsorbates\MAT_027_N2O_site1_adsorbed.cif,data\substituted_slabs\MAT_027_110_slab.cif,multiple adsorption site structure
MAT_027,K,0.8,0.1999999999999999,Ru0.80K0.20Ox,N2O,2,data\substituted_adsorbates\MAT_027_N2O_site2_adsorbed.cif,data\substituted_slabs\MAT_027_110_slab.cif,multiple adsorption site structure
MAT_028,K,0.6,0.4,Ru0.60K0.40Ox,O,0,data\substituted_adsorbates\MAT_028_O_site0_adsorbed.cif,data\substituted_slabs\MAT_028_110_slab.cif,multiple adsorption site structure
MAT_028,K,0.6,0.4,Ru0.60K0.40Ox,O,1,data\substituted_adsorbates\MAT_028_O_site1_adsorbed.cif,data\substituted_slabs\MAT_028_110_slab.cif,multiple adsorption site structure
MAT_028,K,0.6,0.4,Ru0.60K0.40Ox,O,2,data\substituted_adsorbates\MAT_028_O_site2_adsorbed.cif,data\substituted_slabs\MAT_028_110_slab.cif,multiple adsorption site structure
MAT_028,K,0.6,0.4,Ru0.60K0.40Ox,O2,0,data\substituted_adsorbates\MAT_028_O2_site0_adsorbed.cif,data\substituted_slabs\MAT_028_110_slab.cif,multiple adsorption site structure
MAT_028,K,0.6,0.4,Ru0.60K0.40Ox,O2,1,data\substituted_adsorbates\MAT_028_O2_site1_adsorbed.cif,data\substituted_slabs\MAT_028_110_slab.cif,multiple adsorption site structure
MAT_028,K,0.6,0.4,Ru0.60K0.40Ox,O2,2,data\substituted_adsorbates\MAT_028_O2_site2_adsorbed.cif,data\substituted_slabs\MAT_028_110_slab.cif,multiple adsorption site structure
MAT_028,K,0.6,0.4,Ru0.60K0.40Ox,N2O,0,data\substituted_adsorbates\MAT_028_N2O_site0_adsorbed.cif,data\substituted_slabs\MAT_028_110_slab.cif,multiple adsorption site structure
MAT_028,K,0.6,0.4,Ru0.60K0.40Ox,N2O,1,data\substituted_adsorbates\MAT_028_N2O_site1_adsorbed.cif,data\substituted_slabs\MAT_028_110_slab.cif,multiple adsorption site structure
MAT_028,K,0.6,0.4,Ru0.60K0.40Ox,N2O,2,data\substituted_adsorbates\MAT_028_N2O_site2_adsorbed.cif,data\substituted_slabs\MAT_028_110_slab.cif,multiple adsorption site structure
MAT_029,K,0.4,0.6,Ru0.40K0.60Ox,O,0,data\substituted_adsorbates\MAT_029_O_site0_adsorbed.cif,data\substituted_slabs\MAT_029_110_slab.cif,multiple adsorption site structure
MAT_029,K,0.4,0.6,Ru0.40K0.60Ox,O,1,data\substituted_adsorbates\MAT_029_O_site1_adsorbed.cif,data\substituted_slabs\MAT_029_110_slab.cif,multiple adsorption site structure
MAT_029,K,0.4,0.6,Ru0.40K0.60Ox,O,2,data\substituted_adsorbates\MAT_029_O_site2_adsorbed.cif,data\substituted_slabs\MAT_029_110_slab.cif,multiple adsorption site structure
MAT_029,K,0.4,0.6,Ru0.40K0.60Ox,O2,0,data\substituted_adsorbates\MAT_029_O2_site0_adsorbed.cif,data\substituted_slabs\MAT_029_110_slab.cif,multiple adsorption site structure
MAT_029,K,0.4,0.6,Ru0.40K0.60Ox,O2,1,data\substituted_adsorbates\MAT_029_O2_site1_adsorbed.cif,data\substituted_slabs\MAT_029_110_slab.cif,multiple adsorption site structure
MAT_029,K,0.4,0.6,Ru0.40K0.60Ox,O2,2,data\substituted_adsorbates\MAT_029_O2_site2_adsorbed.cif,data\substituted_slabs\MAT_029_110_slab.cif,multiple adsorption site structure
MAT_029,K,0.4,0.6,Ru0.40K0.60Ox,N2O,0,data\substituted_adsorbates\MAT_029_N2O_site0_adsorbed.cif,data\substituted_slabs\MAT_029_110_slab.cif,multiple adsorption site structure
MAT_029,K,0.4,0.6,Ru0.40K0.60Ox,N2O,1,data\substituted_adsorbates\MAT_029_N2O_site1_adsorbed.cif,data\substituted_slabs\MAT_029_110_slab.cif,multiple adsorption site structure
MAT_029,K,0.4,0.6,Ru0.40K0.60Ox,N2O,2,data\substituted_adsorbates\MAT_029_N2O_site2_adsorbed.cif,data\substituted_slabs\MAT_029_110_slab.cif,multiple adsorption site structure
MAT_030,K,0.2,0.8,Ru0.20K0.80Ox,O,0,data\substituted_adsorbates\MAT_030_O_site0_adsorbed.cif,data\substituted_slabs\MAT_030_110_slab.cif,multiple adsorption site structure
MAT_030,K,0.2,0.8,Ru0.20K0.80Ox,O,1,data\substituted_adsorbates\MAT_030_O_site1_adsorbed.cif,data\substituted_slabs\MAT_030_110_slab.cif,multiple adsorption site structure
MAT_030,K,0.2,0.8,Ru0.20K0.80Ox,O,2,data\substituted_adsorbates\MAT_030_O_site2_adsorbed.cif,data\substituted_slabs\MAT_030_110_slab.cif,multiple adsorption site structure
MAT_030,K,0.2,0.8,Ru0.20K0.80Ox,O2,0,data\substituted_adsorbates\MAT_030_O2_site0_adsorbed.cif,data\substituted_slabs\MAT_030_110_slab.cif,multiple adsorption site structure
MAT_030,K,0.2,0.8,Ru0.20K0.80Ox,O2,1,data\substituted_adsorbates\MAT_030_O2_site1_adsorbed.cif,data\substituted_slabs\MAT_030_110_slab.cif,multiple adsorption site structure
MAT_030,K,0.2,0.8,Ru0.20K0.80Ox,O2,2,data\substituted_adsorbates\MAT_030_O2_site2_adsorbed.cif,data\substituted_slabs\MAT_030_110_slab.cif,multiple adsorption site structure
MAT_030,K,0.2,0.8,Ru0.20K0.80Ox,N2O,0,data\substituted_adsorbates\MAT_030_N2O_site0_adsorbed.cif,data\substituted_slabs\MAT_030_110_slab.cif,multiple adsorption site structure
MAT_030,K,0.2,0.8,Ru0.20K0.80Ox,N2O,1,data\substituted_adsorbates\MAT_030_N2O_site1_adsorbed.cif,data\substituted_slabs\MAT_030_110_slab.cif,multiple adsorption site structure
MAT_030,K,0.2,0.8,Ru0.20K0.80Ox,N2O,2,data\substituted_adsorbates\MAT_030_N2O_site2_adsorbed.cif,data\substituted_slabs\MAT_030_110_slab.cif,multiple adsorption site structure
MAT_032,Ca,0.8,0.1999999999999999,Ru0.80Ca0.20Ox,O,0,data\substituted_adsorbates\MAT_032_O_site0_adsorbed.cif,data\substituted_slabs\MAT_032_110_slab.cif,multiple adsorption site structure
MAT_032,Ca,0.8,0.1999999999999999,Ru0.80Ca0.20Ox,O,1,data\substituted_adsorbates\MAT_032_O_site1_adsorbed.cif,data\substituted_slabs\MAT_032_110_slab.cif,multiple adsorption site structure
MAT_032,Ca,0.8,0.1999999999999999,Ru0.80Ca0.20Ox,O,2,data\substituted_adsorbates\MAT_032_O_site2_adsorbed.cif,data\substituted_slabs\MAT_032_110_slab.cif,multiple adsorption site structure
MAT_032,Ca,0.8,0.1999999999999999,Ru0.80Ca0.20Ox,O2,0,data\substituted_adsorbates\MAT_032_O2_site0_adsorbed.cif,data\substituted_slabs\MAT_032_110_slab.cif,multiple adsorption site structure
MAT_032,Ca,0.8,0.1999999999999999,Ru0.80Ca0.20Ox,O2,1,data\substituted_adsorbates\MAT_032_O2_site1_adsorbed.cif,data\substituted_slabs\MAT_032_110_slab.cif,multiple adsorption site structure
MAT_032,Ca,0.8,0.1999999999999999,Ru0.80Ca0.20Ox,O2,2,data\substituted_adsorbates\MAT_032_O2_site2_adsorbed.cif,data\substituted_slabs\MAT_032_110_slab.cif,multiple adsorption site structure
MAT_032,Ca,0.8,0.1999999999999999,Ru0.80Ca0.20Ox,N2O,0,data\substituted_adsorbates\MAT_032_N2O_site0_adsorbed.cif,data\substituted_slabs\MAT_032_110_slab.cif,multiple adsorption site structure
MAT_032,Ca,0.8,0.1999999999999999,Ru0.80Ca0.20Ox,N2O,1,data\substituted_adsorbates\MAT_032_N2O_site1_adsorbed.cif,data\substituted_slabs\MAT_032_110_slab.cif,multiple adsorption site structure
MAT_032,Ca,0.8,0.1999999999999999,Ru0.80Ca0.20Ox,N2O,2,data\substituted_adsorbates\MAT_032_N2O_site2_adsorbed.cif,data\substituted_slabs\MAT_032_110_slab.cif,multiple adsorption site structure
MAT_033,Ca,0.6,0.4,Ru0.60Ca0.40Ox,O,0,data\substituted_adsorbates\MAT_033_O_site0_adsorbed.cif,data\substituted_slabs\MAT_033_110_slab.cif,multiple adsorption site structure
MAT_033,Ca,0.6,0.4,Ru0.60Ca0.40Ox,O,1,data\substituted_adsorbates\MAT_033_O_site1_adsorbed.cif,data\substituted_slabs\MAT_033_110_slab.cif,multiple adsorption site structure
MAT_033,Ca,0.6,0.4,Ru0.60Ca0.40Ox,O,2,data\substituted_adsorbates\MAT_033_O_site2_adsorbed.cif,data\substituted_slabs\MAT_033_110_slab.cif,multiple adsorption site structure
MAT_033,Ca,0.6,0.4,Ru0.60Ca0.40Ox,O2,0,data\substituted_adsorbates\MAT_033_O2_site0_adsorbed.cif,data\substituted_slabs\MAT_033_110_slab.cif,multiple adsorption site structure
MAT_033,Ca,0.6,0.4,Ru0.60Ca0.40Ox,O2,1,data\substituted_adsorbates\MAT_033_O2_site1_adsorbed.cif,data\substituted_slabs\MAT_033_110_slab.cif,multiple adsorption site structure
MAT_033,Ca,0.6,0.4,Ru0.60Ca0.40Ox,O2,2,data\substituted_adsorbates\MAT_033_O2_site2_adsorbed.cif,data\substituted_slabs\MAT_033_110_slab.cif,multiple adsorption site structure
MAT_033,Ca,0.6,0.4,Ru0.60Ca0.40Ox,N2O,0,data\substituted_adsorbates\MAT_033_N2O_site0_adsorbed.cif,data\substituted_slabs\MAT_033_110_slab.cif,multiple adsorption site structure
MAT_033,Ca,0.6,0.4,Ru0.60Ca0.40Ox,N2O,1,data\substituted_adsorbates\MAT_033_N2O_site1_adsorbed.cif,data\substituted_slabs\MAT_033_110_slab.cif,multiple adsorption site structure
MAT_033,Ca,0.6,0.4,Ru0.60Ca0.40Ox,N2O,2,data\substituted_adsorbates\MAT_033_N2O_site2_adsorbed.cif,data\substituted_slabs\MAT_033_110_slab.cif,multiple adsorption site structure
MAT_034,Ca,0.4,0.6,Ru0.40Ca0.60Ox,O,0,data\substituted_adsorbates\MAT_034_O_site0_adsorbed.cif,data\substituted_slabs\MAT_034_110_slab.cif,multiple adsorption site structure
MAT_034,Ca,0.4,0.6,Ru0.40Ca0.60Ox,O,1,data\substituted_adsorbates\MAT_034_O_site1_adsorbed.cif,data\substituted_slabs\MAT_034_110_slab.cif,multiple adsorption site structure
MAT_034,Ca,0.4,0.6,Ru0.40Ca0.60Ox,O,2,data\substituted_adsorbates\MAT_034_O_site2_adsorbed.cif,data\substituted_slabs\MAT_034_110_slab.cif,multiple adsorption site structure
MAT_034,Ca,0.4,0.6,Ru0.40Ca0.60Ox,O2,0,data\substituted_adsorbates\MAT_034_O2_site0_adsorbed.cif,data\substituted_slabs\MAT_034_110_slab.cif,multiple adsorption site structure
MAT_034,Ca,0.4,0.6,Ru0.40Ca0.60Ox,O2,1,data\substituted_adsorbates\MAT_034_O2_site1_adsorbed.cif,data\substituted_slabs\MAT_034_110_slab.cif,multiple adsorption site structure
MAT_034,Ca,0.4,0.6,Ru0.40Ca0.60Ox,O2,2,data\substituted_adsorbates\MAT_034_O2_site2_adsorbed.cif,data\substituted_slabs\MAT_034_110_slab.cif,multiple adsorption site structure
MAT_034,Ca,0.4,0.6,Ru0.40Ca0.60Ox,N2O,0,data\substituted_adsorbates\MAT_034_N2O_site0_adsorbed.cif,data\substituted_slabs\MAT_034_110_slab.cif,multiple adsorption site structure
MAT_034,Ca,0.4,0.6,Ru0.40Ca0.60Ox,N2O,1,data\substituted_adsorbates\MAT_034_N2O_site1_adsorbed.cif,data\substituted_slabs\MAT_034_110_slab.cif,multiple adsorption site structure
MAT_034,Ca,0.4,0.6,Ru0.40Ca0.60Ox,N2O,2,data\substituted_adsorbates\MAT_034_N2O_site2_adsorbed.cif,data\substituted_slabs\MAT_034_110_slab.cif,multiple adsorption site structure
MAT_035,Ca,0.2,0.8,Ru0.20Ca0.80Ox,O,0,data\substituted_adsorbates\MAT_035_O_site0_adsorbed.cif,data\substituted_slabs\MAT_035_110_slab.cif,multiple adsorption site structure
MAT_035,Ca,0.2,0.8,Ru0.20Ca0.80Ox,O,1,data\substituted_adsorbates\MAT_035_O_site1_adsorbed.cif,data\substituted_slabs\MAT_035_110_slab.cif,multiple adsorption site structure
MAT_035,Ca,0.2,0.8,Ru0.20Ca0.80Ox,O,2,data\substituted_adsorbates\MAT_035_O_site2_adsorbed.cif,data\substituted_slabs\MAT_035_110_slab.cif,multiple adsorption site structure
MAT_035,Ca,0.2,0.8,Ru0.20Ca0.80Ox,O2,0,data\substituted_adsorbates\MAT_035_O2_site0_adsorbed.cif,data\substituted_slabs\MAT_035_110_slab.cif,multiple adsorption site structure
MAT_035,Ca,0.2,0.8,Ru0.20Ca0.80Ox,O2,1,data\substituted_adsorbates\MAT_035_O2_site1_adsorbed.cif,data\substituted_slabs\MAT_035_110_slab.cif,multiple adsorption site structure
MAT_035,Ca,0.2,0.8,Ru0.20Ca0.80Ox,O2,2,data\substituted_adsorbates\MAT_035_O2_site2_adsorbed.cif,data\substituted_slabs\MAT_035_110_slab.cif,multiple adsorption site structure
MAT_035,Ca,0.2,0.8,Ru0.20Ca0.80Ox,N2O,0,data\substituted_adsorbates\MAT_035_N2O_site0_adsorbed.cif,data\substituted_slabs\MAT_035_110_slab.cif,multiple adsorption site structure
MAT_035,Ca,0.2,0.8,Ru0.20Ca0.80Ox,N2O,1,data\substituted_adsorbates\MAT_035_N2O_site1_adsorbed.cif,data\substituted_slabs\MAT_035_110_slab.cif,multiple adsorption site structure
MAT_035,Ca,0.2,0.8,Ru0.20Ca0.80Ox,N2O,2,data\substituted_adsorbates\MAT_035_N2O_site2_adsorbed.cif,data\substituted_slabs\MAT_035_110_slab.cif,multiple adsorption site structure
MAT_037,Sc,0.8,0.1999999999999999,Ru0.80Sc0.20Ox,O,0,data\substituted_adsorbates\MAT_037_O_site0_adsorbed.cif,data\substituted_slabs\MAT_037_110_slab.cif,multiple adsorption site structure
MAT_037,Sc,0.8,0.1999999999999999,Ru0.80Sc0.20Ox,O,1,data\substituted_adsorbates\MAT_037_O_site1_adsorbed.cif,data\substituted_slabs\MAT_037_110_slab.cif,multiple adsorption site structure
MAT_037,Sc,0.8,0.1999999999999999,Ru0.80Sc0.20Ox,O,2,data\substituted_adsorbates\MAT_037_O_site2_adsorbed.cif,data\substituted_slabs\MAT_037_110_slab.cif,multiple adsorption site structure
MAT_037,Sc,0.8,0.1999999999999999,Ru0.80Sc0.20Ox,O2,0,data\substituted_adsorbates\MAT_037_O2_site0_adsorbed.cif,data\substituted_slabs\MAT_037_110_slab.cif,multiple adsorption site structure
MAT_037,Sc,0.8,0.1999999999999999,Ru0.80Sc0.20Ox,O2,1,data\substituted_adsorbates\MAT_037_O2_site1_adsorbed.cif,data\substituted_slabs\MAT_037_110_slab.cif,multiple adsorption site structure
MAT_037,Sc,0.8,0.1999999999999999,Ru0.80Sc0.20Ox,O2,2,data\substituted_adsorbates\MAT_037_O2_site2_adsorbed.cif,data\substituted_slabs\MAT_037_110_slab.cif,multiple adsorption site structure
MAT_037,Sc,0.8,0.1999999999999999,Ru0.80Sc0.20Ox,N2O,0,data\substituted_adsorbates\MAT_037_N2O_site0_adsorbed.cif,data\substituted_slabs\MAT_037_110_slab.cif,multiple adsorption site structure
MAT_037,Sc,0.8,0.1999999999999999,Ru0.80Sc0.20Ox,N2O,1,data\substituted_adsorbates\MAT_037_N2O_site1_adsorbed.cif,data\substituted_slabs\MAT_037_110_slab.cif,multiple adsorption site structure
MAT_037,Sc,0.8,0.1999999999999999,Ru0.80Sc0.20Ox,N2O,2,data\substituted_adsorbates\MAT_037_N2O_site2_adsorbed.cif,data\substituted_slabs\MAT_037_110_slab.cif,multiple adsorption site structure
MAT_038,Sc,0.6,0.4,Ru0.60Sc0.40Ox,O,0,data\substituted_adsorbates\MAT_038_O_site0_adsorbed.cif,data\substituted_slabs\MAT_038_110_slab.cif,multiple adsorption site structure
MAT_038,Sc,0.6,0.4,Ru0.60Sc0.40Ox,O,1,data\substituted_adsorbates\MAT_038_O_site1_adsorbed.cif,data\substituted_slabs\MAT_038_110_slab.cif,multiple adsorption site structure
MAT_038,Sc,0.6,0.4,Ru0.60Sc0.40Ox,O,2,data\substituted_adsorbates\MAT_038_O_site2_adsorbed.cif,data\substituted_slabs\MAT_038_110_slab.cif,multiple adsorption site structure
MAT_038,Sc,0.6,0.4,Ru0.60Sc0.40Ox,O2,0,data\substituted_adsorbates\MAT_038_O2_site0_adsorbed.cif,data\substituted_slabs\MAT_038_110_slab.cif,multiple adsorption site structure
MAT_038,Sc,0.6,0.4,Ru0.60Sc0.40Ox,O2,1,data\substituted_adsorbates\MAT_038_O2_site1_adsorbed.cif,data\substituted_slabs\MAT_038_110_slab.cif,multiple adsorption site structure
MAT_038,Sc,0.6,0.4,Ru0.60Sc0.40Ox,O2,2,data\substituted_adsorbates\MAT_038_O2_site2_adsorbed.cif,data\substituted_slabs\MAT_038_110_slab.cif,multiple adsorption site structure
MAT_038,Sc,0.6,0.4,Ru0.60Sc0.40Ox,N2O,0,data\substituted_adsorbates\MAT_038_N2O_site0_adsorbed.cif,data\substituted_slabs\MAT_038_110_slab.cif,multiple adsorption site structure
MAT_038,Sc,0.6,0.4,Ru0.60Sc0.40Ox,N2O,1,data\substituted_adsorbates\MAT_038_N2O_site1_adsorbed.cif,data\substituted_slabs\MAT_038_110_slab.cif,multiple adsorption site structure
MAT_038,Sc,0.6,0.4,Ru0.60Sc0.40Ox,N2O,2,data\substituted_adsorbates\MAT_038_N2O_site2_adsorbed.cif,data\substituted_slabs\MAT_038_110_slab.cif,multiple adsorption site structure
MAT_039,Sc,0.4,0.6,Ru0.40Sc0.60Ox,O,0,data\substituted_adsorbates\MAT_039_O_site0_adsorbed.cif,data\substituted_slabs\MAT_039_110_slab.cif,multiple adsorption site structure
MAT_039,Sc,0.4,0.6,Ru0.40Sc0.60Ox,O,1,data\substituted_adsorbates\MAT_039_O_site1_adsorbed.cif,data\substituted_slabs\MAT_039_110_slab.cif,multiple adsorption site structure
MAT_039,Sc,0.4,0.6,Ru0.40Sc0.60Ox,O,2,data\substituted_adsorbates\MAT_039_O_site2_adsorbed.cif,data\substituted_slabs\MAT_039_110_slab.cif,multiple adsorption site structure
MAT_039,Sc,0.4,0.6,Ru0.40Sc0.60Ox,O2,0,data\substituted_adsorbates\MAT_039_O2_site0_adsorbed.cif,data\substituted_slabs\MAT_039_110_slab.cif,multiple adsorption site structure
MAT_039,Sc,0.4,0.6,Ru0.40Sc0.60Ox,O2,1,data\substituted_adsorbates\MAT_039_O2_site1_adsorbed.cif,data\substituted_slabs\MAT_039_110_slab.cif,multiple adsorption site structure
MAT_039,Sc,0.4,0.6,Ru0.40Sc0.60Ox,O2,2,data\substituted_adsorbates\MAT_039_O2_site2_adsorbed.cif,data\substituted_slabs\MAT_039_110_slab.cif,multiple adsorption site structure
MAT_039,Sc,0.4,0.6,Ru0.40Sc0.60Ox,N2O,0,data\substituted_adsorbates\MAT_039_N2O_site0_adsorbed.cif,data\substituted_slabs\MAT_039_110_slab.cif,multiple adsorption site structure
MAT_039,Sc,0.4,0.6,Ru0.40Sc0.60Ox,N2O,1,data\substituted_adsorbates\MAT_039_N2O_site1_adsorbed.cif,data\substituted_slabs\MAT_039_110_slab.cif,multiple adsorption site structure
MAT_039,Sc,0.4,0.6,Ru0.40Sc0.60Ox,N2O,2,data\substituted_adsorbates\MAT_039_N2O_site2_adsorbed.cif,data\substituted_slabs\MAT_039_110_slab.cif,multiple adsorption site structure
MAT_040,Sc,0.2,0.8,Ru0.20Sc0.80Ox,O,0,data\substituted_adsorbates\MAT_040_O_site0_adsorbed.cif,data\substituted_slabs\MAT_040_110_slab.cif,multiple adsorption site structure
MAT_040,Sc,0.2,0.8,Ru0.20Sc0.80Ox,O,1,data\substituted_adsorbates\MAT_040_O_site1_adsorbed.cif,data\substituted_slabs\MAT_040_110_slab.cif,multiple adsorption site structure
MAT_040,Sc,0.2,0.8,Ru0.20Sc0.80Ox,O,2,data\substituted_adsorbates\MAT_040_O_site2_adsorbed.cif,data\substituted_slabs\MAT_040_110_slab.cif,multiple adsorption site structure
MAT_040,Sc,0.2,0.8,Ru0.20Sc0.80Ox,O2,0,data\substituted_adsorbates\MAT_040_O2_site0_adsorbed.cif,data\substituted_slabs\MAT_040_110_slab.cif,multiple adsorption site structure
MAT_040,Sc,0.2,0.8,Ru0.20Sc0.80Ox,O2,1,data\substituted_adsorbates\MAT_040_O2_site1_adsorbed.cif,data\substituted_slabs\MAT_040_110_slab.cif,multiple adsorption site structure
MAT_040,Sc,0.2,0.8,Ru0.20Sc0.80Ox,O2,2,data\substituted_adsorbates\MAT_040_O2_site2_adsorbed.cif,data\substituted_slabs\MAT_040_110_slab.cif,multiple adsorption site structure
MAT_040,Sc,0.2,0.8,Ru0.20Sc0.80Ox,N2O,0,data\substituted_adsorbates\MAT_040_N2O_site0_adsorbed.cif,data\substituted_slabs\MAT_040_110_slab.cif,multiple adsorption site structure
MAT_040,Sc,0.2,0.8,Ru0.20Sc0.80Ox,N2O,1,data\substituted_adsorbates\MAT_040_N2O_site1_adsorbed.cif,data\substituted_slabs\MAT_040_110_slab.cif,multiple adsorption site structure
MAT_040,Sc,0.2,0.8,Ru0.20Sc0.80Ox,N2O,2,data\substituted_adsorbates\MAT_040_N2O_site2_adsorbed.cif,data\substituted_slabs\MAT_040_110_slab.cif,multiple adsorption site structure
MAT_042,Ti,0.8,0.1999999999999999,Ru0.80Ti0.20Ox,O,0,data\substituted_adsorbates\MAT_042_O_site0_adsorbed.cif,data\substituted_slabs\MAT_042_110_slab.cif,multiple adsorption site structure
MAT_042,Ti,0.8,0.1999999999999999,Ru0.80Ti0.20Ox,O,1,data\substituted_adsorbates\MAT_042_O_site1_adsorbed.cif,data\substituted_slabs\MAT_042_110_slab.cif,multiple adsorption site structure
MAT_042,Ti,0.8,0.1999999999999999,Ru0.80Ti0.20Ox,O,2,data\substituted_adsorbates\MAT_042_O_site2_adsorbed.cif,data\substituted_slabs\MAT_042_110_slab.cif,multiple adsorption site structure
MAT_042,Ti,0.8,0.1999999999999999,Ru0.80Ti0.20Ox,O2,0,data\substituted_adsorbates\MAT_042_O2_site0_adsorbed.cif,data\substituted_slabs\MAT_042_110_slab.cif,multiple adsorption site structure
MAT_042,Ti,0.8,0.1999999999999999,Ru0.80Ti0.20Ox,O2,1,data\substituted_adsorbates\MAT_042_O2_site1_adsorbed.cif,data\substituted_slabs\MAT_042_110_slab.cif,multiple adsorption site structure
MAT_042,Ti,0.8,0.1999999999999999,Ru0.80Ti0.20Ox,O2,2,data\substituted_adsorbates\MAT_042_O2_site2_adsorbed.cif,data\substituted_slabs\MAT_042_110_slab.cif,multiple adsorption site structure
MAT_042,Ti,0.8,0.1999999999999999,Ru0.80Ti0.20Ox,N2O,0,data\substituted_adsorbates\MAT_042_N2O_site0_adsorbed.cif,data\substituted_slabs\MAT_042_110_slab.cif,multiple adsorption site structure
MAT_042,Ti,0.8,0.1999999999999999,Ru0.80Ti0.20Ox,N2O,1,data\substituted_adsorbates\MAT_042_N2O_site1_adsorbed.cif,data\substituted_slabs\MAT_042_110_slab.cif,multiple adsorption site structure
MAT_042,Ti,0.8,0.1999999999999999,Ru0.80Ti0.20Ox,N2O,2,data\substituted_adsorbates\MAT_042_N2O_site2_adsorbed.cif,data\substituted_slabs\MAT_042_110_slab.cif,multiple adsorption site structure
MAT_043,Ti,0.6,0.4,Ru0.60Ti0.40Ox,O,0,data\substituted_adsorbates\MAT_043_O_site0_adsorbed.cif,data\substituted_slabs\MAT_043_110_slab.cif,multiple adsorption site structure
MAT_043,Ti,0.6,0.4,Ru0.60Ti0.40Ox,O,1,data\substituted_adsorbates\MAT_043_O_site1_adsorbed.cif,data\substituted_slabs\MAT_043_110_slab.cif,multiple adsorption site structure
MAT_043,Ti,0.6,0.4,Ru0.60Ti0.40Ox,O,2,data\substituted_adsorbates\MAT_043_O_site2_adsorbed.cif,data\substituted_slabs\MAT_043_110_slab.cif,multiple adsorption site structure
MAT_043,Ti,0.6,0.4,Ru0.60Ti0.40Ox,O2,0,data\substituted_adsorbates\MAT_043_O2_site0_adsorbed.cif,data\substituted_slabs\MAT_043_110_slab.cif,multiple adsorption site structure
MAT_043,Ti,0.6,0.4,Ru0.60Ti0.40Ox,O2,1,data\substituted_adsorbates\MAT_043_O2_site1_adsorbed.cif,data\substituted_slabs\MAT_043_110_slab.cif,multiple adsorption site structure
MAT_043,Ti,0.6,0.4,Ru0.60Ti0.40Ox,O2,2,data\substituted_adsorbates\MAT_043_O2_site2_adsorbed.cif,data\substituted_slabs\MAT_043_110_slab.cif,multiple adsorption site structure
MAT_043,Ti,0.6,0.4,Ru0.60Ti0.40Ox,N2O,0,data\substituted_adsorbates\MAT_043_N2O_site0_adsorbed.cif,data\substituted_slabs\MAT_043_110_slab.cif,multiple adsorption site structure
MAT_043,Ti,0.6,0.4,Ru0.60Ti0.40Ox,N2O,1,data\substituted_adsorbates\MAT_043_N2O_site1_adsorbed.cif,data\substituted_slabs\MAT_043_110_slab.cif,multiple adsorption site structure
MAT_043,Ti,0.6,0.4,Ru0.60Ti0.40Ox,N2O,2,data\substituted_adsorbates\MAT_043_N2O_site2_adsorbed.cif,data\substituted_slabs\MAT_043_110_slab.cif,multiple adsorption site structure
MAT_044,Ti,0.4,0.6,Ru0.40Ti0.60Ox,O,0,data\substituted_adsorbates\MAT_044_O_site0_adsorbed.cif,data\substituted_slabs\MAT_044_110_slab.cif,multiple adsorption site structure
MAT_044,Ti,0.4,0.6,Ru0.40Ti0.60Ox,O,1,data\substituted_adsorbates\MAT_044_O_site1_adsorbed.cif,data\substituted_slabs\MAT_044_110_slab.cif,multiple adsorption site structure
MAT_044,Ti,0.4,0.6,Ru0.40Ti0.60Ox,O,2,data\substituted_adsorbates\MAT_044_O_site2_adsorbed.cif,data\substituted_slabs\MAT_044_110_slab.cif,multiple adsorption site structure
MAT_044,Ti,0.4,0.6,Ru0.40Ti0.60Ox,O2,0,data\substituted_adsorbates\MAT_044_O2_site0_adsorbed.cif,data\substituted_slabs\MAT_044_110_slab.cif,multiple adsorption site structure
MAT_044,Ti,0.4,0.6,Ru0.40Ti0.60Ox,O2,1,data\substituted_adsorbates\MAT_044_O2_site1_adsorbed.cif,data\substituted_slabs\MAT_044_110_slab.cif,multiple adsorption site structure
MAT_044,Ti,0.4,0.6,Ru0.40Ti0.60Ox,O2,2,data\substituted_adsorbates\MAT_044_O2_site2_adsorbed.cif,data\substituted_slabs\MAT_044_110_slab.cif,multiple adsorption site structure
MAT_044,Ti,0.4,0.6,Ru0.40Ti0.60Ox,N2O,0,data\substituted_adsorbates\MAT_044_N2O_site0_adsorbed.cif,data\substituted_slabs\MAT_044_110_slab.cif,multiple adsorption site structure
MAT_044,Ti,0.4,0.6,Ru0.40Ti0.60Ox,N2O,1,data\substituted_adsorbates\MAT_044_N2O_site1_adsorbed.cif,data\substituted_slabs\MAT_044_110_slab.cif,multiple adsorption site structure
MAT_044,Ti,0.4,0.6,Ru0.40Ti0.60Ox,N2O,2,data\substituted_adsorbates\MAT_044_N2O_site2_adsorbed.cif,data\substituted_slabs\MAT_044_110_slab.cif,multiple adsorption site structure
MAT_045,Ti,0.2,0.8,Ru0.20Ti0.80Ox,O,0,data\substituted_adsorbates\MAT_045_O_site0_adsorbed.cif,data\substituted_slabs\MAT_045_110_slab.cif,multiple adsorption site structure
MAT_045,Ti,0.2,0.8,Ru0.20Ti0.80Ox,O,1,data\substituted_adsorbates\MAT_045_O_site1_adsorbed.cif,data\substituted_slabs\MAT_045_110_slab.cif,multiple adsorption site structure
MAT_045,Ti,0.2,0.8,Ru0.20Ti0.80Ox,O,2,data\substituted_adsorbates\MAT_045_O_site2_adsorbed.cif,data\substituted_slabs\MAT_045_110_slab.cif,multiple adsorption site structure
MAT_045,Ti,0.2,0.8,Ru0.20Ti0.80Ox,O2,0,data\substituted_adsorbates\MAT_045_O2_site0_adsorbed.cif,data\substituted_slabs\MAT_045_110_slab.cif,multiple adsorption site structure
MAT_045,Ti,0.2,0.8,Ru0.20Ti0.80Ox,O2,1,data\substituted_adsorbates\MAT_045_O2_site1_adsorbed.cif,data\substituted_slabs\MAT_045_110_slab.cif,multiple adsorption site structure
MAT_045,Ti,0.2,0.8,Ru0.20Ti0.80Ox,O2,2,data\substituted_adsorbates\MAT_045_O2_site2_adsorbed.cif,data\substituted_slabs\MAT_045_110_slab.cif,multiple adsorption site structure
MAT_045,Ti,0.2,0.8,Ru0.20Ti0.80Ox,N2O,0,data\substituted_adsorbates\MAT_045_N2O_site0_adsorbed.cif,data\substituted_slabs\MAT_045_110_slab.cif,multiple adsorption site structure
MAT_045,Ti,0.2,0.8,Ru0.20Ti0.80Ox,N2O,1,data\substituted_adsorbates\MAT_045_N2O_site1_adsorbed.cif,data\substituted_slabs\MAT_045_110_slab.cif,multiple adsorption site structure
MAT_045,Ti,0.2,0.8,Ru0.20Ti0.80Ox,N2O,2,data\substituted_adsorbates\MAT_045_N2O_site2_adsorbed.cif,data\substituted_slabs\MAT_045_110_slab.cif,multiple adsorption site structure
MAT_047,V,0.8,0.1999999999999999,Ru0.80V0.20Ox,O,0,data\substituted_adsorbates\MAT_047_O_site0_adsorbed.cif,data\substituted_slabs\MAT_047_110_slab.cif,multiple adsorption site structure
MAT_047,V,0.8,0.1999999999999999,Ru0.80V0.20Ox,O,1,data\substituted_adsorbates\MAT_047_O_site1_adsorbed.cif,data\substituted_slabs\MAT_047_110_slab.cif,multiple adsorption site structure
MAT_047,V,0.8,0.1999999999999999,Ru0.80V0.20Ox,O,2,data\substituted_adsorbates\MAT_047_O_site2_adsorbed.cif,data\substituted_slabs\MAT_047_110_slab.cif,multiple adsorption site structure
MAT_047,V,0.8,0.1999999999999999,Ru0.80V0.20Ox,O2,0,data\substituted_adsorbates\MAT_047_O2_site0_adsorbed.cif,data\substituted_slabs\MAT_047_110_slab.cif,multiple adsorption site structure
MAT_047,V,0.8,0.1999999999999999,Ru0.80V0.20Ox,O2,1,data\substituted_adsorbates\MAT_047_O2_site1_adsorbed.cif,data\substituted_slabs\MAT_047_110_slab.cif,multiple adsorption site structure
MAT_047,V,0.8,0.1999999999999999,Ru0.80V0.20Ox,O2,2,data\substituted_adsorbates\MAT_047_O2_site2_adsorbed.cif,data\substituted_slabs\MAT_047_110_slab.cif,multiple adsorption site structure
MAT_047,V,0.8,0.1999999999999999,Ru0.80V0.20Ox,N2O,0,data\substituted_adsorbates\MAT_047_N2O_site0_adsorbed.cif,data\substituted_slabs\MAT_047_110_slab.cif,multiple adsorption site structure
MAT_047,V,0.8,0.1999999999999999,Ru0.80V0.20Ox,N2O,1,data\substituted_adsorbates\MAT_047_N2O_site1_adsorbed.cif,data\substituted_slabs\MAT_047_110_slab.cif,multiple adsorption site structure
MAT_047,V,0.8,0.1999999999999999,Ru0.80V0.20Ox,N2O,2,data\substituted_adsorbates\MAT_047_N2O_site2_adsorbed.cif,data\substituted_slabs\MAT_047_110_slab.cif,multiple adsorption site structure
MAT_048,V,0.6,0.4,Ru0.60V0.40Ox,O,0,data\substituted_adsorbates\MAT_048_O_site0_adsorbed.cif,data\substituted_slabs\MAT_048_110_slab.cif,multiple adsorption site structure
MAT_048,V,0.6,0.4,Ru0.60V0.40Ox,O,1,data\substituted_adsorbates\MAT_048_O_site1_adsorbed.cif,data\substituted_slabs\MAT_048_110_slab.cif,multiple adsorption site structure
MAT_048,V,0.6,0.4,Ru0.60V0.40Ox,O,2,data\substituted_adsorbates\MAT_048_O_site2_adsorbed.cif,data\substituted_slabs\MAT_048_110_slab.cif,multiple adsorption site structure
MAT_048,V,0.6,0.4,Ru0.60V0.40Ox,O2,0,data\substituted_adsorbates\MAT_048_O2_site0_adsorbed.cif,data\substituted_slabs\MAT_048_110_slab.cif,multiple adsorption site structure
MAT_048,V,0.6,0.4,Ru0.60V0.40Ox,O2,1,data\substituted_adsorbates\MAT_048_O2_site1_adsorbed.cif,data\substituted_slabs\MAT_048_110_slab.cif,multiple adsorption site structure
MAT_048,V,0.6,0.4,Ru0.60V0.40Ox,O2,2,data\substituted_adsorbates\MAT_048_O2_site2_adsorbed.cif,data\substituted_slabs\MAT_048_110_slab.cif,multiple adsorption site structure
MAT_048,V,0.6,0.4,Ru0.60V0.40Ox,N2O,0,data\substituted_adsorbates\MAT_048_N2O_site0_adsorbed.cif,data\substituted_slabs\MAT_048_110_slab.cif,multiple adsorption site structure
MAT_048,V,0.6,0.4,Ru0.60V0.40Ox,N2O,1,data\substituted_adsorbates\MAT_048_N2O_site1_adsorbed.cif,data\substituted_slabs\MAT_048_110_slab.cif,multiple adsorption site structure
MAT_048,V,0.6,0.4,Ru0.60V0.40Ox,N2O,2,data\substituted_adsorbates\MAT_048_N2O_site2_adsorbed.cif,data\substituted_slabs\MAT_048_110_slab.cif,multiple adsorption site structure
MAT_049,V,0.4,0.6,Ru0.40V0.60Ox,O,0,data\substituted_adsorbates\MAT_049_O_site0_adsorbed.cif,data\substituted_slabs\MAT_049_110_slab.cif,multiple adsorption site structure
MAT_049,V,0.4,0.6,Ru0.40V0.60Ox,O,1,data\substituted_adsorbates\MAT_049_O_site1_adsorbed.cif,data\substituted_slabs\MAT_049_110_slab.cif,multiple adsorption site structure
MAT_049,V,0.4,0.6,Ru0.40V0.60Ox,O,2,data\substituted_adsorbates\MAT_049_O_site2_adsorbed.cif,data\substituted_slabs\MAT_049_110_slab.cif,multiple adsorption site structure
MAT_049,V,0.4,0.6,Ru0.40V0.60Ox,O2,0,data\substituted_adsorbates\MAT_049_O2_site0_adsorbed.cif,data\substituted_slabs\MAT_049_110_slab.cif,multiple adsorption site structure
MAT_049,V,0.4,0.6,Ru0.40V0.60Ox,O2,1,data\substituted_adsorbates\MAT_049_O2_site1_adsorbed.cif,data\substituted_slabs\MAT_049_110_slab.cif,multiple adsorption site structure
MAT_049,V,0.4,0.6,Ru0.40V0.60Ox,O2,2,data\substituted_adsorbates\MAT_049_O2_site2_adsorbed.cif,data\substituted_slabs\MAT_049_110_slab.cif,multiple adsorption site structure
MAT_049,V,0.4,0.6,Ru0.40V0.60Ox,N2O,0,data\substituted_adsorbates\MAT_049_N2O_site0_adsorbed.cif,data\substituted_slabs\MAT_049_110_slab.cif,multiple adsorption site structure
MAT_049,V,0.4,0.6,Ru0.40V0.60Ox,N2O,1,data\substituted_adsorbates\MAT_049_N2O_site1_adsorbed.cif,data\substituted_slabs\MAT_049_110_slab.cif,multiple adsorption site structure
MAT_049,V,0.4,0.6,Ru0.40V0.60Ox,N2O,2,data\substituted_adsorbates\MAT_049_N2O_site2_adsorbed.cif,data\substituted_slabs\MAT_049_110_slab.cif,multiple adsorption site structure
MAT_050,V,0.2,0.8,Ru0.20V0.80Ox,O,0,data\substituted_adsorbates\MAT_050_O_site0_adsorbed.cif,data\substituted_slabs\MAT_050_110_slab.cif,multiple adsorption site structure
MAT_050,V,0.2,0.8,Ru0.20V0.80Ox,O,1,data\substituted_adsorbates\MAT_050_O_site1_adsorbed.cif,data\substituted_slabs\MAT_050_110_slab.cif,multiple adsorption site structure
MAT_050,V,0.2,0.8,Ru0.20V0.80Ox,O,2,data\substituted_adsorbates\MAT_050_O_site2_adsorbed.cif,data\substituted_slabs\MAT_050_110_slab.cif,multiple adsorption site structure
MAT_050,V,0.2,0.8,Ru0.20V0.80Ox,O2,0,data\substituted_adsorbates\MAT_050_O2_site0_adsorbed.cif,data\substituted_slabs\MAT_050_110_slab.cif,multiple adsorption site structure
MAT_050,V,0.2,0.8,Ru0.20V0.80Ox,O2,1,data\substituted_adsorbates\MAT_050_O2_site1_adsorbed.cif,data\substituted_slabs\MAT_050_110_slab.cif,multiple adsorption site structure
MAT_050,V,0.2,0.8,Ru0.20V0.80Ox,O2,2,data\substituted_adsorbates\MAT_050_O2_site2_adsorbed.cif,data\substituted_slabs\MAT_050_110_slab.cif,multiple adsorption site structure
MAT_050,V,0.2,0.8,Ru0.20V0.80Ox,N2O,0,data\substituted_adsorbates\MAT_050_N2O_site0_adsorbed.cif,data\substituted_slabs\MAT_050_110_slab.cif,multiple adsorption site structure
MAT_050,V,0.2,0.8,Ru0.20V0.80Ox,N2O,1,data\substituted_adsorbates\MAT_050_N2O_site1_adsorbed.cif,data\substituted_slabs\MAT_050_110_slab.cif,multiple adsorption site structure
MAT_050,V,0.2,0.8,Ru0.20V0.80Ox,N2O,2,data\substituted_adsorbates\MAT_050_N2O_site2_adsorbed.cif,data\substituted_slabs\MAT_050_110_slab.cif,multiple adsorption site structure
MAT_052,Cr,0.8,0.1999999999999999,Ru0.80Cr0.20Ox,O,0,data\substituted_adsorbates\MAT_052_O_site0_adsorbed.cif,data\substituted_slabs\MAT_052_110_slab.cif,multiple adsorption site structure
MAT_052,Cr,0.8,0.1999999999999999,Ru0.80Cr0.20Ox,O,1,data\substituted_adsorbates\MAT_052_O_site1_adsorbed.cif,data\substituted_slabs\MAT_052_110_slab.cif,multiple adsorption site structure
MAT_052,Cr,0.8,0.1999999999999999,Ru0.80Cr0.20Ox,O,2,data\substituted_adsorbates\MAT_052_O_site2_adsorbed.cif,data\substituted_slabs\MAT_052_110_slab.cif,multiple adsorption site structure
MAT_052,Cr,0.8,0.1999999999999999,Ru0.80Cr0.20Ox,O2,0,data\substituted_adsorbates\MAT_052_O2_site0_adsorbed.cif,data\substituted_slabs\MAT_052_110_slab.cif,multiple adsorption site structure
MAT_052,Cr,0.8,0.1999999999999999,Ru0.80Cr0.20Ox,O2,1,data\substituted_adsorbates\MAT_052_O2_site1_adsorbed.cif,data\substituted_slabs\MAT_052_110_slab.cif,multiple adsorption site structure
MAT_052,Cr,0.8,0.1999999999999999,Ru0.80Cr0.20Ox,O2,2,data\substituted_adsorbates\MAT_052_O2_site2_adsorbed.cif,data\substituted_slabs\MAT_052_110_slab.cif,multiple adsorption site structure
MAT_052,Cr,0.8,0.1999999999999999,Ru0.80Cr0.20Ox,N2O,0,data\substituted_adsorbates\MAT_052_N2O_site0_adsorbed.cif,data\substituted_slabs\MAT_052_110_slab.cif,multiple adsorption site structure
MAT_052,Cr,0.8,0.1999999999999999,Ru0.80Cr0.20Ox,N2O,1,data\substituted_adsorbates\MAT_052_N2O_site1_adsorbed.cif,data\substituted_slabs\MAT_052_110_slab.cif,multiple adsorption site structure
MAT_052,Cr,0.8,0.1999999999999999,Ru0.80Cr0.20Ox,N2O,2,data\substituted_adsorbates\MAT_052_N2O_site2_adsorbed.cif,data\substituted_slabs\MAT_052_110_slab.cif,multiple adsorption site structure
MAT_053,Cr,0.6,0.4,Ru0.60Cr0.40Ox,O,0,data\substituted_adsorbates\MAT_053_O_site0_adsorbed.cif,data\substituted_slabs\MAT_053_110_slab.cif,multiple adsorption site structure
MAT_053,Cr,0.6,0.4,Ru0.60Cr0.40Ox,O,1,data\substituted_adsorbates\MAT_053_O_site1_adsorbed.cif,data\substituted_slabs\MAT_053_110_slab.cif,multiple adsorption site structure
MAT_053,Cr,0.6,0.4,Ru0.60Cr0.40Ox,O,2,data\substituted_adsorbates\MAT_053_O_site2_adsorbed.cif,data\substituted_slabs\MAT_053_110_slab.cif,multiple adsorption site structure
MAT_053,Cr,0.6,0.4,Ru0.60Cr0.40Ox,O2,0,data\substituted_adsorbates\MAT_053_O2_site0_adsorbed.cif,data\substituted_slabs\MAT_053_110_slab.cif,multiple adsorption site structure
MAT_053,Cr,0.6,0.4,Ru0.60Cr0.40Ox,O2,1,data\substituted_adsorbates\MAT_053_O2_site1_adsorbed.cif,data\substituted_slabs\MAT_053_110_slab.cif,multiple adsorption site structure
MAT_053,Cr,0.6,0.4,Ru0.60Cr0.40Ox,O2,2,data\substituted_adsorbates\MAT_053_O2_site2_adsorbed.cif,data\substituted_slabs\MAT_053_110_slab.cif,multiple adsorption site structure
MAT_053,Cr,0.6,0.4,Ru0.60Cr0.40Ox,N2O,0,data\substituted_adsorbates\MAT_053_N2O_site0_adsorbed.cif,data\substituted_slabs\MAT_053_110_slab.cif,multiple adsorption site structure
MAT_053,Cr,0.6,0.4,Ru0.60Cr0.40Ox,N2O,1,data\substituted_adsorbates\MAT_053_N2O_site1_adsorbed.cif,data\substituted_slabs\MAT_053_110_slab.cif,multiple adsorption site structure
MAT_053,Cr,0.6,0.4,Ru0.60Cr0.40Ox,N2O,2,data\substituted_adsorbates\MAT_053_N2O_site2_adsorbed.cif,data\substituted_slabs\MAT_053_110_slab.cif,multiple adsorption site structure
MAT_054,Cr,0.4,0.6,Ru0.40Cr0.60Ox,O,0,data\substituted_adsorbates\MAT_054_O_site0_adsorbed.cif,data\substituted_slabs\MAT_054_110_slab.cif,multiple adsorption site structure
MAT_054,Cr,0.4,0.6,Ru0.40Cr0.60Ox,O,1,data\substituted_adsorbates\MAT_054_O_site1_adsorbed.cif,data\substituted_slabs\MAT_054_110_slab.cif,multiple adsorption site structure
MAT_054,Cr,0.4,0.6,Ru0.40Cr0.60Ox,O,2,data\substituted_adsorbates\MAT_054_O_site2_adsorbed.cif,data\substituted_slabs\MAT_054_110_slab.cif,multiple adsorption site structure
MAT_054,Cr,0.4,0.6,Ru0.40Cr0.60Ox,O2,0,data\substituted_adsorbates\MAT_054_O2_site0_adsorbed.cif,data\substituted_slabs\MAT_054_110_slab.cif,multiple adsorption site structure
MAT_054,Cr,0.4,0.6,Ru0.40Cr0.60Ox,O2,1,data\substituted_adsorbates\MAT_054_O2_site1_adsorbed.cif,data\substituted_slabs\MAT_054_110_slab.cif,multiple adsorption site structure
MAT_054,Cr,0.4,0.6,Ru0.40Cr0.60Ox,O2,2,data\substituted_adsorbates\MAT_054_O2_site2_adsorbed.cif,data\substituted_slabs\MAT_054_110_slab.cif,multiple adsorption site structure
MAT_054,Cr,0.4,0.6,Ru0.40Cr0.60Ox,N2O,0,data\substituted_adsorbates\MAT_054_N2O_site0_adsorbed.cif,data\substituted_slabs\MAT_054_110_slab.cif,multiple adsorption site structure
MAT_054,Cr,0.4,0.6,Ru0.40Cr0.60Ox,N2O,1,data\substituted_adsorbates\MAT_054_N2O_site1_adsorbed.cif,data\substituted_slabs\MAT_054_110_slab.cif,multiple adsorption site structure
MAT_054,Cr,0.4,0.6,Ru0.40Cr0.60Ox,N2O,2,data\substituted_adsorbates\MAT_054_N2O_site2_adsorbed.cif,data\substituted_slabs\MAT_054_110_slab.cif,multiple adsorption site structure
MAT_055,Cr,0.2,0.8,Ru0.20Cr0.80Ox,O,0,data\substituted_adsorbates\MAT_055_O_site0_adsorbed.cif,data\substituted_slabs\MAT_055_110_slab.cif,multiple adsorption site structure
MAT_055,Cr,0.2,0.8,Ru0.20Cr0.80Ox,O,1,data\substituted_adsorbates\MAT_055_O_site1_adsorbed.cif,data\substituted_slabs\MAT_055_110_slab.cif,multiple adsorption site structure
MAT_055,Cr,0.2,0.8,Ru0.20Cr0.80Ox,O,2,data\substituted_adsorbates\MAT_055_O_site2_adsorbed.cif,data\substituted_slabs\MAT_055_110_slab.cif,multiple adsorption site structure
MAT_055,Cr,0.2,0.8,Ru0.20Cr0.80Ox,O2,0,data\substituted_adsorbates\MAT_055_O2_site0_adsorbed.cif,data\substituted_slabs\MAT_055_110_slab.cif,multiple adsorption site structure
MAT_055,Cr,0.2,0.8,Ru0.20Cr0.80Ox,O2,1,data\substituted_adsorbates\MAT_055_O2_site1_adsorbed.cif,data\substituted_slabs\MAT_055_110_slab.cif,multiple adsorption site structure
MAT_055,Cr,0.2,0.8,Ru0.20Cr0.80Ox,O2,2,data\substituted_adsorbates\MAT_055_O2_site2_adsorbed.cif,data\substituted_slabs\MAT_055_110_slab.cif,multiple adsorption site structure
MAT_055,Cr,0.2,0.8,Ru0.20Cr0.80Ox,N2O,0,data\substituted_adsorbates\MAT_055_N2O_site0_adsorbed.cif,data\substituted_slabs\MAT_055_110_slab.cif,multiple adsorption site structure
MAT_055,Cr,0.2,0.8,Ru0.20Cr0.80Ox,N2O,1,data\substituted_adsorbates\MAT_055_N2O_site1_adsorbed.cif,data\substituted_slabs\MAT_055_110_slab.cif,multiple adsorption site structure
MAT_055,Cr,0.2,0.8,Ru0.20Cr0.80Ox,N2O,2,data\substituted_adsorbates\MAT_055_N2O_site2_adsorbed.cif,data\substituted_slabs\MAT_055_110_slab.cif,multiple adsorption site structure
MAT_057,Mn,0.8,0.1999999999999999,Ru0.80Mn0.20Ox,O,0,data\substituted_adsorbates\MAT_057_O_site0_adsorbed.cif,data\substituted_slabs\MAT_057_110_slab.cif,multiple adsorption site structure
MAT_057,Mn,0.8,0.1999999999999999,Ru0.80Mn0.20Ox,O,1,data\substituted_adsorbates\MAT_057_O_site1_adsorbed.cif,data\substituted_slabs\MAT_057_110_slab.cif,multiple adsorption site structure
MAT_057,Mn,0.8,0.1999999999999999,Ru0.80Mn0.20Ox,O,2,data\substituted_adsorbates\MAT_057_O_site2_adsorbed.cif,data\substituted_slabs\MAT_057_110_slab.cif,multiple adsorption site structure
MAT_057,Mn,0.8,0.1999999999999999,Ru0.80Mn0.20Ox,O2,0,data\substituted_adsorbates\MAT_057_O2_site0_adsorbed.cif,data\substituted_slabs\MAT_057_110_slab.cif,multiple adsorption site structure
MAT_057,Mn,0.8,0.1999999999999999,Ru0.80Mn0.20Ox,O2,1,data\substituted_adsorbates\MAT_057_O2_site1_adsorbed.cif,data\substituted_slabs\MAT_057_110_slab.cif,multiple adsorption site structure
MAT_057,Mn,0.8,0.1999999999999999,Ru0.80Mn0.20Ox,O2,2,data\substituted_adsorbates\MAT_057_O2_site2_adsorbed.cif,data\substituted_slabs\MAT_057_110_slab.cif,multiple adsorption site structure
MAT_057,Mn,0.8,0.1999999999999999,Ru0.80Mn0.20Ox,N2O,0,data\substituted_adsorbates\MAT_057_N2O_site0_adsorbed.cif,data\substituted_slabs\MAT_057_110_slab.cif,multiple adsorption site structure
MAT_057,Mn,0.8,0.1999999999999999,Ru0.80Mn0.20Ox,N2O,1,data\substituted_adsorbates\MAT_057_N2O_site1_adsorbed.cif,data\substituted_slabs\MAT_057_110_slab.cif,multiple adsorption site structure
MAT_057,Mn,0.8,0.1999999999999999,Ru0.80Mn0.20Ox,N2O,2,data\substituted_adsorbates\MAT_057_N2O_site2_adsorbed.cif,data\substituted_slabs\MAT_057_110_slab.cif,multiple adsorption site structure
MAT_058,Mn,0.6,0.4,Ru0.60Mn0.40Ox,O,0,data\substituted_adsorbates\MAT_058_O_site0_adsorbed.cif,data\substituted_slabs\MAT_058_110_slab.cif,multiple adsorption site structure
MAT_058,Mn,0.6,0.4,Ru0.60Mn0.40Ox,O,1,data\substituted_adsorbates\MAT_058_O_site1_adsorbed.cif,data\substituted_slabs\MAT_058_110_slab.cif,multiple adsorption site structure
MAT_058,Mn,0.6,0.4,Ru0.60Mn0.40Ox,O,2,data\substituted_adsorbates\MAT_058_O_site2_adsorbed.cif,data\substituted_slabs\MAT_058_110_slab.cif,multiple adsorption site structure
MAT_058,Mn,0.6,0.4,Ru0.60Mn0.40Ox,O2,0,data\substituted_adsorbates\MAT_058_O2_site0_adsorbed.cif,data\substituted_slabs\MAT_058_110_slab.cif,multiple adsorption site structure
MAT_058,Mn,0.6,0.4,Ru0.60Mn0.40Ox,O2,1,data\substituted_adsorbates\MAT_058_O2_site1_adsorbed.cif,data\substituted_slabs\MAT_058_110_slab.cif,multiple adsorption site structure
MAT_058,Mn,0.6,0.4,Ru0.60Mn0.40Ox,O2,2,data\substituted_adsorbates\MAT_058_O2_site2_adsorbed.cif,data\substituted_slabs\MAT_058_110_slab.cif,multiple adsorption site structure
MAT_058,Mn,0.6,0.4,Ru0.60Mn0.40Ox,N2O,0,data\substituted_adsorbates\MAT_058_N2O_site0_adsorbed.cif,data\substituted_slabs\MAT_058_110_slab.cif,multiple adsorption site structure
MAT_058,Mn,0.6,0.4,Ru0.60Mn0.40Ox,N2O,1,data\substituted_adsorbates\MAT_058_N2O_site1_adsorbed.cif,data\substituted_slabs\MAT_058_110_slab.cif,multiple adsorption site structure
MAT_058,Mn,0.6,0.4,Ru0.60Mn0.40Ox,N2O,2,data\substituted_adsorbates\MAT_058_N2O_site2_adsorbed.cif,data\substituted_slabs\MAT_058_110_slab.cif,multiple adsorption site structure
MAT_059,Mn,0.4,0.6,Ru0.40Mn0.60Ox,O,0,data\substituted_adsorbates\MAT_059_O_site0_adsorbed.cif,data\substituted_slabs\MAT_059_110_slab.cif,multiple adsorption site structure
MAT_059,Mn,0.4,0.6,Ru0.40Mn0.60Ox,O,1,data\substituted_adsorbates\MAT_059_O_site1_adsorbed.cif,data\substituted_slabs\MAT_059_110_slab.cif,multiple adsorption site structure
MAT_059,Mn,0.4,0.6,Ru0.40Mn0.60Ox,O,2,data\substituted_adsorbates\MAT_059_O_site2_adsorbed.cif,data\substituted_slabs\MAT_059_110_slab.cif,multiple adsorption site structure
MAT_059,Mn,0.4,0.6,Ru0.40Mn0.60Ox,O2,0,data\substituted_adsorbates\MAT_059_O2_site0_adsorbed.cif,data\substituted_slabs\MAT_059_110_slab.cif,multiple adsorption site structure
MAT_059,Mn,0.4,0.6,Ru0.40Mn0.60Ox,O2,1,data\substituted_adsorbates\MAT_059_O2_site1_adsorbed.cif,data\substituted_slabs\MAT_059_110_slab.cif,multiple adsorption site structure
MAT_059,Mn,0.4,0.6,Ru0.40Mn0.60Ox,O2,2,data\substituted_adsorbates\MAT_059_O2_site2_adsorbed.cif,data\substituted_slabs\MAT_059_110_slab.cif,multiple adsorption site structure
MAT_059,Mn,0.4,0.6,Ru0.40Mn0.60Ox,N2O,0,data\substituted_adsorbates\MAT_059_N2O_site0_adsorbed.cif,data\substituted_slabs\MAT_059_110_slab.cif,multiple adsorption site structure
MAT_059,Mn,0.4,0.6,Ru0.40Mn0.60Ox,N2O,1,data\substituted_adsorbates\MAT_059_N2O_site1_adsorbed.cif,data\substituted_slabs\MAT_059_110_slab.cif,multiple adsorption site structure
MAT_059,Mn,0.4,0.6,Ru0.40Mn0.60Ox,N2O,2,data\substituted_adsorbates\MAT_059_N2O_site2_adsorbed.cif,data\substituted_slabs\MAT_059_110_slab.cif,multiple adsorption site structure
MAT_060,Mn,0.2,0.8,Ru0.20Mn0.80Ox,O,0,data\substituted_adsorbates\MAT_060_O_site0_adsorbed.cif,data\substituted_slabs\MAT_060_110_slab.cif,multiple adsorption site structure
MAT_060,Mn,0.2,0.8,Ru0.20Mn0.80Ox,O,1,data\substituted_adsorbates\MAT_060_O_site1_adsorbed.cif,data\substituted_slabs\MAT_060_110_slab.cif,multiple adsorption site structure
MAT_060,Mn,0.2,0.8,Ru0.20Mn0.80Ox,O,2,data\substituted_adsorbates\MAT_060_O_site2_adsorbed.cif,data\substituted_slabs\MAT_060_110_slab.cif,multiple adsorption site structure
MAT_060,Mn,0.2,0.8,Ru0.20Mn0.80Ox,O2,0,data\substituted_adsorbates\MAT_060_O2_site0_adsorbed.cif,data\substituted_slabs\MAT_060_110_slab.cif,multiple adsorption site structure
MAT_060,Mn,0.2,0.8,Ru0.20Mn0.80Ox,O2,1,data\substituted_adsorbates\MAT_060_O2_site1_adsorbed.cif,data\substituted_slabs\MAT_060_110_slab.cif,multiple adsorption site structure
MAT_060,Mn,0.2,0.8,Ru0.20Mn0.80Ox,O2,2,data\substituted_adsorbates\MAT_060_O2_site2_adsorbed.cif,data\substituted_slabs\MAT_060_110_slab.cif,multiple adsorption site structure
MAT_060,Mn,0.2,0.8,Ru0.20Mn0.80Ox,N2O,0,data\substituted_adsorbates\MAT_060_N2O_site0_adsorbed.cif,data\substituted_slabs\MAT_060_110_slab.cif,multiple adsorption site structure
MAT_060,Mn,0.2,0.8,Ru0.20Mn0.80Ox,N2O,1,data\substituted_adsorbates\MAT_060_N2O_site1_adsorbed.cif,data\substituted_slabs\MAT_060_110_slab.cif,multiple adsorption site structure
MAT_060,Mn,0.2,0.8,Ru0.20Mn0.80Ox,N2O,2,data\substituted_adsorbates\MAT_060_N2O_site2_adsorbed.cif,data\substituted_slabs\MAT_060_110_slab.cif,multiple adsorption site structure
MAT_062,Fe,0.8,0.1999999999999999,Ru0.80Fe0.20Ox,O,0,data\substituted_adsorbates\MAT_062_O_site0_adsorbed.cif,data\substituted_slabs\MAT_062_110_slab.cif,multiple adsorption site structure
MAT_062,Fe,0.8,0.1999999999999999,Ru0.80Fe0.20Ox,O,1,data\substituted_adsorbates\MAT_062_O_site1_adsorbed.cif,data\substituted_slabs\MAT_062_110_slab.cif,multiple adsorption site structure
MAT_062,Fe,0.8,0.1999999999999999,Ru0.80Fe0.20Ox,O,2,data\substituted_adsorbates\MAT_062_O_site2_adsorbed.cif,data\substituted_slabs\MAT_062_110_slab.cif,multiple adsorption site structure
MAT_062,Fe,0.8,0.1999999999999999,Ru0.80Fe0.20Ox,O2,0,data\substituted_adsorbates\MAT_062_O2_site0_adsorbed.cif,data\substituted_slabs\MAT_062_110_slab.cif,multiple adsorption site structure
MAT_062,Fe,0.8,0.1999999999999999,Ru0.80Fe0.20Ox,O2,1,data\substituted_adsorbates\MAT_062_O2_site1_adsorbed.cif,data\substituted_slabs\MAT_062_110_slab.cif,multiple adsorption site structure
MAT_062,Fe,0.8,0.1999999999999999,Ru0.80Fe0.20Ox,O2,2,data\substituted_adsorbates\MAT_062_O2_site2_adsorbed.cif,data\substituted_slabs\MAT_062_110_slab.cif,multiple adsorption site structure
MAT_062,Fe,0.8,0.1999999999999999,Ru0.80Fe0.20Ox,N2O,0,data\substituted_adsorbates\MAT_062_N2O_site0_adsorbed.cif,data\substituted_slabs\MAT_062_110_slab.cif,multiple adsorption site structure
MAT_062,Fe,0.8,0.1999999999999999,Ru0.80Fe0.20Ox,N2O,1,data\substituted_adsorbates\MAT_062_N2O_site1_adsorbed.cif,data\substituted_slabs\MAT_062_110_slab.cif,multiple adsorption site structure
MAT_062,Fe,0.8,0.1999999999999999,Ru0.80Fe0.20Ox,N2O,2,data\substituted_adsorbates\MAT_062_N2O_site2_adsorbed.cif,data\substituted_slabs\MAT_062_110_slab.cif,multiple adsorption site structure
MAT_063,Fe,0.6,0.4,Ru0.60Fe0.40Ox,O,0,data\substituted_adsorbates\MAT_063_O_site0_adsorbed.cif,data\substituted_slabs\MAT_063_110_slab.cif,multiple adsorption site structure
MAT_063,Fe,0.6,0.4,Ru0.60Fe0.40Ox,O,1,data\substituted_adsorbates\MAT_063_O_site1_adsorbed.cif,data\substituted_slabs\MAT_063_110_slab.cif,multiple adsorption site structure
MAT_063,Fe,0.6,0.4,Ru0.60Fe0.40Ox,O,2,data\substituted_adsorbates\MAT_063_O_site2_adsorbed.cif,data\substituted_slabs\MAT_063_110_slab.cif,multiple adsorption site structure
MAT_063,Fe,0.6,0.4,Ru0.60Fe0.40Ox,O2,0,data\substituted_adsorbates\MAT_063_O2_site0_adsorbed.cif,data\substituted_slabs\MAT_063_110_slab.cif,multiple adsorption site structure
MAT_063,Fe,0.6,0.4,Ru0.60Fe0.40Ox,O2,1,data\substituted_adsorbates\MAT_063_O2_site1_adsorbed.cif,data\substituted_slabs\MAT_063_110_slab.cif,multiple adsorption site structure
MAT_063,Fe,0.6,0.4,Ru0.60Fe0.40Ox,O2,2,data\substituted_adsorbates\MAT_063_O2_site2_adsorbed.cif,data\substituted_slabs\MAT_063_110_slab.cif,multiple adsorption site structure
MAT_063,Fe,0.6,0.4,Ru0.60Fe0.40Ox,N2O,0,data\substituted_adsorbates\MAT_063_N2O_site0_adsorbed.cif,data\substituted_slabs\MAT_063_110_slab.cif,multiple adsorption site structure
MAT_063,Fe,0.6,0.4,Ru0.60Fe0.40Ox,N2O,1,data\substituted_adsorbates\MAT_063_N2O_site1_adsorbed.cif,data\substituted_slabs\MAT_063_110_slab.cif,multiple adsorption site structure
MAT_063,Fe,0.6,0.4,Ru0.60Fe0.40Ox,N2O,2,data\substituted_adsorbates\MAT_063_N2O_site2_adsorbed.cif,data\substituted_slabs\MAT_063_110_slab.cif,multiple adsorption site structure
MAT_064,Fe,0.4,0.6,Ru0.40Fe0.60Ox,O,0,data\substituted_adsorbates\MAT_064_O_site0_adsorbed.cif,data\substituted_slabs\MAT_064_110_slab.cif,multiple adsorption site structure
MAT_064,Fe,0.4,0.6,Ru0.40Fe0.60Ox,O,1,data\substituted_adsorbates\MAT_064_O_site1_adsorbed.cif,data\substituted_slabs\MAT_064_110_slab.cif,multiple adsorption site structure
MAT_064,Fe,0.4,0.6,Ru0.40Fe0.60Ox,O,2,data\substituted_adsorbates\MAT_064_O_site2_adsorbed.cif,data\substituted_slabs\MAT_064_110_slab.cif,multiple adsorption site structure
MAT_064,Fe,0.4,0.6,Ru0.40Fe0.60Ox,O2,0,data\substituted_adsorbates\MAT_064_O2_site0_adsorbed.cif,data\substituted_slabs\MAT_064_110_slab.cif,multiple adsorption site structure
MAT_064,Fe,0.4,0.6,Ru0.40Fe0.60Ox,O2,1,data\substituted_adsorbates\MAT_064_O2_site1_adsorbed.cif,data\substituted_slabs\MAT_064_110_slab.cif,multiple adsorption site structure
MAT_064,Fe,0.4,0.6,Ru0.40Fe0.60Ox,O2,2,data\substituted_adsorbates\MAT_064_O2_site2_adsorbed.cif,data\substituted_slabs\MAT_064_110_slab.cif,multiple adsorption site structure
MAT_064,Fe,0.4,0.6,Ru0.40Fe0.60Ox,N2O,0,data\substituted_adsorbates\MAT_064_N2O_site0_adsorbed.cif,data\substituted_slabs\MAT_064_110_slab.cif,multiple adsorption site structure
MAT_064,Fe,0.4,0.6,Ru0.40Fe0.60Ox,N2O,1,data\substituted_adsorbates\MAT_064_N2O_site1_adsorbed.cif,data\substituted_slabs\MAT_064_110_slab.cif,multiple adsorption site structure
MAT_064,Fe,0.4,0.6,Ru0.40Fe0.60Ox,N2O,2,data\substituted_adsorbates\MAT_064_N2O_site2_adsorbed.cif,data\substituted_slabs\MAT_064_110_slab.cif,multiple adsorption site structure
MAT_065,Fe,0.2,0.8,Ru0.20Fe0.80Ox,O,0,data\substituted_adsorbates\MAT_065_O_site0_adsorbed.cif,data\substituted_slabs\MAT_065_110_slab.cif,multiple adsorption site structure
MAT_065,Fe,0.2,0.8,Ru0.20Fe0.80Ox,O,1,data\substituted_adsorbates\MAT_065_O_site1_adsorbed.cif,data\substituted_slabs\MAT_065_110_slab.cif,multiple adsorption site structure
MAT_065,Fe,0.2,0.8,Ru0.20Fe0.80Ox,O,2,data\substituted_adsorbates\MAT_065_O_site2_adsorbed.cif,data\substituted_slabs\MAT_065_110_slab.cif,multiple adsorption site structure
MAT_065,Fe,0.2,0.8,Ru0.20Fe0.80Ox,O2,0,data\substituted_adsorbates\MAT_065_O2_site0_adsorbed.cif,data\substituted_slabs\MAT_065_110_slab.cif,multiple adsorption site structure
MAT_065,Fe,0.2,0.8,Ru0.20Fe0.80Ox,O2,1,data\substituted_adsorbates\MAT_065_O2_site1_adsorbed.cif,data\substituted_slabs\MAT_065_110_slab.cif,multiple adsorption site structure
MAT_065,Fe,0.2,0.8,Ru0.20Fe0.80Ox,O2,2,data\substituted_adsorbates\MAT_065_O2_site2_adsorbed.cif,data\substituted_slabs\MAT_065_110_slab.cif,multiple adsorption site structure
MAT_065,Fe,0.2,0.8,Ru0.20Fe0.80Ox,N2O,0,data\substituted_adsorbates\MAT_065_N2O_site0_adsorbed.cif,data\substituted_slabs\MAT_065_110_slab.cif,multiple adsorption site structure
MAT_065,Fe,0.2,0.8,Ru0.20Fe0.80Ox,N2O,1,data\substituted_adsorbates\MAT_065_N2O_site1_adsorbed.cif,data\substituted_slabs\MAT_065_110_slab.cif,multiple adsorption site structure
MAT_065,Fe,0.2,0.8,Ru0.20Fe0.80Ox,N2O,2,data\substituted_adsorbates\MAT_065_N2O_site2_adsorbed.cif,data\substituted_slabs\MAT_065_110_slab.cif,multiple adsorption site structure
MAT_067,Co,0.8,0.1999999999999999,Ru0.80Co0.20Ox,O,0,data\substituted_adsorbates\MAT_067_O_site0_adsorbed.cif,data\substituted_slabs\MAT_067_110_slab.cif,multiple adsorption site structure
MAT_067,Co,0.8,0.1999999999999999,Ru0.80Co0.20Ox,O,1,data\substituted_adsorbates\MAT_067_O_site1_adsorbed.cif,data\substituted_slabs\MAT_067_110_slab.cif,multiple adsorption site structure
MAT_067,Co,0.8,0.1999999999999999,Ru0.80Co0.20Ox,O,2,data\substituted_adsorbates\MAT_067_O_site2_adsorbed.cif,data\substituted_slabs\MAT_067_110_slab.cif,multiple adsorption site structure
MAT_067,Co,0.8,0.1999999999999999,Ru0.80Co0.20Ox,O2,0,data\substituted_adsorbates\MAT_067_O2_site0_adsorbed.cif,data\substituted_slabs\MAT_067_110_slab.cif,multiple adsorption site structure
MAT_067,Co,0.8,0.1999999999999999,Ru0.80Co0.20Ox,O2,1,data\substituted_adsorbates\MAT_067_O2_site1_adsorbed.cif,data\substituted_slabs\MAT_067_110_slab.cif,multiple adsorption site structure
MAT_067,Co,0.8,0.1999999999999999,Ru0.80Co0.20Ox,O2,2,data\substituted_adsorbates\MAT_067_O2_site2_adsorbed.cif,data\substituted_slabs\MAT_067_110_slab.cif,multiple adsorption site structure
MAT_067,Co,0.8,0.1999999999999999,Ru0.80Co0.20Ox,N2O,0,data\substituted_adsorbates\MAT_067_N2O_site0_adsorbed.cif,data\substituted_slabs\MAT_067_110_slab.cif,multiple adsorption site structure
MAT_067,Co,0.8,0.1999999999999999,Ru0.80Co0.20Ox,N2O,1,data\substituted_adsorbates\MAT_067_N2O_site1_adsorbed.cif,data\substituted_slabs\MAT_067_110_slab.cif,multiple adsorption site structure
MAT_067,Co,0.8,0.1999999999999999,Ru0.80Co0.20Ox,N2O,2,data\substituted_adsorbates\MAT_067_N2O_site2_adsorbed.cif,data\substituted_slabs\MAT_067_110_slab.cif,multiple adsorption site structure
MAT_068,Co,0.6,0.4,Ru0.60Co0.40Ox,O,0,data\substituted_adsorbates\MAT_068_O_site0_adsorbed.cif,data\substituted_slabs\MAT_068_110_slab.cif,multiple adsorption site structure
MAT_068,Co,0.6,0.4,Ru0.60Co0.40Ox,O,1,data\substituted_adsorbates\MAT_068_O_site1_adsorbed.cif,data\substituted_slabs\MAT_068_110_slab.cif,multiple adsorption site structure
MAT_068,Co,0.6,0.4,Ru0.60Co0.40Ox,O,2,data\substituted_adsorbates\MAT_068_O_site2_adsorbed.cif,data\substituted_slabs\MAT_068_110_slab.cif,multiple adsorption site structure
MAT_068,Co,0.6,0.4,Ru0.60Co0.40Ox,O2,0,data\substituted_adsorbates\MAT_068_O2_site0_adsorbed.cif,data\substituted_slabs\MAT_068_110_slab.cif,multiple adsorption site structure
MAT_068,Co,0.6,0.4,Ru0.60Co0.40Ox,O2,1,data\substituted_adsorbates\MAT_068_O2_site1_adsorbed.cif,data\substituted_slabs\MAT_068_110_slab.cif,multiple adsorption site structure
MAT_068,Co,0.6,0.4,Ru0.60Co0.40Ox,O2,2,data\substituted_adsorbates\MAT_068_O2_site2_adsorbed.cif,data\substituted_slabs\MAT_068_110_slab.cif,multiple adsorption site structure
MAT_068,Co,0.6,0.4,Ru0.60Co0.40Ox,N2O,0,data\substituted_adsorbates\MAT_068_N2O_site0_adsorbed.cif,data\substituted_slabs\MAT_068_110_slab.cif,multiple adsorption site structure
MAT_068,Co,0.6,0.4,Ru0.60Co0.40Ox,N2O,1,data\substituted_adsorbates\MAT_068_N2O_site1_adsorbed.cif,data\substituted_slabs\MAT_068_110_slab.cif,multiple adsorption site structure
MAT_068,Co,0.6,0.4,Ru0.60Co0.40Ox,N2O,2,data\substituted_adsorbates\MAT_068_N2O_site2_adsorbed.cif,data\substituted_slabs\MAT_068_110_slab.cif,multiple adsorption site structure
MAT_069,Co,0.4,0.6,Ru0.40Co0.60Ox,O,0,data\substituted_adsorbates\MAT_069_O_site0_adsorbed.cif,data\substituted_slabs\MAT_069_110_slab.cif,multiple adsorption site structure
MAT_069,Co,0.4,0.6,Ru0.40Co0.60Ox,O,1,data\substituted_adsorbates\MAT_069_O_site1_adsorbed.cif,data\substituted_slabs\MAT_069_110_slab.cif,multiple adsorption site structure
MAT_069,Co,0.4,0.6,Ru0.40Co0.60Ox,O,2,data\substituted_adsorbates\MAT_069_O_site2_adsorbed.cif,data\substituted_slabs\MAT_069_110_slab.cif,multiple adsorption site structure
MAT_069,Co,0.4,0.6,Ru0.40Co0.60Ox,O2,0,data\substituted_adsorbates\MAT_069_O2_site0_adsorbed.cif,data\substituted_slabs\MAT_069_110_slab.cif,multiple adsorption site structure
MAT_069,Co,0.4,0.6,Ru0.40Co0.60Ox,O2,1,data\substituted_adsorbates\MAT_069_O2_site1_adsorbed.cif,data\substituted_slabs\MAT_069_110_slab.cif,multiple adsorption site structure
MAT_069,Co,0.4,0.6,Ru0.40Co0.60Ox,O2,2,data\substituted_adsorbates\MAT_069_O2_site2_adsorbed.cif,data\substituted_slabs\MAT_069_110_slab.cif,multiple adsorption site structure
MAT_069,Co,0.4,0.6,Ru0.40Co0.60Ox,N2O,0,data\substituted_adsorbates\MAT_069_N2O_site0_adsorbed.cif,data\substituted_slabs\MAT_069_110_slab.cif,multiple adsorption site structure
MAT_069,Co,0.4,0.6,Ru0.40Co0.60Ox,N2O,1,data\substituted_adsorbates\MAT_069_N2O_site1_adsorbed.cif,data\substituted_slabs\MAT_069_110_slab.cif,multiple adsorption site structure
MAT_069,Co,0.4,0.6,Ru0.40Co0.60Ox,N2O,2,data\substituted_adsorbates\MAT_069_N2O_site2_adsorbed.cif,data\substituted_slabs\MAT_069_110_slab.cif,multiple adsorption site structure
MAT_070,Co,0.2,0.8,Ru0.20Co0.80Ox,O,0,data\substituted_adsorbates\MAT_070_O_site0_adsorbed.cif,data\substituted_slabs\MAT_070_110_slab.cif,multiple adsorption site structure
MAT_070,Co,0.2,0.8,Ru0.20Co0.80Ox,O,1,data\substituted_adsorbates\MAT_070_O_site1_adsorbed.cif,data\substituted_slabs\MAT_070_110_slab.cif,multiple adsorption site structure
MAT_070,Co,0.2,0.8,Ru0.20Co0.80Ox,O,2,data\substituted_adsorbates\MAT_070_O_site2_adsorbed.cif,data\substituted_slabs\MAT_070_110_slab.cif,multiple adsorption site structure
MAT_070,Co,0.2,0.8,Ru0.20Co0.80Ox,O2,0,data\substituted_adsorbates\MAT_070_O2_site0_adsorbed.cif,data\substituted_slabs\MAT_070_110_slab.cif,multiple adsorption site structure
MAT_070,Co,0.2,0.8,Ru0.20Co0.80Ox,O2,1,data\substituted_adsorbates\MAT_070_O2_site1_adsorbed.cif,data\substituted_slabs\MAT_070_110_slab.cif,multiple adsorption site structure
MAT_070,Co,0.2,0.8,Ru0.20Co0.80Ox,O2,2,data\substituted_adsorbates\MAT_070_O2_site2_adsorbed.cif,data\substituted_slabs\MAT_070_110_slab.cif,multiple adsorption site structure
MAT_070,Co,0.2,0.8,Ru0.20Co0.80Ox,N2O,0,data\substituted_adsorbates\MAT_070_N2O_site0_adsorbed.cif,data\substituted_slabs\MAT_070_110_slab.cif,multiple adsorption site structure
MAT_070,Co,0.2,0.8,Ru0.20Co0.80Ox,N2O,1,data\substituted_adsorbates\MAT_070_N2O_site1_adsorbed.cif,data\substituted_slabs\MAT_070_110_slab.cif,multiple adsorption site structure
MAT_070,Co,0.2,0.8,Ru0.20Co0.80Ox,N2O,2,data\substituted_adsorbates\MAT_070_N2O_site2_adsorbed.cif,data\substituted_slabs\MAT_070_110_slab.cif,multiple adsorption site structure
MAT_072,Ni,0.8,0.1999999999999999,Ru0.80Ni0.20Ox,O,0,data\substituted_adsorbates\MAT_072_O_site0_adsorbed.cif,data\substituted_slabs\MAT_072_110_slab.cif,multiple adsorption site structure
MAT_072,Ni,0.8,0.1999999999999999,Ru0.80Ni0.20Ox,O,1,data\substituted_adsorbates\MAT_072_O_site1_adsorbed.cif,data\substituted_slabs\MAT_072_110_slab.cif,multiple adsorption site structure
MAT_072,Ni,0.8,0.1999999999999999,Ru0.80Ni0.20Ox,O,2,data\substituted_adsorbates\MAT_072_O_site2_adsorbed.cif,data\substituted_slabs\MAT_072_110_slab.cif,multiple adsorption site structure
MAT_072,Ni,0.8,0.1999999999999999,Ru0.80Ni0.20Ox,O2,0,data\substituted_adsorbates\MAT_072_O2_site0_adsorbed.cif,data\substituted_slabs\MAT_072_110_slab.cif,multiple adsorption site structure
MAT_072,Ni,0.8,0.1999999999999999,Ru0.80Ni0.20Ox,O2,1,data\substituted_adsorbates\MAT_072_O2_site1_adsorbed.cif,data\substituted_slabs\MAT_072_110_slab.cif,multiple adsorption site structure
MAT_072,Ni,0.8,0.1999999999999999,Ru0.80Ni0.20Ox,O2,2,data\substituted_adsorbates\MAT_072_O2_site2_adsorbed.cif,data\substituted_slabs\MAT_072_110_slab.cif,multiple adsorption site structure
MAT_072,Ni,0.8,0.1999999999999999,Ru0.80Ni0.20Ox,N2O,0,data\substituted_adsorbates\MAT_072_N2O_site0_adsorbed.cif,data\substituted_slabs\MAT_072_110_slab.cif,multiple adsorption site structure
MAT_072,Ni,0.8,0.1999999999999999,Ru0.80Ni0.20Ox,N2O,1,data\substituted_adsorbates\MAT_072_N2O_site1_adsorbed.cif,data\substituted_slabs\MAT_072_110_slab.cif,multiple adsorption site structure
MAT_072,Ni,0.8,0.1999999999999999,Ru0.80Ni0.20Ox,N2O,2,data\substituted_adsorbates\MAT_072_N2O_site2_adsorbed.cif,data\substituted_slabs\MAT_072_110_slab.cif,multiple adsorption site structure
MAT_073,Ni,0.6,0.4,Ru0.60Ni0.40Ox,O,0,data\substituted_adsorbates\MAT_073_O_site0_adsorbed.cif,data\substituted_slabs\MAT_073_110_slab.cif,multiple adsorption site structure
MAT_073,Ni,0.6,0.4,Ru0.60Ni0.40Ox,O,1,data\substituted_adsorbates\MAT_073_O_site1_adsorbed.cif,data\substituted_slabs\MAT_073_110_slab.cif,multiple adsorption site structure
MAT_073,Ni,0.6,0.4,Ru0.60Ni0.40Ox,O,2,data\substituted_adsorbates\MAT_073_O_site2_adsorbed.cif,data\substituted_slabs\MAT_073_110_slab.cif,multiple adsorption site structure
MAT_073,Ni,0.6,0.4,Ru0.60Ni0.40Ox,O2,0,data\substituted_adsorbates\MAT_073_O2_site0_adsorbed.cif,data\substituted_slabs\MAT_073_110_slab.cif,multiple adsorption site structure
MAT_073,Ni,0.6,0.4,Ru0.60Ni0.40Ox,O2,1,data\substituted_adsorbates\MAT_073_O2_site1_adsorbed.cif,data\substituted_slabs\MAT_073_110_slab.cif,multiple adsorption site structure
MAT_073,Ni,0.6,0.4,Ru0.60Ni0.40Ox,O2,2,data\substituted_adsorbates\MAT_073_O2_site2_adsorbed.cif,data\substituted_slabs\MAT_073_110_slab.cif,multiple adsorption site structure
MAT_073,Ni,0.6,0.4,Ru0.60Ni0.40Ox,N2O,0,data\substituted_adsorbates\MAT_073_N2O_site0_adsorbed.cif,data\substituted_slabs\MAT_073_110_slab.cif,multiple adsorption site structure
MAT_073,Ni,0.6,0.4,Ru0.60Ni0.40Ox,N2O,1,data\substituted_adsorbates\MAT_073_N2O_site1_adsorbed.cif,data\substituted_slabs\MAT_073_110_slab.cif,multiple adsorption site structure
MAT_073,Ni,0.6,0.4,Ru0.60Ni0.40Ox,N2O,2,data\substituted_adsorbates\MAT_073_N2O_site2_adsorbed.cif,data\substituted_slabs\MAT_073_110_slab.cif,multiple adsorption site structure
MAT_074,Ni,0.4,0.6,Ru0.40Ni0.60Ox,O,0,data\substituted_adsorbates\MAT_074_O_site0_adsorbed.cif,data\substituted_slabs\MAT_074_110_slab.cif,multiple adsorption site structure
MAT_074,Ni,0.4,0.6,Ru0.40Ni0.60Ox,O,1,data\substituted_adsorbates\MAT_074_O_site1_adsorbed.cif,data\substituted_slabs\MAT_074_110_slab.cif,multiple adsorption site structure
MAT_074,Ni,0.4,0.6,Ru0.40Ni0.60Ox,O,2,data\substituted_adsorbates\MAT_074_O_site2_adsorbed.cif,data\substituted_slabs\MAT_074_110_slab.cif,multiple adsorption site structure
MAT_074,Ni,0.4,0.6,Ru0.40Ni0.60Ox,O2,0,data\substituted_adsorbates\MAT_074_O2_site0_adsorbed.cif,data\substituted_slabs\MAT_074_110_slab.cif,multiple adsorption site structure
MAT_074,Ni,0.4,0.6,Ru0.40Ni0.60Ox,O2,1,data\substituted_adsorbates\MAT_074_O2_site1_adsorbed.cif,data\substituted_slabs\MAT_074_110_slab.cif,multiple adsorption site structure
MAT_074,Ni,0.4,0.6,Ru0.40Ni0.60Ox,O2,2,data\substituted_adsorbates\MAT_074_O2_site2_adsorbed.cif,data\substituted_slabs\MAT_074_110_slab.cif,multiple adsorption site structure
MAT_074,Ni,0.4,0.6,Ru0.40Ni0.60Ox,N2O,0,data\substituted_adsorbates\MAT_074_N2O_site0_adsorbed.cif,data\substituted_slabs\MAT_074_110_slab.cif,multiple adsorption site structure
MAT_074,Ni,0.4,0.6,Ru0.40Ni0.60Ox,N2O,1,data\substituted_adsorbates\MAT_074_N2O_site1_adsorbed.cif,data\substituted_slabs\MAT_074_110_slab.cif,multiple adsorption site structure
MAT_074,Ni,0.4,0.6,Ru0.40Ni0.60Ox,N2O,2,data\substituted_adsorbates\MAT_074_N2O_site2_adsorbed.cif,data\substituted_slabs\MAT_074_110_slab.cif,multiple adsorption site structure
MAT_075,Ni,0.2,0.8,Ru0.20Ni0.80Ox,O,0,data\substituted_adsorbates\MAT_075_O_site0_adsorbed.cif,data\substituted_slabs\MAT_075_110_slab.cif,multiple adsorption site structure
MAT_075,Ni,0.2,0.8,Ru0.20Ni0.80Ox,O,1,data\substituted_adsorbates\MAT_075_O_site1_adsorbed.cif,data\substituted_slabs\MAT_075_110_slab.cif,multiple adsorption site structure
MAT_075,Ni,0.2,0.8,Ru0.20Ni0.80Ox,O,2,data\substituted_adsorbates\MAT_075_O_site2_adsorbed.cif,data\substituted_slabs\MAT_075_110_slab.cif,multiple adsorption site structure
MAT_075,Ni,0.2,0.8,Ru0.20Ni0.80Ox,O2,0,data\substituted_adsorbates\MAT_075_O2_site0_adsorbed.cif,data\substituted_slabs\MAT_075_110_slab.cif,multiple adsorption site structure
MAT_075,Ni,0.2,0.8,Ru0.20Ni0.80Ox,O2,1,data\substituted_adsorbates\MAT_075_O2_site1_adsorbed.cif,data\substituted_slabs\MAT_075_110_slab.cif,multiple adsorption site structure
MAT_075,Ni,0.2,0.8,Ru0.20Ni0.80Ox,O2,2,data\substituted_adsorbates\MAT_075_O2_site2_adsorbed.cif,data\substituted_slabs\MAT_075_110_slab.cif,multiple adsorption site structure
MAT_075,Ni,0.2,0.8,Ru0.20Ni0.80Ox,N2O,0,data\substituted_adsorbates\MAT_075_N2O_site0_adsorbed.cif,data\substituted_slabs\MAT_075_110_slab.cif,multiple adsorption site structure
MAT_075,Ni,0.2,0.8,Ru0.20Ni0.80Ox,N2O,1,data\substituted_adsorbates\MAT_075_N2O_site1_adsorbed.cif,data\substituted_slabs\MAT_075_110_slab.cif,multiple adsorption site structure
MAT_075,Ni,0.2,0.8,Ru0.20Ni0.80Ox,N2O,2,data\substituted_adsorbates\MAT_075_N2O_site2_adsorbed.cif,data\substituted_slabs\MAT_075_110_slab.cif,multiple adsorption site structure
MAT_077,Cu,0.8,0.1999999999999999,Ru0.80Cu0.20Ox,O,0,data\substituted_adsorbates\MAT_077_O_site0_adsorbed.cif,data\substituted_slabs\MAT_077_110_slab.cif,multiple adsorption site structure
MAT_077,Cu,0.8,0.1999999999999999,Ru0.80Cu0.20Ox,O,1,data\substituted_adsorbates\MAT_077_O_site1_adsorbed.cif,data\substituted_slabs\MAT_077_110_slab.cif,multiple adsorption site structure
MAT_077,Cu,0.8,0.1999999999999999,Ru0.80Cu0.20Ox,O,2,data\substituted_adsorbates\MAT_077_O_site2_adsorbed.cif,data\substituted_slabs\MAT_077_110_slab.cif,multiple adsorption site structure
MAT_077,Cu,0.8,0.1999999999999999,Ru0.80Cu0.20Ox,O2,0,data\substituted_adsorbates\MAT_077_O2_site0_adsorbed.cif,data\substituted_slabs\MAT_077_110_slab.cif,multiple adsorption site structure
MAT_077,Cu,0.8,0.1999999999999999,Ru0.80Cu0.20Ox,O2,1,data\substituted_adsorbates\MAT_077_O2_site1_adsorbed.cif,data\substituted_slabs\MAT_077_110_slab.cif,multiple adsorption site structure
MAT_077,Cu,0.8,0.1999999999999999,Ru0.80Cu0.20Ox,O2,2,data\substituted_adsorbates\MAT_077_O2_site2_adsorbed.cif,data\substituted_slabs\MAT_077_110_slab.cif,multiple adsorption site structure
MAT_077,Cu,0.8,0.1999999999999999,Ru0.80Cu0.20Ox,N2O,0,data\substituted_adsorbates\MAT_077_N2O_site0_adsorbed.cif,data\substituted_slabs\MAT_077_110_slab.cif,multiple adsorption site structure
MAT_077,Cu,0.8,0.1999999999999999,Ru0.80Cu0.20Ox,N2O,1,data\substituted_adsorbates\MAT_077_N2O_site1_adsorbed.cif,data\substituted_slabs\MAT_077_110_slab.cif,multiple adsorption site structure
MAT_077,Cu,0.8,0.1999999999999999,Ru0.80Cu0.20Ox,N2O,2,data\substituted_adsorbates\MAT_077_N2O_site2_adsorbed.cif,data\substituted_slabs\MAT_077_110_slab.cif,multiple adsorption site structure
MAT_078,Cu,0.6,0.4,Ru0.60Cu0.40Ox,O,0,data\substituted_adsorbates\MAT_078_O_site0_adsorbed.cif,data\substituted_slabs\MAT_078_110_slab.cif,multiple adsorption site structure
MAT_078,Cu,0.6,0.4,Ru0.60Cu0.40Ox,O,1,data\substituted_adsorbates\MAT_078_O_site1_adsorbed.cif,data\substituted_slabs\MAT_078_110_slab.cif,multiple adsorption site structure
MAT_078,Cu,0.6,0.4,Ru0.60Cu0.40Ox,O,2,data\substituted_adsorbates\MAT_078_O_site2_adsorbed.cif,data\substituted_slabs\MAT_078_110_slab.cif,multiple adsorption site structure
MAT_078,Cu,0.6,0.4,Ru0.60Cu0.40Ox,O2,0,data\substituted_adsorbates\MAT_078_O2_site0_adsorbed.cif,data\substituted_slabs\MAT_078_110_slab.cif,multiple adsorption site structure
MAT_078,Cu,0.6,0.4,Ru0.60Cu0.40Ox,O2,1,data\substituted_adsorbates\MAT_078_O2_site1_adsorbed.cif,data\substituted_slabs\MAT_078_110_slab.cif,multiple adsorption site structure
MAT_078,Cu,0.6,0.4,Ru0.60Cu0.40Ox,O2,2,data\substituted_adsorbates\MAT_078_O2_site2_adsorbed.cif,data\substituted_slabs\MAT_078_110_slab.cif,multiple adsorption site structure
MAT_078,Cu,0.6,0.4,Ru0.60Cu0.40Ox,N2O,0,data\substituted_adsorbates\MAT_078_N2O_site0_adsorbed.cif,data\substituted_slabs\MAT_078_110_slab.cif,multiple adsorption site structure
MAT_078,Cu,0.6,0.4,Ru0.60Cu0.40Ox,N2O,1,data\substituted_adsorbates\MAT_078_N2O_site1_adsorbed.cif,data\substituted_slabs\MAT_078_110_slab.cif,multiple adsorption site structure
MAT_078,Cu,0.6,0.4,Ru0.60Cu0.40Ox,N2O,2,data\substituted_adsorbates\MAT_078_N2O_site2_adsorbed.cif,data\substituted_slabs\MAT_078_110_slab.cif,multiple adsorption site structure
MAT_079,Cu,0.4,0.6,Ru0.40Cu0.60Ox,O,0,data\substituted_adsorbates\MAT_079_O_site0_adsorbed.cif,data\substituted_slabs\MAT_079_110_slab.cif,multiple adsorption site structure
MAT_079,Cu,0.4,0.6,Ru0.40Cu0.60Ox,O,1,data\substituted_adsorbates\MAT_079_O_site1_adsorbed.cif,data\substituted_slabs\MAT_079_110_slab.cif,multiple adsorption site structure
MAT_079,Cu,0.4,0.6,Ru0.40Cu0.60Ox,O,2,data\substituted_adsorbates\MAT_079_O_site2_adsorbed.cif,data\substituted_slabs\MAT_079_110_slab.cif,multiple adsorption site structure
MAT_079,Cu,0.4,0.6,Ru0.40Cu0.60Ox,O2,0,data\substituted_adsorbates\MAT_079_O2_site0_adsorbed.cif,data\substituted_slabs\MAT_079_110_slab.cif,multiple adsorption site structure
MAT_079,Cu,0.4,0.6,Ru0.40Cu0.60Ox,O2,1,data\substituted_adsorbates\MAT_079_O2_site1_adsorbed.cif,data\substituted_slabs\MAT_079_110_slab.cif,multiple adsorption site structure
MAT_079,Cu,0.4,0.6,Ru0.40Cu0.60Ox,O2,2,data\substituted_adsorbates\MAT_079_O2_site2_adsorbed.cif,data\substituted_slabs\MAT_079_110_slab.cif,multiple adsorption site structure
MAT_079,Cu,0.4,0.6,Ru0.40Cu0.60Ox,N2O,0,data\substituted_adsorbates\MAT_079_N2O_site0_adsorbed.cif,data\substituted_slabs\MAT_079_110_slab.cif,multiple adsorption site structure
MAT_079,Cu,0.4,0.6,Ru0.40Cu0.60Ox,N2O,1,data\substituted_adsorbates\MAT_079_N2O_site1_adsorbed.cif,data\substituted_slabs\MAT_079_110_slab.cif,multiple adsorption site structure
MAT_079,Cu,0.4,0.6,Ru0.40Cu0.60Ox,N2O,2,data\substituted_adsorbates\MAT_079_N2O_site2_adsorbed.cif,data\substituted_slabs\MAT_079_110_slab.cif,multiple adsorption site structure
MAT_080,Cu,0.2,0.8,Ru0.20Cu0.80Ox,O,0,data\substituted_adsorbates\MAT_080_O_site0_adsorbed.cif,data\substituted_slabs\MAT_080_110_slab.cif,multiple adsorption site structure
MAT_080,Cu,0.2,0.8,Ru0.20Cu0.80Ox,O,1,data\substituted_adsorbates\MAT_080_O_site1_adsorbed.cif,data\substituted_slabs\MAT_080_110_slab.cif,multiple adsorption site structure
MAT_080,Cu,0.2,0.8,Ru0.20Cu0.80Ox,O,2,data\substituted_adsorbates\MAT_080_O_site2_adsorbed.cif,data\substituted_slabs\MAT_080_110_slab.cif,multiple adsorption site structure
MAT_080,Cu,0.2,0.8,Ru0.20Cu0.80Ox,O2,0,data\substituted_adsorbates\MAT_080_O2_site0_adsorbed.cif,data\substituted_slabs\MAT_080_110_slab.cif,multiple adsorption site structure
MAT_080,Cu,0.2,0.8,Ru0.20Cu0.80Ox,O2,1,data\substituted_adsorbates\MAT_080_O2_site1_adsorbed.cif,data\substituted_slabs\MAT_080_110_slab.cif,multiple adsorption site structure
MAT_080,Cu,0.2,0.8,Ru0.20Cu0.80Ox,O2,2,data\substituted_adsorbates\MAT_080_O2_site2_adsorbed.cif,data\substituted_slabs\MAT_080_110_slab.cif,multiple adsorption site structure
MAT_080,Cu,0.2,0.8,Ru0.20Cu0.80Ox,N2O,0,data\substituted_adsorbates\MAT_080_N2O_site0_adsorbed.cif,data\substituted_slabs\MAT_080_110_slab.cif,multiple adsorption site structure
MAT_080,Cu,0.2,0.8,Ru0.20Cu0.80Ox,N2O,1,data\substituted_adsorbates\MAT_080_N2O_site1_adsorbed.cif,data\substituted_slabs\MAT_080_110_slab.cif,multiple adsorption site structure
MAT_080,Cu,0.2,0.8,Ru0.20Cu0.80Ox,N2O,2,data\substituted_adsorbates\MAT_080_N2O_site2_adsorbed.cif,data\substituted_slabs\MAT_080_110_slab.cif,multiple adsorption site structure
MAT_082,Zn,0.8,0.1999999999999999,Ru0.80Zn0.20Ox,O,0,data\substituted_adsorbates\MAT_082_O_site0_adsorbed.cif,data\substituted_slabs\MAT_082_110_slab.cif,multiple adsorption site structure
MAT_082,Zn,0.8,0.1999999999999999,Ru0.80Zn0.20Ox,O,1,data\substituted_adsorbates\MAT_082_O_site1_adsorbed.cif,data\substituted_slabs\MAT_082_110_slab.cif,multiple adsorption site structure
MAT_082,Zn,0.8,0.1999999999999999,Ru0.80Zn0.20Ox,O,2,data\substituted_adsorbates\MAT_082_O_site2_adsorbed.cif,data\substituted_slabs\MAT_082_110_slab.cif,multiple adsorption site structure
MAT_082,Zn,0.8,0.1999999999999999,Ru0.80Zn0.20Ox,O2,0,data\substituted_adsorbates\MAT_082_O2_site0_adsorbed.cif,data\substituted_slabs\MAT_082_110_slab.cif,multiple adsorption site structure
MAT_082,Zn,0.8,0.1999999999999999,Ru0.80Zn0.20Ox,O2,1,data\substituted_adsorbates\MAT_082_O2_site1_adsorbed.cif,data\substituted_slabs\MAT_082_110_slab.cif,multiple adsorption site structure
MAT_082,Zn,0.8,0.1999999999999999,Ru0.80Zn0.20Ox,O2,2,data\substituted_adsorbates\MAT_082_O2_site2_adsorbed.cif,data\substituted_slabs\MAT_082_110_slab.cif,multiple adsorption site structure
MAT_082,Zn,0.8,0.1999999999999999,Ru0.80Zn0.20Ox,N2O,0,data\substituted_adsorbates\MAT_082_N2O_site0_adsorbed.cif,data\substituted_slabs\MAT_082_110_slab.cif,multiple adsorption site structure
MAT_082,Zn,0.8,0.1999999999999999,Ru0.80Zn0.20Ox,N2O,1,data\substituted_adsorbates\MAT_082_N2O_site1_adsorbed.cif,data\substituted_slabs\MAT_082_110_slab.cif,multiple adsorption site structure
MAT_082,Zn,0.8,0.1999999999999999,Ru0.80Zn0.20Ox,N2O,2,data\substituted_adsorbates\MAT_082_N2O_site2_adsorbed.cif,data\substituted_slabs\MAT_082_110_slab.cif,multiple adsorption site structure
MAT_083,Zn,0.6,0.4,Ru0.60Zn0.40Ox,O,0,data\substituted_adsorbates\MAT_083_O_site0_adsorbed.cif,data\substituted_slabs\MAT_083_110_slab.cif,multiple adsorption site structure
MAT_083,Zn,0.6,0.4,Ru0.60Zn0.40Ox,O,1,data\substituted_adsorbates\MAT_083_O_site1_adsorbed.cif,data\substituted_slabs\MAT_083_110_slab.cif,multiple adsorption site structure
MAT_083,Zn,0.6,0.4,Ru0.60Zn0.40Ox,O,2,data\substituted_adsorbates\MAT_083_O_site2_adsorbed.cif,data\substituted_slabs\MAT_083_110_slab.cif,multiple adsorption site structure
MAT_083,Zn,0.6,0.4,Ru0.60Zn0.40Ox,O2,0,data\substituted_adsorbates\MAT_083_O2_site0_adsorbed.cif,data\substituted_slabs\MAT_083_110_slab.cif,multiple adsorption site structure
MAT_083,Zn,0.6,0.4,Ru0.60Zn0.40Ox,O2,1,data\substituted_adsorbates\MAT_083_O2_site1_adsorbed.cif,data\substituted_slabs\MAT_083_110_slab.cif,multiple adsorption site structure
MAT_083,Zn,0.6,0.4,Ru0.60Zn0.40Ox,O2,2,data\substituted_adsorbates\MAT_083_O2_site2_adsorbed.cif,data\substituted_slabs\MAT_083_110_slab.cif,multiple adsorption site structure
MAT_083,Zn,0.6,0.4,Ru0.60Zn0.40Ox,N2O,0,data\substituted_adsorbates\MAT_083_N2O_site0_adsorbed.cif,data\substituted_slabs\MAT_083_110_slab.cif,multiple adsorption site structure
MAT_083,Zn,0.6,0.4,Ru0.60Zn0.40Ox,N2O,1,data\substituted_adsorbates\MAT_083_N2O_site1_adsorbed.cif,data\substituted_slabs\MAT_083_110_slab.cif,multiple adsorption site structure
MAT_083,Zn,0.6,0.4,Ru0.60Zn0.40Ox,N2O,2,data\substituted_adsorbates\MAT_083_N2O_site2_adsorbed.cif,data\substituted_slabs\MAT_083_110_slab.cif,multiple adsorption site structure
MAT_084,Zn,0.4,0.6,Ru0.40Zn0.60Ox,O,0,data\substituted_adsorbates\MAT_084_O_site0_adsorbed.cif,data\substituted_slabs\MAT_084_110_slab.cif,multiple adsorption site structure
MAT_084,Zn,0.4,0.6,Ru0.40Zn0.60Ox,O,1,data\substituted_adsorbates\MAT_084_O_site1_adsorbed.cif,data\substituted_slabs\MAT_084_110_slab.cif,multiple adsorption site structure
MAT_084,Zn,0.4,0.6,Ru0.40Zn0.60Ox,O,2,data\substituted_adsorbates\MAT_084_O_site2_adsorbed.cif,data\substituted_slabs\MAT_084_110_slab.cif,multiple adsorption site structure
MAT_084,Zn,0.4,0.6,Ru0.40Zn0.60Ox,O2,0,data\substituted_adsorbates\MAT_084_O2_site0_adsorbed.cif,data\substituted_slabs\MAT_084_110_slab.cif,multiple adsorption site structure
MAT_084,Zn,0.4,0.6,Ru0.40Zn0.60Ox,O2,1,data\substituted_adsorbates\MAT_084_O2_site1_adsorbed.cif,data\substituted_slabs\MAT_084_110_slab.cif,multiple adsorption site structure
MAT_084,Zn,0.4,0.6,Ru0.40Zn0.60Ox,O2,2,data\substituted_adsorbates\MAT_084_O2_site2_adsorbed.cif,data\substituted_slabs\MAT_084_110_slab.cif,multiple adsorption site structure
MAT_084,Zn,0.4,0.6,Ru0.40Zn0.60Ox,N2O,0,data\substituted_adsorbates\MAT_084_N2O_site0_adsorbed.cif,data\substituted_slabs\MAT_084_110_slab.cif,multiple adsorption site structure
MAT_084,Zn,0.4,0.6,Ru0.40Zn0.60Ox,N2O,1,data\substituted_adsorbates\MAT_084_N2O_site1_adsorbed.cif,data\substituted_slabs\MAT_084_110_slab.cif,multiple adsorption site structure
MAT_084,Zn,0.4,0.6,Ru0.40Zn0.60Ox,N2O,2,data\substituted_adsorbates\MAT_084_N2O_site2_adsorbed.cif,data\substituted_slabs\MAT_084_110_slab.cif,multiple adsorption site structure
MAT_085,Zn,0.2,0.8,Ru0.20Zn0.80Ox,O,0,data\substituted_adsorbates\MAT_085_O_site0_adsorbed.cif,data\substituted_slabs\MAT_085_110_slab.cif,multiple adsorption site structure
MAT_085,Zn,0.2,0.8,Ru0.20Zn0.80Ox,O,1,data\substituted_adsorbates\MAT_085_O_site1_adsorbed.cif,data\substituted_slabs\MAT_085_110_slab.cif,multiple adsorption site structure
MAT_085,Zn,0.2,0.8,Ru0.20Zn0.80Ox,O,2,data\substituted_adsorbates\MAT_085_O_site2_adsorbed.cif,data\substituted_slabs\MAT_085_110_slab.cif,multiple adsorption site structure
MAT_085,Zn,0.2,0.8,Ru0.20Zn0.80Ox,O2,0,data\substituted_adsorbates\MAT_085_O2_site0_adsorbed.cif,data\substituted_slabs\MAT_085_110_slab.cif,multiple adsorption site structure
MAT_085,Zn,0.2,0.8,Ru0.20Zn0.80Ox,O2,1,data\substituted_adsorbates\MAT_085_O2_site1_adsorbed.cif,data\substituted_slabs\MAT_085_110_slab.cif,multiple adsorption site structure
MAT_085,Zn,0.2,0.8,Ru0.20Zn0.80Ox,O2,2,data\substituted_adsorbates\MAT_085_O2_site2_adsorbed.cif,data\substituted_slabs\MAT_085_110_slab.cif,multiple adsorption site structure
MAT_085,Zn,0.2,0.8,Ru0.20Zn0.80Ox,N2O,0,data\substituted_adsorbates\MAT_085_N2O_site0_adsorbed.cif,data\substituted_slabs\MAT_085_110_slab.cif,multiple adsorption site structure
MAT_085,Zn,0.2,0.8,Ru0.20Zn0.80Ox,N2O,1,data\substituted_adsorbates\MAT_085_N2O_site1_adsorbed.cif,data\substituted_slabs\MAT_085_110_slab.cif,multiple adsorption site structure
MAT_085,Zn,0.2,0.8,Ru0.20Zn0.80Ox,N2O,2,data\substituted_adsorbates\MAT_085_N2O_site2_adsorbed.cif,data\substituted_slabs\MAT_085_110_slab.cif,multiple adsorption site structure
MAT_087,Ga,0.8,0.1999999999999999,Ru0.80Ga0.20Ox,O,0,data\substituted_adsorbates\MAT_087_O_site0_adsorbed.cif,data\substituted_slabs\MAT_087_110_slab.cif,multiple adsorption site structure
MAT_087,Ga,0.8,0.1999999999999999,Ru0.80Ga0.20Ox,O,1,data\substituted_adsorbates\MAT_087_O_site1_adsorbed.cif,data\substituted_slabs\MAT_087_110_slab.cif,multiple adsorption site structure
MAT_087,Ga,0.8,0.1999999999999999,Ru0.80Ga0.20Ox,O,2,data\substituted_adsorbates\MAT_087_O_site2_adsorbed.cif,data\substituted_slabs\MAT_087_110_slab.cif,multiple adsorption site structure
MAT_087,Ga,0.8,0.1999999999999999,Ru0.80Ga0.20Ox,O2,0,data\substituted_adsorbates\MAT_087_O2_site0_adsorbed.cif,data\substituted_slabs\MAT_087_110_slab.cif,multiple adsorption site structure
MAT_087,Ga,0.8,0.1999999999999999,Ru0.80Ga0.20Ox,O2,1,data\substituted_adsorbates\MAT_087_O2_site1_adsorbed.cif,data\substituted_slabs\MAT_087_110_slab.cif,multiple adsorption site structure
MAT_087,Ga,0.8,0.1999999999999999,Ru0.80Ga0.20Ox,O2,2,data\substituted_adsorbates\MAT_087_O2_site2_adsorbed.cif,data\substituted_slabs\MAT_087_110_slab.cif,multiple adsorption site structure
MAT_087,Ga,0.8,0.1999999999999999,Ru0.80Ga0.20Ox,N2O,0,data\substituted_adsorbates\MAT_087_N2O_site0_adsorbed.cif,data\substituted_slabs\MAT_087_110_slab.cif,multiple adsorption site structure
MAT_087,Ga,0.8,0.1999999999999999,Ru0.80Ga0.20Ox,N2O,1,data\substituted_adsorbates\MAT_087_N2O_site1_adsorbed.cif,data\substituted_slabs\MAT_087_110_slab.cif,multiple adsorption site structure
MAT_087,Ga,0.8,0.1999999999999999,Ru0.80Ga0.20Ox,N2O,2,data\substituted_adsorbates\MAT_087_N2O_site2_adsorbed.cif,data\substituted_slabs\MAT_087_110_slab.cif,multiple adsorption site structure
MAT_088,Ga,0.6,0.4,Ru0.60Ga0.40Ox,O,0,data\substituted_adsorbates\MAT_088_O_site0_adsorbed.cif,data\substituted_slabs\MAT_088_110_slab.cif,multiple adsorption site structure
MAT_088,Ga,0.6,0.4,Ru0.60Ga0.40Ox,O,1,data\substituted_adsorbates\MAT_088_O_site1_adsorbed.cif,data\substituted_slabs\MAT_088_110_slab.cif,multiple adsorption site structure
MAT_088,Ga,0.6,0.4,Ru0.60Ga0.40Ox,O,2,data\substituted_adsorbates\MAT_088_O_site2_adsorbed.cif,data\substituted_slabs\MAT_088_110_slab.cif,multiple adsorption site structure
MAT_088,Ga,0.6,0.4,Ru0.60Ga0.40Ox,O2,0,data\substituted_adsorbates\MAT_088_O2_site0_adsorbed.cif,data\substituted_slabs\MAT_088_110_slab.cif,multiple adsorption site structure
MAT_088,Ga,0.6,0.4,Ru0.60Ga0.40Ox,O2,1,data\substituted_adsorbates\MAT_088_O2_site1_adsorbed.cif,data\substituted_slabs\MAT_088_110_slab.cif,multiple adsorption site structure
MAT_088,Ga,0.6,0.4,Ru0.60Ga0.40Ox,O2,2,data\substituted_adsorbates\MAT_088_O2_site2_adsorbed.cif,data\substituted_slabs\MAT_088_110_slab.cif,multiple adsorption site structure
MAT_088,Ga,0.6,0.4,Ru0.60Ga0.40Ox,N2O,0,data\substituted_adsorbates\MAT_088_N2O_site0_adsorbed.cif,data\substituted_slabs\MAT_088_110_slab.cif,multiple adsorption site structure
MAT_088,Ga,0.6,0.4,Ru0.60Ga0.40Ox,N2O,1,data\substituted_adsorbates\MAT_088_N2O_site1_adsorbed.cif,data\substituted_slabs\MAT_088_110_slab.cif,multiple adsorption site structure
MAT_088,Ga,0.6,0.4,Ru0.60Ga0.40Ox,N2O,2,data\substituted_adsorbates\MAT_088_N2O_site2_adsorbed.cif,data\substituted_slabs\MAT_088_110_slab.cif,multiple adsorption site structure
MAT_089,Ga,0.4,0.6,Ru0.40Ga0.60Ox,O,0,data\substituted_adsorbates\MAT_089_O_site0_adsorbed.cif,data\substituted_slabs\MAT_089_110_slab.cif,multiple adsorption site structure
MAT_089,Ga,0.4,0.6,Ru0.40Ga0.60Ox,O,1,data\substituted_adsorbates\MAT_089_O_site1_adsorbed.cif,data\substituted_slabs\MAT_089_110_slab.cif,multiple adsorption site structure
MAT_089,Ga,0.4,0.6,Ru0.40Ga0.60Ox,O,2,data\substituted_adsorbates\MAT_089_O_site2_adsorbed.cif,data\substituted_slabs\MAT_089_110_slab.cif,multiple adsorption site structure
MAT_089,Ga,0.4,0.6,Ru0.40Ga0.60Ox,O2,0,data\substituted_adsorbates\MAT_089_O2_site0_adsorbed.cif,data\substituted_slabs\MAT_089_110_slab.cif,multiple adsorption site structure
MAT_089,Ga,0.4,0.6,Ru0.40Ga0.60Ox,O2,1,data\substituted_adsorbates\MAT_089_O2_site1_adsorbed.cif,data\substituted_slabs\MAT_089_110_slab.cif,multiple adsorption site structure
MAT_089,Ga,0.4,0.6,Ru0.40Ga0.60Ox,O2,2,data\substituted_adsorbates\MAT_089_O2_site2_adsorbed.cif,data\substituted_slabs\MAT_089_110_slab.cif,multiple adsorption site structure
MAT_089,Ga,0.4,0.6,Ru0.40Ga0.60Ox,N2O,0,data\substituted_adsorbates\MAT_089_N2O_site0_adsorbed.cif,data\substituted_slabs\MAT_089_110_slab.cif,multiple adsorption site structure
MAT_089,Ga,0.4,0.6,Ru0.40Ga0.60Ox,N2O,1,data\substituted_adsorbates\MAT_089_N2O_site1_adsorbed.cif,data\substituted_slabs\MAT_089_110_slab.cif,multiple adsorption site structure
MAT_089,Ga,0.4,0.6,Ru0.40Ga0.60Ox,N2O,2,data\substituted_adsorbates\MAT_089_N2O_site2_adsorbed.cif,data\substituted_slabs\MAT_089_110_slab.cif,multiple adsorption site structure
MAT_090,Ga,0.2,0.8,Ru0.20Ga0.80Ox,O,0,data\substituted_adsorbates\MAT_090_O_site0_adsorbed.cif,data\substituted_slabs\MAT_090_110_slab.cif,multiple adsorption site structure
MAT_090,Ga,0.2,0.8,Ru0.20Ga0.80Ox,O,1,data\substituted_adsorbates\MAT_090_O_site1_adsorbed.cif,data\substituted_slabs\MAT_090_110_slab.cif,multiple adsorption site structure
MAT_090,Ga,0.2,0.8,Ru0.20Ga0.80Ox,O,2,data\substituted_adsorbates\MAT_090_O_site2_adsorbed.cif,data\substituted_slabs\MAT_090_110_slab.cif,multiple adsorption site structure
MAT_090,Ga,0.2,0.8,Ru0.20Ga0.80Ox,O2,0,data\substituted_adsorbates\MAT_090_O2_site0_adsorbed.cif,data\substituted_slabs\MAT_090_110_slab.cif,multiple adsorption site structure
MAT_090,Ga,0.2,0.8,Ru0.20Ga0.80Ox,O2,1,data\substituted_adsorbates\MAT_090_O2_site1_adsorbed.cif,data\substituted_slabs\MAT_090_110_slab.cif,multiple adsorption site structure
MAT_090,Ga,0.2,0.8,Ru0.20Ga0.80Ox,O2,2,data\substituted_adsorbates\MAT_090_O2_site2_adsorbed.cif,data\substituted_slabs\MAT_090_110_slab.cif,multiple adsorption site structure
MAT_090,Ga,0.2,0.8,Ru0.20Ga0.80Ox,N2O,0,data\substituted_adsorbates\MAT_090_N2O_site0_adsorbed.cif,data\substituted_slabs\MAT_090_110_slab.cif,multiple adsorption site structure
MAT_090,Ga,0.2,0.8,Ru0.20Ga0.80Ox,N2O,1,data\substituted_adsorbates\MAT_090_N2O_site1_adsorbed.cif,data\substituted_slabs\MAT_090_110_slab.cif,multiple adsorption site structure
MAT_090,Ga,0.2,0.8,Ru0.20Ga0.80Ox,N2O,2,data\substituted_adsorbates\MAT_090_N2O_site2_adsorbed.cif,data\substituted_slabs\MAT_090_110_slab.cif,multiple adsorption site structure
MAT_092,Ge,0.8,0.1999999999999999,Ru0.80Ge0.20Ox,O,0,data\substituted_adsorbates\MAT_092_O_site0_adsorbed.cif,data\substituted_slabs\MAT_092_110_slab.cif,multiple adsorption site structure
MAT_092,Ge,0.8,0.1999999999999999,Ru0.80Ge0.20Ox,O,1,data\substituted_adsorbates\MAT_092_O_site1_adsorbed.cif,data\substituted_slabs\MAT_092_110_slab.cif,multiple adsorption site structure
MAT_092,Ge,0.8,0.1999999999999999,Ru0.80Ge0.20Ox,O,2,data\substituted_adsorbates\MAT_092_O_site2_adsorbed.cif,data\substituted_slabs\MAT_092_110_slab.cif,multiple adsorption site structure
MAT_092,Ge,0.8,0.1999999999999999,Ru0.80Ge0.20Ox,O2,0,data\substituted_adsorbates\MAT_092_O2_site0_adsorbed.cif,data\substituted_slabs\MAT_092_110_slab.cif,multiple adsorption site structure
MAT_092,Ge,0.8,0.1999999999999999,Ru0.80Ge0.20Ox,O2,1,data\substituted_adsorbates\MAT_092_O2_site1_adsorbed.cif,data\substituted_slabs\MAT_092_110_slab.cif,multiple adsorption site structure
MAT_092,Ge,0.8,0.1999999999999999,Ru0.80Ge0.20Ox,O2,2,data\substituted_adsorbates\MAT_092_O2_site2_adsorbed.cif,data\substituted_slabs\MAT_092_110_slab.cif,multiple adsorption site structure
MAT_092,Ge,0.8,0.1999999999999999,Ru0.80Ge0.20Ox,N2O,0,data\substituted_adsorbates\MAT_092_N2O_site0_adsorbed.cif,data\substituted_slabs\MAT_092_110_slab.cif,multiple adsorption site structure
MAT_092,Ge,0.8,0.1999999999999999,Ru0.80Ge0.20Ox,N2O,1,data\substituted_adsorbates\MAT_092_N2O_site1_adsorbed.cif,data\substituted_slabs\MAT_092_110_slab.cif,multiple adsorption site structure
MAT_092,Ge,0.8,0.1999999999999999,Ru0.80Ge0.20Ox,N2O,2,data\substituted_adsorbates\MAT_092_N2O_site2_adsorbed.cif,data\substituted_slabs\MAT_092_110_slab.cif,multiple adsorption site structure
MAT_093,Ge,0.6,0.4,Ru0.60Ge0.40Ox,O,0,data\substituted_adsorbates\MAT_093_O_site0_adsorbed.cif,data\substituted_slabs\MAT_093_110_slab.cif,multiple adsorption site structure
MAT_093,Ge,0.6,0.4,Ru0.60Ge0.40Ox,O,1,data\substituted_adsorbates\MAT_093_O_site1_adsorbed.cif,data\substituted_slabs\MAT_093_110_slab.cif,multiple adsorption site structure
MAT_093,Ge,0.6,0.4,Ru0.60Ge0.40Ox,O,2,data\substituted_adsorbates\MAT_093_O_site2_adsorbed.cif,data\substituted_slabs\MAT_093_110_slab.cif,multiple adsorption site structure
MAT_093,Ge,0.6,0.4,Ru0.60Ge0.40Ox,O2,0,data\substituted_adsorbates\MAT_093_O2_site0_adsorbed.cif,data\substituted_slabs\MAT_093_110_slab.cif,multiple adsorption site structure
MAT_093,Ge,0.6,0.4,Ru0.60Ge0.40Ox,O2,1,data\substituted_adsorbates\MAT_093_O2_site1_adsorbed.cif,data\substituted_slabs\MAT_093_110_slab.cif,multiple adsorption site structure
MAT_093,Ge,0.6,0.4,Ru0.60Ge0.40Ox,O2,2,data\substituted_adsorbates\MAT_093_O2_site2_adsorbed.cif,data\substituted_slabs\MAT_093_110_slab.cif,multiple adsorption site structure
MAT_093,Ge,0.6,0.4,Ru0.60Ge0.40Ox,N2O,0,data\substituted_adsorbates\MAT_093_N2O_site0_adsorbed.cif,data\substituted_slabs\MAT_093_110_slab.cif,multiple adsorption site structure
MAT_093,Ge,0.6,0.4,Ru0.60Ge0.40Ox,N2O,1,data\substituted_adsorbates\MAT_093_N2O_site1_adsorbed.cif,data\substituted_slabs\MAT_093_110_slab.cif,multiple adsorption site structure
MAT_093,Ge,0.6,0.4,Ru0.60Ge0.40Ox,N2O,2,data\substituted_adsorbates\MAT_093_N2O_site2_adsorbed.cif,data\substituted_slabs\MAT_093_110_slab.cif,multiple adsorption site structure
MAT_094,Ge,0.4,0.6,Ru0.40Ge0.60Ox,O,0,data\substituted_adsorbates\MAT_094_O_site0_adsorbed.cif,data\substituted_slabs\MAT_094_110_slab.cif,multiple adsorption site structure
MAT_094,Ge,0.4,0.6,Ru0.40Ge0.60Ox,O,1,data\substituted_adsorbates\MAT_094_O_site1_adsorbed.cif,data\substituted_slabs\MAT_094_110_slab.cif,multiple adsorption site structure
MAT_094,Ge,0.4,0.6,Ru0.40Ge0.60Ox,O,2,data\substituted_adsorbates\MAT_094_O_site2_adsorbed.cif,data\substituted_slabs\MAT_094_110_slab.cif,multiple adsorption site structure
MAT_094,Ge,0.4,0.6,Ru0.40Ge0.60Ox,O2,0,data\substituted_adsorbates\MAT_094_O2_site0_adsorbed.cif,data\substituted_slabs\MAT_094_110_slab.cif,multiple adsorption site structure
MAT_094,Ge,0.4,0.6,Ru0.40Ge0.60Ox,O2,1,data\substituted_adsorbates\MAT_094_O2_site1_adsorbed.cif,data\substituted_slabs\MAT_094_110_slab.cif,multiple adsorption site structure
MAT_094,Ge,0.4,0.6,Ru0.40Ge0.60Ox,O2,2,data\substituted_adsorbates\MAT_094_O2_site2_adsorbed.cif,data\substituted_slabs\MAT_094_110_slab.cif,multiple adsorption site structure
MAT_094,Ge,0.4,0.6,Ru0.40Ge0.60Ox,N2O,0,data\substituted_adsorbates\MAT_094_N2O_site0_adsorbed.cif,data\substituted_slabs\MAT_094_110_slab.cif,multiple adsorption site structure
MAT_094,Ge,0.4,0.6,Ru0.40Ge0.60Ox,N2O,1,data\substituted_adsorbates\MAT_094_N2O_site1_adsorbed.cif,data\substituted_slabs\MAT_094_110_slab.cif,multiple adsorption site structure
MAT_094,Ge,0.4,0.6,Ru0.40Ge0.60Ox,N2O,2,data\substituted_adsorbates\MAT_094_N2O_site2_adsorbed.cif,data\substituted_slabs\MAT_094_110_slab.cif,multiple adsorption site structure
MAT_095,Ge,0.2,0.8,Ru0.20Ge0.80Ox,O,0,data\substituted_adsorbates\MAT_095_O_site0_adsorbed.cif,data\substituted_slabs\MAT_095_110_slab.cif,multiple adsorption site structure
MAT_095,Ge,0.2,0.8,Ru0.20Ge0.80Ox,O,1,data\substituted_adsorbates\MAT_095_O_site1_adsorbed.cif,data\substituted_slabs\MAT_095_110_slab.cif,multiple adsorption site structure
MAT_095,Ge,0.2,0.8,Ru0.20Ge0.80Ox,O,2,data\substituted_adsorbates\MAT_095_O_site2_adsorbed.cif,data\substituted_slabs\MAT_095_110_slab.cif,multiple adsorption site structure
MAT_095,Ge,0.2,0.8,Ru0.20Ge0.80Ox,O2,0,data\substituted_adsorbates\MAT_095_O2_site0_adsorbed.cif,data\substituted_slabs\MAT_095_110_slab.cif,multiple adsorption site structure
MAT_095,Ge,0.2,0.8,Ru0.20Ge0.80Ox,O2,1,data\substituted_adsorbates\MAT_095_O2_site1_adsorbed.cif,data\substituted_slabs\MAT_095_110_slab.cif,multiple adsorption site structure
MAT_095,Ge,0.2,0.8,Ru0.20Ge0.80Ox,O2,2,data\substituted_adsorbates\MAT_095_O2_site2_adsorbed.cif,data\substituted_slabs\MAT_095_110_slab.cif,multiple adsorption site structure
MAT_095,Ge,0.2,0.8,Ru0.20Ge0.80Ox,N2O,0,data\substituted_adsorbates\MAT_095_N2O_site0_adsorbed.cif,data\substituted_slabs\MAT_095_110_slab.cif,multiple adsorption site structure
MAT_095,Ge,0.2,0.8,Ru0.20Ge0.80Ox,N2O,1,data\substituted_adsorbates\MAT_095_N2O_site1_adsorbed.cif,data\substituted_slabs\MAT_095_110_slab.cif,multiple adsorption site structure
MAT_095,Ge,0.2,0.8,Ru0.20Ge0.80Ox,N2O,2,data\substituted_adsorbates\MAT_095_N2O_site2_adsorbed.cif,data\substituted_slabs\MAT_095_110_slab.cif,multiple adsorption site structure
MAT_097,Sr,0.8,0.1999999999999999,Ru0.80Sr0.20Ox,O,0,data\substituted_adsorbates\MAT_097_O_site0_adsorbed.cif,data\substituted_slabs\MAT_097_110_slab.cif,multiple adsorption site structure
MAT_097,Sr,0.8,0.1999999999999999,Ru0.80Sr0.20Ox,O,1,data\substituted_adsorbates\MAT_097_O_site1_adsorbed.cif,data\substituted_slabs\MAT_097_110_slab.cif,multiple adsorption site structure
MAT_097,Sr,0.8,0.1999999999999999,Ru0.80Sr0.20Ox,O,2,data\substituted_adsorbates\MAT_097_O_site2_adsorbed.cif,data\substituted_slabs\MAT_097_110_slab.cif,multiple adsorption site structure
MAT_097,Sr,0.8,0.1999999999999999,Ru0.80Sr0.20Ox,O2,0,data\substituted_adsorbates\MAT_097_O2_site0_adsorbed.cif,data\substituted_slabs\MAT_097_110_slab.cif,multiple adsorption site structure
MAT_097,Sr,0.8,0.1999999999999999,Ru0.80Sr0.20Ox,O2,1,data\substituted_adsorbates\MAT_097_O2_site1_adsorbed.cif,data\substituted_slabs\MAT_097_110_slab.cif,multiple adsorption site structure
MAT_097,Sr,0.8,0.1999999999999999,Ru0.80Sr0.20Ox,O2,2,data\substituted_adsorbates\MAT_097_O2_site2_adsorbed.cif,data\substituted_slabs\MAT_097_110_slab.cif,multiple adsorption site structure
MAT_097,Sr,0.8,0.1999999999999999,Ru0.80Sr0.20Ox,N2O,0,data\substituted_adsorbates\MAT_097_N2O_site0_adsorbed.cif,data\substituted_slabs\MAT_097_110_slab.cif,multiple adsorption site structure
MAT_097,Sr,0.8,0.1999999999999999,Ru0.80Sr0.20Ox,N2O,1,data\substituted_adsorbates\MAT_097_N2O_site1_adsorbed.cif,data\substituted_slabs\MAT_097_110_slab.cif,multiple adsorption site structure
MAT_097,Sr,0.8,0.1999999999999999,Ru0.80Sr0.20Ox,N2O,2,data\substituted_adsorbates\MAT_097_N2O_site2_adsorbed.cif,data\substituted_slabs\MAT_097_110_slab.cif,multiple adsorption site structure
MAT_098,Sr,0.6,0.4,Ru0.60Sr0.40Ox,O,0,data\substituted_adsorbates\MAT_098_O_site0_adsorbed.cif,data\substituted_slabs\MAT_098_110_slab.cif,multiple adsorption site structure
MAT_098,Sr,0.6,0.4,Ru0.60Sr0.40Ox,O,1,data\substituted_adsorbates\MAT_098_O_site1_adsorbed.cif,data\substituted_slabs\MAT_098_110_slab.cif,multiple adsorption site structure
MAT_098,Sr,0.6,0.4,Ru0.60Sr0.40Ox,O,2,data\substituted_adsorbates\MAT_098_O_site2_adsorbed.cif,data\substituted_slabs\MAT_098_110_slab.cif,multiple adsorption site structure
MAT_098,Sr,0.6,0.4,Ru0.60Sr0.40Ox,O2,0,data\substituted_adsorbates\MAT_098_O2_site0_adsorbed.cif,data\substituted_slabs\MAT_098_110_slab.cif,multiple adsorption site structure
MAT_098,Sr,0.6,0.4,Ru0.60Sr0.40Ox,O2,1,data\substituted_adsorbates\MAT_098_O2_site1_adsorbed.cif,data\substituted_slabs\MAT_098_110_slab.cif,multiple adsorption site structure
MAT_098,Sr,0.6,0.4,Ru0.60Sr0.40Ox,O2,2,data\substituted_adsorbates\MAT_098_O2_site2_adsorbed.cif,data\substituted_slabs\MAT_098_110_slab.cif,multiple adsorption site structure
MAT_098,Sr,0.6,0.4,Ru0.60Sr0.40Ox,N2O,0,data\substituted_adsorbates\MAT_098_N2O_site0_adsorbed.cif,data\substituted_slabs\MAT_098_110_slab.cif,multiple adsorption site structure
MAT_098,Sr,0.6,0.4,Ru0.60Sr0.40Ox,N2O,1,data\substituted_adsorbates\MAT_098_N2O_site1_adsorbed.cif,data\substituted_slabs\MAT_098_110_slab.cif,multiple adsorption site structure
MAT_098,Sr,0.6,0.4,Ru0.60Sr0.40Ox,N2O,2,data\substituted_adsorbates\MAT_098_N2O_site2_adsorbed.cif,data\substituted_slabs\MAT_098_110_slab.cif,multiple adsorption site structure
MAT_099,Sr,0.4,0.6,Ru0.40Sr0.60Ox,O,0,data\substituted_adsorbates\MAT_099_O_site0_adsorbed.cif,data\substituted_slabs\MAT_099_110_slab.cif,multiple adsorption site structure
MAT_099,Sr,0.4,0.6,Ru0.40Sr0.60Ox,O,1,data\substituted_adsorbates\MAT_099_O_site1_adsorbed.cif,data\substituted_slabs\MAT_099_110_slab.cif,multiple adsorption site structure
MAT_099,Sr,0.4,0.6,Ru0.40Sr0.60Ox,O,2,data\substituted_adsorbates\MAT_099_O_site2_adsorbed.cif,data\substituted_slabs\MAT_099_110_slab.cif,multiple adsorption site structure
MAT_099,Sr,0.4,0.6,Ru0.40Sr0.60Ox,O2,0,data\substituted_adsorbates\MAT_099_O2_site0_adsorbed.cif,data\substituted_slabs\MAT_099_110_slab.cif,multiple adsorption site structure
MAT_099,Sr,0.4,0.6,Ru0.40Sr0.60Ox,O2,1,data\substituted_adsorbates\MAT_099_O2_site1_adsorbed.cif,data\substituted_slabs\MAT_099_110_slab.cif,multiple adsorption site structure
MAT_099,Sr,0.4,0.6,Ru0.40Sr0.60Ox,O2,2,data\substituted_adsorbates\MAT_099_O2_site2_adsorbed.cif,data\substituted_slabs\MAT_099_110_slab.cif,multiple adsorption site structure
MAT_099,Sr,0.4,0.6,Ru0.40Sr0.60Ox,N2O,0,data\substituted_adsorbates\MAT_099_N2O_site0_adsorbed.cif,data\substituted_slabs\MAT_099_110_slab.cif,multiple adsorption site structure
MAT_099,Sr,0.4,0.6,Ru0.40Sr0.60Ox,N2O,1,data\substituted_adsorbates\MAT_099_N2O_site1_adsorbed.cif,data\substituted_slabs\MAT_099_110_slab.cif,multiple adsorption site structure
MAT_099,Sr,0.4,0.6,Ru0.40Sr0.60Ox,N2O,2,data\substituted_adsorbates\MAT_099_N2O_site2_adsorbed.cif,data\substituted_slabs\MAT_099_110_slab.cif,multiple adsorption site structure
MAT_100,Sr,0.2,0.8,Ru0.20Sr0.80Ox,O,0,data\substituted_adsorbates\MAT_100_O_site0_adsorbed.cif,data\substituted_slabs\MAT_100_110_slab.cif,multiple adsorption site structure
MAT_100,Sr,0.2,0.8,Ru0.20Sr0.80Ox,O,1,data\substituted_adsorbates\MAT_100_O_site1_adsorbed.cif,data\substituted_slabs\MAT_100_110_slab.cif,multiple adsorption site structure
MAT_100,Sr,0.2,0.8,Ru0.20Sr0.80Ox,O,2,data\substituted_adsorbates\MAT_100_O_site2_adsorbed.cif,data\substituted_slabs\MAT_100_110_slab.cif,multiple adsorption site structure
MAT_100,Sr,0.2,0.8,Ru0.20Sr0.80Ox,O2,0,data\substituted_adsorbates\MAT_100_O2_site0_adsorbed.cif,data\substituted_slabs\MAT_100_110_slab.cif,multiple adsorption site structure
MAT_100,Sr,0.2,0.8,Ru0.20Sr0.80Ox,O2,1,data\substituted_adsorbates\MAT_100_O2_site1_adsorbed.cif,data\substituted_slabs\MAT_100_110_slab.cif,multiple adsorption site structure
MAT_100,Sr,0.2,0.8,Ru0.20Sr0.80Ox,O2,2,data\substituted_adsorbates\MAT_100_O2_site2_adsorbed.cif,data\substituted_slabs\MAT_100_110_slab.cif,multiple adsorption site structure
MAT_100,Sr,0.2,0.8,Ru0.20Sr0.80Ox,N2O,0,data\substituted_adsorbates\MAT_100_N2O_site0_adsorbed.cif,data\substituted_slabs\MAT_100_110_slab.cif,multiple adsorption site structure
MAT_100,Sr,0.2,0.8,Ru0.20Sr0.80Ox,N2O,1,data\substituted_adsorbates\MAT_100_N2O_site1_adsorbed.cif,data\substituted_slabs\MAT_100_110_slab.cif,multiple adsorption site structure
MAT_100,Sr,0.2,0.8,Ru0.20Sr0.80Ox,N2O,2,data\substituted_adsorbates\MAT_100_N2O_site2_adsorbed.cif,data\substituted_slabs\MAT_100_110_slab.cif,multiple adsorption site structure
MAT_102,Y,0.8,0.1999999999999999,Ru0.80Y0.20Ox,O,0,data\substituted_adsorbates\MAT_102_O_site0_adsorbed.cif,data\substituted_slabs\MAT_102_110_slab.cif,multiple adsorption site structure
MAT_102,Y,0.8,0.1999999999999999,Ru0.80Y0.20Ox,O,1,data\substituted_adsorbates\MAT_102_O_site1_adsorbed.cif,data\substituted_slabs\MAT_102_110_slab.cif,multiple adsorption site structure
MAT_102,Y,0.8,0.1999999999999999,Ru0.80Y0.20Ox,O,2,data\substituted_adsorbates\MAT_102_O_site2_adsorbed.cif,data\substituted_slabs\MAT_102_110_slab.cif,multiple adsorption site structure
MAT_102,Y,0.8,0.1999999999999999,Ru0.80Y0.20Ox,O2,0,data\substituted_adsorbates\MAT_102_O2_site0_adsorbed.cif,data\substituted_slabs\MAT_102_110_slab.cif,multiple adsorption site structure
MAT_102,Y,0.8,0.1999999999999999,Ru0.80Y0.20Ox,O2,1,data\substituted_adsorbates\MAT_102_O2_site1_adsorbed.cif,data\substituted_slabs\MAT_102_110_slab.cif,multiple adsorption site structure
MAT_102,Y,0.8,0.1999999999999999,Ru0.80Y0.20Ox,O2,2,data\substituted_adsorbates\MAT_102_O2_site2_adsorbed.cif,data\substituted_slabs\MAT_102_110_slab.cif,multiple adsorption site structure
MAT_102,Y,0.8,0.1999999999999999,Ru0.80Y0.20Ox,N2O,0,data\substituted_adsorbates\MAT_102_N2O_site0_adsorbed.cif,data\substituted_slabs\MAT_102_110_slab.cif,multiple adsorption site structure
MAT_102,Y,0.8,0.1999999999999999,Ru0.80Y0.20Ox,N2O,1,data\substituted_adsorbates\MAT_102_N2O_site1_adsorbed.cif,data\substituted_slabs\MAT_102_110_slab.cif,multiple adsorption site structure
MAT_102,Y,0.8,0.1999999999999999,Ru0.80Y0.20Ox,N2O,2,data\substituted_adsorbates\MAT_102_N2O_site2_adsorbed.cif,data\substituted_slabs\MAT_102_110_slab.cif,multiple adsorption site structure
MAT_103,Y,0.6,0.4,Ru0.60Y0.40Ox,O,0,data\substituted_adsorbates\MAT_103_O_site0_adsorbed.cif,data\substituted_slabs\MAT_103_110_slab.cif,multiple adsorption site structure
MAT_103,Y,0.6,0.4,Ru0.60Y0.40Ox,O,1,data\substituted_adsorbates\MAT_103_O_site1_adsorbed.cif,data\substituted_slabs\MAT_103_110_slab.cif,multiple adsorption site structure
MAT_103,Y,0.6,0.4,Ru0.60Y0.40Ox,O,2,data\substituted_adsorbates\MAT_103_O_site2_adsorbed.cif,data\substituted_slabs\MAT_103_110_slab.cif,multiple adsorption site structure
MAT_103,Y,0.6,0.4,Ru0.60Y0.40Ox,O2,0,data\substituted_adsorbates\MAT_103_O2_site0_adsorbed.cif,data\substituted_slabs\MAT_103_110_slab.cif,multiple adsorption site structure
MAT_103,Y,0.6,0.4,Ru0.60Y0.40Ox,O2,1,data\substituted_adsorbates\MAT_103_O2_site1_adsorbed.cif,data\substituted_slabs\MAT_103_110_slab.cif,multiple adsorption site structure
MAT_103,Y,0.6,0.4,Ru0.60Y0.40Ox,O2,2,data\substituted_adsorbates\MAT_103_O2_site2_adsorbed.cif,data\substituted_slabs\MAT_103_110_slab.cif,multiple adsorption site structure
MAT_103,Y,0.6,0.4,Ru0.60Y0.40Ox,N2O,0,data\substituted_adsorbates\MAT_103_N2O_site0_adsorbed.cif,data\substituted_slabs\MAT_103_110_slab.cif,multiple adsorption site structure
MAT_103,Y,0.6,0.4,Ru0.60Y0.40Ox,N2O,1,data\substituted_adsorbates\MAT_103_N2O_site1_adsorbed.cif,data\substituted_slabs\MAT_103_110_slab.cif,multiple adsorption site structure
MAT_103,Y,0.6,0.4,Ru0.60Y0.40Ox,N2O,2,data\substituted_adsorbates\MAT_103_N2O_site2_adsorbed.cif,data\substituted_slabs\MAT_103_110_slab.cif,multiple adsorption site structure
MAT_104,Y,0.4,0.6,Ru0.40Y0.60Ox,O,0,data\substituted_adsorbates\MAT_104_O_site0_adsorbed.cif,data\substituted_slabs\MAT_104_110_slab.cif,multiple adsorption site structure
MAT_104,Y,0.4,0.6,Ru0.40Y0.60Ox,O,1,data\substituted_adsorbates\MAT_104_O_site1_adsorbed.cif,data\substituted_slabs\MAT_104_110_slab.cif,multiple adsorption site structure
MAT_104,Y,0.4,0.6,Ru0.40Y0.60Ox,O,2,data\substituted_adsorbates\MAT_104_O_site2_adsorbed.cif,data\substituted_slabs\MAT_104_110_slab.cif,multiple adsorption site structure
MAT_104,Y,0.4,0.6,Ru0.40Y0.60Ox,O2,0,data\substituted_adsorbates\MAT_104_O2_site0_adsorbed.cif,data\substituted_slabs\MAT_104_110_slab.cif,multiple adsorption site structure
MAT_104,Y,0.4,0.6,Ru0.40Y0.60Ox,O2,1,data\substituted_adsorbates\MAT_104_O2_site1_adsorbed.cif,data\substituted_slabs\MAT_104_110_slab.cif,multiple adsorption site structure
MAT_104,Y,0.4,0.6,Ru0.40Y0.60Ox,O2,2,data\substituted_adsorbates\MAT_104_O2_site2_adsorbed.cif,data\substituted_slabs\MAT_104_110_slab.cif,multiple adsorption site structure
MAT_104,Y,0.4,0.6,Ru0.40Y0.60Ox,N2O,0,data\substituted_adsorbates\MAT_104_N2O_site0_adsorbed.cif,data\substituted_slabs\MAT_104_110_slab.cif,multiple adsorption site structure
MAT_104,Y,0.4,0.6,Ru0.40Y0.60Ox,N2O,1,data\substituted_adsorbates\MAT_104_N2O_site1_adsorbed.cif,data\substituted_slabs\MAT_104_110_slab.cif,multiple adsorption site structure
MAT_104,Y,0.4,0.6,Ru0.40Y0.60Ox,N2O,2,data\substituted_adsorbates\MAT_104_N2O_site2_adsorbed.cif,data\substituted_slabs\MAT_104_110_slab.cif,multiple adsorption site structure
MAT_105,Y,0.2,0.8,Ru0.20Y0.80Ox,O,0,data\substituted_adsorbates\MAT_105_O_site0_adsorbed.cif,data\substituted_slabs\MAT_105_110_slab.cif,multiple adsorption site structure
MAT_105,Y,0.2,0.8,Ru0.20Y0.80Ox,O,1,data\substituted_adsorbates\MAT_105_O_site1_adsorbed.cif,data\substituted_slabs\MAT_105_110_slab.cif,multiple adsorption site structure
MAT_105,Y,0.2,0.8,Ru0.20Y0.80Ox,O,2,data\substituted_adsorbates\MAT_105_O_site2_adsorbed.cif,data\substituted_slabs\MAT_105_110_slab.cif,multiple adsorption site structure
MAT_105,Y,0.2,0.8,Ru0.20Y0.80Ox,O2,0,data\substituted_adsorbates\MAT_105_O2_site0_adsorbed.cif,data\substituted_slabs\MAT_105_110_slab.cif,multiple adsorption site structure
MAT_105,Y,0.2,0.8,Ru0.20Y0.80Ox,O2,1,data\substituted_adsorbates\MAT_105_O2_site1_adsorbed.cif,data\substituted_slabs\MAT_105_110_slab.cif,multiple adsorption site structure
MAT_105,Y,0.2,0.8,Ru0.20Y0.80Ox,O2,2,data\substituted_adsorbates\MAT_105_O2_site2_adsorbed.cif,data\substituted_slabs\MAT_105_110_slab.cif,multiple adsorption site structure
MAT_105,Y,0.2,0.8,Ru0.20Y0.80Ox,N2O,0,data\substituted_adsorbates\MAT_105_N2O_site0_adsorbed.cif,data\substituted_slabs\MAT_105_110_slab.cif,multiple adsorption site structure
MAT_105,Y,0.2,0.8,Ru0.20Y0.80Ox,N2O,1,data\substituted_adsorbates\MAT_105_N2O_site1_adsorbed.cif,data\substituted_slabs\MAT_105_110_slab.cif,multiple adsorption site structure
MAT_105,Y,0.2,0.8,Ru0.20Y0.80Ox,N2O,2,data\substituted_adsorbates\MAT_105_N2O_site2_adsorbed.cif,data\substituted_slabs\MAT_105_110_slab.cif,multiple adsorption site structure
MAT_107,Zr,0.8,0.1999999999999999,Ru0.80Zr0.20Ox,O,0,data\substituted_adsorbates\MAT_107_O_site0_adsorbed.cif,data\substituted_slabs\MAT_107_110_slab.cif,multiple adsorption site structure
MAT_107,Zr,0.8,0.1999999999999999,Ru0.80Zr0.20Ox,O,1,data\substituted_adsorbates\MAT_107_O_site1_adsorbed.cif,data\substituted_slabs\MAT_107_110_slab.cif,multiple adsorption site structure
MAT_107,Zr,0.8,0.1999999999999999,Ru0.80Zr0.20Ox,O,2,data\substituted_adsorbates\MAT_107_O_site2_adsorbed.cif,data\substituted_slabs\MAT_107_110_slab.cif,multiple adsorption site structure
MAT_107,Zr,0.8,0.1999999999999999,Ru0.80Zr0.20Ox,O2,0,data\substituted_adsorbates\MAT_107_O2_site0_adsorbed.cif,data\substituted_slabs\MAT_107_110_slab.cif,multiple adsorption site structure
MAT_107,Zr,0.8,0.1999999999999999,Ru0.80Zr0.20Ox,O2,1,data\substituted_adsorbates\MAT_107_O2_site1_adsorbed.cif,data\substituted_slabs\MAT_107_110_slab.cif,multiple adsorption site structure
MAT_107,Zr,0.8,0.1999999999999999,Ru0.80Zr0.20Ox,O2,2,data\substituted_adsorbates\MAT_107_O2_site2_adsorbed.cif,data\substituted_slabs\MAT_107_110_slab.cif,multiple adsorption site structure
MAT_107,Zr,0.8,0.1999999999999999,Ru0.80Zr0.20Ox,N2O,0,data\substituted_adsorbates\MAT_107_N2O_site0_adsorbed.cif,data\substituted_slabs\MAT_107_110_slab.cif,multiple adsorption site structure
MAT_107,Zr,0.8,0.1999999999999999,Ru0.80Zr0.20Ox,N2O,1,data\substituted_adsorbates\MAT_107_N2O_site1_adsorbed.cif,data\substituted_slabs\MAT_107_110_slab.cif,multiple adsorption site structure
MAT_107,Zr,0.8,0.1999999999999999,Ru0.80Zr0.20Ox,N2O,2,data\substituted_adsorbates\MAT_107_N2O_site2_adsorbed.cif,data\substituted_slabs\MAT_107_110_slab.cif,multiple adsorption site structure
MAT_108,Zr,0.6,0.4,Ru0.60Zr0.40Ox,O,0,data\substituted_adsorbates\MAT_108_O_site0_adsorbed.cif,data\substituted_slabs\MAT_108_110_slab.cif,multiple adsorption site structure
MAT_108,Zr,0.6,0.4,Ru0.60Zr0.40Ox,O,1,data\substituted_adsorbates\MAT_108_O_site1_adsorbed.cif,data\substituted_slabs\MAT_108_110_slab.cif,multiple adsorption site structure
MAT_108,Zr,0.6,0.4,Ru0.60Zr0.40Ox,O,2,data\substituted_adsorbates\MAT_108_O_site2_adsorbed.cif,data\substituted_slabs\MAT_108_110_slab.cif,multiple adsorption site structure
MAT_108,Zr,0.6,0.4,Ru0.60Zr0.40Ox,O2,0,data\substituted_adsorbates\MAT_108_O2_site0_adsorbed.cif,data\substituted_slabs\MAT_108_110_slab.cif,multiple adsorption site structure
MAT_108,Zr,0.6,0.4,Ru0.60Zr0.40Ox,O2,1,data\substituted_adsorbates\MAT_108_O2_site1_adsorbed.cif,data\substituted_slabs\MAT_108_110_slab.cif,multiple adsorption site structure
MAT_108,Zr,0.6,0.4,Ru0.60Zr0.40Ox,O2,2,data\substituted_adsorbates\MAT_108_O2_site2_adsorbed.cif,data\substituted_slabs\MAT_108_110_slab.cif,multiple adsorption site structure
MAT_108,Zr,0.6,0.4,Ru0.60Zr0.40Ox,N2O,0,data\substituted_adsorbates\MAT_108_N2O_site0_adsorbed.cif,data\substituted_slabs\MAT_108_110_slab.cif,multiple adsorption site structure
MAT_108,Zr,0.6,0.4,Ru0.60Zr0.40Ox,N2O,1,data\substituted_adsorbates\MAT_108_N2O_site1_adsorbed.cif,data\substituted_slabs\MAT_108_110_slab.cif,multiple adsorption site structure
MAT_108,Zr,0.6,0.4,Ru0.60Zr0.40Ox,N2O,2,data\substituted_adsorbates\MAT_108_N2O_site2_adsorbed.cif,data\substituted_slabs\MAT_108_110_slab.cif,multiple adsorption site structure
MAT_109,Zr,0.4,0.6,Ru0.40Zr0.60Ox,O,0,data\substituted_adsorbates\MAT_109_O_site0_adsorbed.cif,data\substituted_slabs\MAT_109_110_slab.cif,multiple adsorption site structure
MAT_109,Zr,0.4,0.6,Ru0.40Zr0.60Ox,O,1,data\substituted_adsorbates\MAT_109_O_site1_adsorbed.cif,data\substituted_slabs\MAT_109_110_slab.cif,multiple adsorption site structure
MAT_109,Zr,0.4,0.6,Ru0.40Zr0.60Ox,O,2,data\substituted_adsorbates\MAT_109_O_site2_adsorbed.cif,data\substituted_slabs\MAT_109_110_slab.cif,multiple adsorption site structure
MAT_109,Zr,0.4,0.6,Ru0.40Zr0.60Ox,O2,0,data\substituted_adsorbates\MAT_109_O2_site0_adsorbed.cif,data\substituted_slabs\MAT_109_110_slab.cif,multiple adsorption site structure
MAT_109,Zr,0.4,0.6,Ru0.40Zr0.60Ox,O2,1,data\substituted_adsorbates\MAT_109_O2_site1_adsorbed.cif,data\substituted_slabs\MAT_109_110_slab.cif,multiple adsorption site structure
MAT_109,Zr,0.4,0.6,Ru0.40Zr0.60Ox,O2,2,data\substituted_adsorbates\MAT_109_O2_site2_adsorbed.cif,data\substituted_slabs\MAT_109_110_slab.cif,multiple adsorption site structure
MAT_109,Zr,0.4,0.6,Ru0.40Zr0.60Ox,N2O,0,data\substituted_adsorbates\MAT_109_N2O_site0_adsorbed.cif,data\substituted_slabs\MAT_109_110_slab.cif,multiple adsorption site structure
MAT_109,Zr,0.4,0.6,Ru0.40Zr0.60Ox,N2O,1,data\substituted_adsorbates\MAT_109_N2O_site1_adsorbed.cif,data\substituted_slabs\MAT_109_110_slab.cif,multiple adsorption site structure
MAT_109,Zr,0.4,0.6,Ru0.40Zr0.60Ox,N2O,2,data\substituted_adsorbates\MAT_109_N2O_site2_adsorbed.cif,data\substituted_slabs\MAT_109_110_slab.cif,multiple adsorption site structure
MAT_110,Zr,0.2,0.8,Ru0.20Zr0.80Ox,O,0,data\substituted_adsorbates\MAT_110_O_site0_adsorbed.cif,data\substituted_slabs\MAT_110_110_slab.cif,multiple adsorption site structure
MAT_110,Zr,0.2,0.8,Ru0.20Zr0.80Ox,O,1,data\substituted_adsorbates\MAT_110_O_site1_adsorbed.cif,data\substituted_slabs\MAT_110_110_slab.cif,multiple adsorption site structure
MAT_110,Zr,0.2,0.8,Ru0.20Zr0.80Ox,O,2,data\substituted_adsorbates\MAT_110_O_site2_adsorbed.cif,data\substituted_slabs\MAT_110_110_slab.cif,multiple adsorption site structure
MAT_110,Zr,0.2,0.8,Ru0.20Zr0.80Ox,O2,0,data\substituted_adsorbates\MAT_110_O2_site0_adsorbed.cif,data\substituted_slabs\MAT_110_110_slab.cif,multiple adsorption site structure
MAT_110,Zr,0.2,0.8,Ru0.20Zr0.80Ox,O2,1,data\substituted_adsorbates\MAT_110_O2_site1_adsorbed.cif,data\substituted_slabs\MAT_110_110_slab.cif,multiple adsorption site structure
MAT_110,Zr,0.2,0.8,Ru0.20Zr0.80Ox,O2,2,data\substituted_adsorbates\MAT_110_O2_site2_adsorbed.cif,data\substituted_slabs\MAT_110_110_slab.cif,multiple adsorption site structure
MAT_110,Zr,0.2,0.8,Ru0.20Zr0.80Ox,N2O,0,data\substituted_adsorbates\MAT_110_N2O_site0_adsorbed.cif,data\substituted_slabs\MAT_110_110_slab.cif,multiple adsorption site structure
MAT_110,Zr,0.2,0.8,Ru0.20Zr0.80Ox,N2O,1,data\substituted_adsorbates\MAT_110_N2O_site1_adsorbed.cif,data\substituted_slabs\MAT_110_110_slab.cif,multiple adsorption site structure
MAT_110,Zr,0.2,0.8,Ru0.20Zr0.80Ox,N2O,2,data\substituted_adsorbates\MAT_110_N2O_site2_adsorbed.cif,data\substituted_slabs\MAT_110_110_slab.cif,multiple adsorption site structure
MAT_112,Nb,0.8,0.1999999999999999,Ru0.80Nb0.20Ox,O,0,data\substituted_adsorbates\MAT_112_O_site0_adsorbed.cif,data\substituted_slabs\MAT_112_110_slab.cif,multiple adsorption site structure
MAT_112,Nb,0.8,0.1999999999999999,Ru0.80Nb0.20Ox,O,1,data\substituted_adsorbates\MAT_112_O_site1_adsorbed.cif,data\substituted_slabs\MAT_112_110_slab.cif,multiple adsorption site structure
MAT_112,Nb,0.8,0.1999999999999999,Ru0.80Nb0.20Ox,O,2,data\substituted_adsorbates\MAT_112_O_site2_adsorbed.cif,data\substituted_slabs\MAT_112_110_slab.cif,multiple adsorption site structure
MAT_112,Nb,0.8,0.1999999999999999,Ru0.80Nb0.20Ox,O2,0,data\substituted_adsorbates\MAT_112_O2_site0_adsorbed.cif,data\substituted_slabs\MAT_112_110_slab.cif,multiple adsorption site structure
MAT_112,Nb,0.8,0.1999999999999999,Ru0.80Nb0.20Ox,O2,1,data\substituted_adsorbates\MAT_112_O2_site1_adsorbed.cif,data\substituted_slabs\MAT_112_110_slab.cif,multiple adsorption site structure
MAT_112,Nb,0.8,0.1999999999999999,Ru0.80Nb0.20Ox,O2,2,data\substituted_adsorbates\MAT_112_O2_site2_adsorbed.cif,data\substituted_slabs\MAT_112_110_slab.cif,multiple adsorption site structure
MAT_112,Nb,0.8,0.1999999999999999,Ru0.80Nb0.20Ox,N2O,0,data\substituted_adsorbates\MAT_112_N2O_site0_adsorbed.cif,data\substituted_slabs\MAT_112_110_slab.cif,multiple adsorption site structure
MAT_112,Nb,0.8,0.1999999999999999,Ru0.80Nb0.20Ox,N2O,1,data\substituted_adsorbates\MAT_112_N2O_site1_adsorbed.cif,data\substituted_slabs\MAT_112_110_slab.cif,multiple adsorption site structure
MAT_112,Nb,0.8,0.1999999999999999,Ru0.80Nb0.20Ox,N2O,2,data\substituted_adsorbates\MAT_112_N2O_site2_adsorbed.cif,data\substituted_slabs\MAT_112_110_slab.cif,multiple adsorption site structure
MAT_113,Nb,0.6,0.4,Ru0.60Nb0.40Ox,O,0,data\substituted_adsorbates\MAT_113_O_site0_adsorbed.cif,data\substituted_slabs\MAT_113_110_slab.cif,multiple adsorption site structure
MAT_113,Nb,0.6,0.4,Ru0.60Nb0.40Ox,O,1,data\substituted_adsorbates\MAT_113_O_site1_adsorbed.cif,data\substituted_slabs\MAT_113_110_slab.cif,multiple adsorption site structure
MAT_113,Nb,0.6,0.4,Ru0.60Nb0.40Ox,O,2,data\substituted_adsorbates\MAT_113_O_site2_adsorbed.cif,data\substituted_slabs\MAT_113_110_slab.cif,multiple adsorption site structure
MAT_113,Nb,0.6,0.4,Ru0.60Nb0.40Ox,O2,0,data\substituted_adsorbates\MAT_113_O2_site0_adsorbed.cif,data\substituted_slabs\MAT_113_110_slab.cif,multiple adsorption site structure
MAT_113,Nb,0.6,0.4,Ru0.60Nb0.40Ox,O2,1,data\substituted_adsorbates\MAT_113_O2_site1_adsorbed.cif,data\substituted_slabs\MAT_113_110_slab.cif,multiple adsorption site structure
MAT_113,Nb,0.6,0.4,Ru0.60Nb0.40Ox,O2,2,data\substituted_adsorbates\MAT_113_O2_site2_adsorbed.cif,data\substituted_slabs\MAT_113_110_slab.cif,multiple adsorption site structure
MAT_113,Nb,0.6,0.4,Ru0.60Nb0.40Ox,N2O,0,data\substituted_adsorbates\MAT_113_N2O_site0_adsorbed.cif,data\substituted_slabs\MAT_113_110_slab.cif,multiple adsorption site structure
MAT_113,Nb,0.6,0.4,Ru0.60Nb0.40Ox,N2O,1,data\substituted_adsorbates\MAT_113_N2O_site1_adsorbed.cif,data\substituted_slabs\MAT_113_110_slab.cif,multiple adsorption site structure
MAT_113,Nb,0.6,0.4,Ru0.60Nb0.40Ox,N2O,2,data\substituted_adsorbates\MAT_113_N2O_site2_adsorbed.cif,data\substituted_slabs\MAT_113_110_slab.cif,multiple adsorption site structure
MAT_114,Nb,0.4,0.6,Ru0.40Nb0.60Ox,O,0,data\substituted_adsorbates\MAT_114_O_site0_adsorbed.cif,data\substituted_slabs\MAT_114_110_slab.cif,multiple adsorption site structure
MAT_114,Nb,0.4,0.6,Ru0.40Nb0.60Ox,O,1,data\substituted_adsorbates\MAT_114_O_site1_adsorbed.cif,data\substituted_slabs\MAT_114_110_slab.cif,multiple adsorption site structure
MAT_114,Nb,0.4,0.6,Ru0.40Nb0.60Ox,O,2,data\substituted_adsorbates\MAT_114_O_site2_adsorbed.cif,data\substituted_slabs\MAT_114_110_slab.cif,multiple adsorption site structure
MAT_114,Nb,0.4,0.6,Ru0.40Nb0.60Ox,O2,0,data\substituted_adsorbates\MAT_114_O2_site0_adsorbed.cif,data\substituted_slabs\MAT_114_110_slab.cif,multiple adsorption site structure
MAT_114,Nb,0.4,0.6,Ru0.40Nb0.60Ox,O2,1,data\substituted_adsorbates\MAT_114_O2_site1_adsorbed.cif,data\substituted_slabs\MAT_114_110_slab.cif,multiple adsorption site structure
MAT_114,Nb,0.4,0.6,Ru0.40Nb0.60Ox,O2,2,data\substituted_adsorbates\MAT_114_O2_site2_adsorbed.cif,data\substituted_slabs\MAT_114_110_slab.cif,multiple adsorption site structure
MAT_114,Nb,0.4,0.6,Ru0.40Nb0.60Ox,N2O,0,data\substituted_adsorbates\MAT_114_N2O_site0_adsorbed.cif,data\substituted_slabs\MAT_114_110_slab.cif,multiple adsorption site structure
MAT_114,Nb,0.4,0.6,Ru0.40Nb0.60Ox,N2O,1,data\substituted_adsorbates\MAT_114_N2O_site1_adsorbed.cif,data\substituted_slabs\MAT_114_110_slab.cif,multiple adsorption site structure
MAT_114,Nb,0.4,0.6,Ru0.40Nb0.60Ox,N2O,2,data\substituted_adsorbates\MAT_114_N2O_site2_adsorbed.cif,data\substituted_slabs\MAT_114_110_slab.cif,multiple adsorption site structure
MAT_115,Nb,0.2,0.8,Ru0.20Nb0.80Ox,O,0,data\substituted_adsorbates\MAT_115_O_site0_adsorbed.cif,data\substituted_slabs\MAT_115_110_slab.cif,multiple adsorption site structure
MAT_115,Nb,0.2,0.8,Ru0.20Nb0.80Ox,O,1,data\substituted_adsorbates\MAT_115_O_site1_adsorbed.cif,data\substituted_slabs\MAT_115_110_slab.cif,multiple adsorption site structure
MAT_115,Nb,0.2,0.8,Ru0.20Nb0.80Ox,O,2,data\substituted_adsorbates\MAT_115_O_site2_adsorbed.cif,data\substituted_slabs\MAT_115_110_slab.cif,multiple adsorption site structure
MAT_115,Nb,0.2,0.8,Ru0.20Nb0.80Ox,O2,0,data\substituted_adsorbates\MAT_115_O2_site0_adsorbed.cif,data\substituted_slabs\MAT_115_110_slab.cif,multiple adsorption site structure
MAT_115,Nb,0.2,0.8,Ru0.20Nb0.80Ox,O2,1,data\substituted_adsorbates\MAT_115_O2_site1_adsorbed.cif,data\substituted_slabs\MAT_115_110_slab.cif,multiple adsorption site structure
MAT_115,Nb,0.2,0.8,Ru0.20Nb0.80Ox,O2,2,data\substituted_adsorbates\MAT_115_O2_site2_adsorbed.cif,data\substituted_slabs\MAT_115_110_slab.cif,multiple adsorption site structure
MAT_115,Nb,0.2,0.8,Ru0.20Nb0.80Ox,N2O,0,data\substituted_adsorbates\MAT_115_N2O_site0_adsorbed.cif,data\substituted_slabs\MAT_115_110_slab.cif,multiple adsorption site structure
MAT_115,Nb,0.2,0.8,Ru0.20Nb0.80Ox,N2O,1,data\substituted_adsorbates\MAT_115_N2O_site1_adsorbed.cif,data\substituted_slabs\MAT_115_110_slab.cif,multiple adsorption site structure
MAT_115,Nb,0.2,0.8,Ru0.20Nb0.80Ox,N2O,2,data\substituted_adsorbates\MAT_115_N2O_site2_adsorbed.cif,data\substituted_slabs\MAT_115_110_slab.cif,multiple adsorption site structure
MAT_117,Mo,0.8,0.1999999999999999,Ru0.80Mo0.20Ox,O,0,data\substituted_adsorbates\MAT_117_O_site0_adsorbed.cif,data\substituted_slabs\MAT_117_110_slab.cif,multiple adsorption site structure
MAT_117,Mo,0.8,0.1999999999999999,Ru0.80Mo0.20Ox,O,1,data\substituted_adsorbates\MAT_117_O_site1_adsorbed.cif,data\substituted_slabs\MAT_117_110_slab.cif,multiple adsorption site structure
MAT_117,Mo,0.8,0.1999999999999999,Ru0.80Mo0.20Ox,O,2,data\substituted_adsorbates\MAT_117_O_site2_adsorbed.cif,data\substituted_slabs\MAT_117_110_slab.cif,multiple adsorption site structure
MAT_117,Mo,0.8,0.1999999999999999,Ru0.80Mo0.20Ox,O2,0,data\substituted_adsorbates\MAT_117_O2_site0_adsorbed.cif,data\substituted_slabs\MAT_117_110_slab.cif,multiple adsorption site structure
MAT_117,Mo,0.8,0.1999999999999999,Ru0.80Mo0.20Ox,O2,1,data\substituted_adsorbates\MAT_117_O2_site1_adsorbed.cif,data\substituted_slabs\MAT_117_110_slab.cif,multiple adsorption site structure
MAT_117,Mo,0.8,0.1999999999999999,Ru0.80Mo0.20Ox,O2,2,data\substituted_adsorbates\MAT_117_O2_site2_adsorbed.cif,data\substituted_slabs\MAT_117_110_slab.cif,multiple adsorption site structure
MAT_117,Mo,0.8,0.1999999999999999,Ru0.80Mo0.20Ox,N2O,0,data\substituted_adsorbates\MAT_117_N2O_site0_adsorbed.cif,data\substituted_slabs\MAT_117_110_slab.cif,multiple adsorption site structure
MAT_117,Mo,0.8,0.1999999999999999,Ru0.80Mo0.20Ox,N2O,1,data\substituted_adsorbates\MAT_117_N2O_site1_adsorbed.cif,data\substituted_slabs\MAT_117_110_slab.cif,multiple adsorption site structure
MAT_117,Mo,0.8,0.1999999999999999,Ru0.80Mo0.20Ox,N2O,2,data\substituted_adsorbates\MAT_117_N2O_site2_adsorbed.cif,data\substituted_slabs\MAT_117_110_slab.cif,multiple adsorption site structure
MAT_118,Mo,0.6,0.4,Ru0.60Mo0.40Ox,O,0,data\substituted_adsorbates\MAT_118_O_site0_adsorbed.cif,data\substituted_slabs\MAT_118_110_slab.cif,multiple adsorption site structure
MAT_118,Mo,0.6,0.4,Ru0.60Mo0.40Ox,O,1,data\substituted_adsorbates\MAT_118_O_site1_adsorbed.cif,data\substituted_slabs\MAT_118_110_slab.cif,multiple adsorption site structure
MAT_118,Mo,0.6,0.4,Ru0.60Mo0.40Ox,O,2,data\substituted_adsorbates\MAT_118_O_site2_adsorbed.cif,data\substituted_slabs\MAT_118_110_slab.cif,multiple adsorption site structure
MAT_118,Mo,0.6,0.4,Ru0.60Mo0.40Ox,O2,0,data\substituted_adsorbates\MAT_118_O2_site0_adsorbed.cif,data\substituted_slabs\MAT_118_110_slab.cif,multiple adsorption site structure
MAT_118,Mo,0.6,0.4,Ru0.60Mo0.40Ox,O2,1,data\substituted_adsorbates\MAT_118_O2_site1_adsorbed.cif,data\substituted_slabs\MAT_118_110_slab.cif,multiple adsorption site structure
MAT_118,Mo,0.6,0.4,Ru0.60Mo0.40Ox,O2,2,data\substituted_adsorbates\MAT_118_O2_site2_adsorbed.cif,data\substituted_slabs\MAT_118_110_slab.cif,multiple adsorption site structure
MAT_118,Mo,0.6,0.4,Ru0.60Mo0.40Ox,N2O,0,data\substituted_adsorbates\MAT_118_N2O_site0_adsorbed.cif,data\substituted_slabs\MAT_118_110_slab.cif,multiple adsorption site structure
MAT_118,Mo,0.6,0.4,Ru0.60Mo0.40Ox,N2O,1,data\substituted_adsorbates\MAT_118_N2O_site1_adsorbed.cif,data\substituted_slabs\MAT_118_110_slab.cif,multiple adsorption site structure
MAT_118,Mo,0.6,0.4,Ru0.60Mo0.40Ox,N2O,2,data\substituted_adsorbates\MAT_118_N2O_site2_adsorbed.cif,data\substituted_slabs\MAT_118_110_slab.cif,multiple adsorption site structure
MAT_119,Mo,0.4,0.6,Ru0.40Mo0.60Ox,O,0,data\substituted_adsorbates\MAT_119_O_site0_adsorbed.cif,data\substituted_slabs\MAT_119_110_slab.cif,multiple adsorption site structure
MAT_119,Mo,0.4,0.6,Ru0.40Mo0.60Ox,O,1,data\substituted_adsorbates\MAT_119_O_site1_adsorbed.cif,data\substituted_slabs\MAT_119_110_slab.cif,multiple adsorption site structure
MAT_119,Mo,0.4,0.6,Ru0.40Mo0.60Ox,O,2,data\substituted_adsorbates\MAT_119_O_site2_adsorbed.cif,data\substituted_slabs\MAT_119_110_slab.cif,multiple adsorption site structure
MAT_119,Mo,0.4,0.6,Ru0.40Mo0.60Ox,O2,0,data\substituted_adsorbates\MAT_119_O2_site0_adsorbed.cif,data\substituted_slabs\MAT_119_110_slab.cif,multiple adsorption site structure
MAT_119,Mo,0.4,0.6,Ru0.40Mo0.60Ox,O2,1,data\substituted_adsorbates\MAT_119_O2_site1_adsorbed.cif,data\substituted_slabs\MAT_119_110_slab.cif,multiple adsorption site structure
MAT_119,Mo,0.4,0.6,Ru0.40Mo0.60Ox,O2,2,data\substituted_adsorbates\MAT_119_O2_site2_adsorbed.cif,data\substituted_slabs\MAT_119_110_slab.cif,multiple adsorption site structure
MAT_119,Mo,0.4,0.6,Ru0.40Mo0.60Ox,N2O,0,data\substituted_adsorbates\MAT_119_N2O_site0_adsorbed.cif,data\substituted_slabs\MAT_119_110_slab.cif,multiple adsorption site structure
MAT_119,Mo,0.4,0.6,Ru0.40Mo0.60Ox,N2O,1,data\substituted_adsorbates\MAT_119_N2O_site1_adsorbed.cif,data\substituted_slabs\MAT_119_110_slab.cif,multiple adsorption site structure
MAT_119,Mo,0.4,0.6,Ru0.40Mo0.60Ox,N2O,2,data\substituted_adsorbates\MAT_119_N2O_site2_adsorbed.cif,data\substituted_slabs\MAT_119_110_slab.cif,multiple adsorption site structure
MAT_120,Mo,0.2,0.8,Ru0.20Mo0.80Ox,O,0,data\substituted_adsorbates\MAT_120_O_site0_adsorbed.cif,data\substituted_slabs\MAT_120_110_slab.cif,multiple adsorption site structure
MAT_120,Mo,0.2,0.8,Ru0.20Mo0.80Ox,O,1,data\substituted_adsorbates\MAT_120_O_site1_adsorbed.cif,data\substituted_slabs\MAT_120_110_slab.cif,multiple adsorption site structure
MAT_120,Mo,0.2,0.8,Ru0.20Mo0.80Ox,O,2,data\substituted_adsorbates\MAT_120_O_site2_adsorbed.cif,data\substituted_slabs\MAT_120_110_slab.cif,multiple adsorption site structure
MAT_120,Mo,0.2,0.8,Ru0.20Mo0.80Ox,O2,0,data\substituted_adsorbates\MAT_120_O2_site0_adsorbed.cif,data\substituted_slabs\MAT_120_110_slab.cif,multiple adsorption site structure
MAT_120,Mo,0.2,0.8,Ru0.20Mo0.80Ox,O2,1,data\substituted_adsorbates\MAT_120_O2_site1_adsorbed.cif,data\substituted_slabs\MAT_120_110_slab.cif,multiple adsorption site structure
MAT_120,Mo,0.2,0.8,Ru0.20Mo0.80Ox,O2,2,data\substituted_adsorbates\MAT_120_O2_site2_adsorbed.cif,data\substituted_slabs\MAT_120_110_slab.cif,multiple adsorption site structure
MAT_120,Mo,0.2,0.8,Ru0.20Mo0.80Ox,N2O,0,data\substituted_adsorbates\MAT_120_N2O_site0_adsorbed.cif,data\substituted_slabs\MAT_120_110_slab.cif,multiple adsorption site structure
MAT_120,Mo,0.2,0.8,Ru0.20Mo0.80Ox,N2O,1,data\substituted_adsorbates\MAT_120_N2O_site1_adsorbed.cif,data\substituted_slabs\MAT_120_110_slab.cif,multiple adsorption site structure
MAT_120,Mo,0.2,0.8,Ru0.20Mo0.80Ox,N2O,2,data\substituted_adsorbates\MAT_120_N2O_site2_adsorbed.cif,data\substituted_slabs\MAT_120_110_slab.cif,multiple adsorption site structure
MAT_122,Rh,0.8,0.1999999999999999,Ru0.80Rh0.20Ox,O,0,data\substituted_adsorbates\MAT_122_O_site0_adsorbed.cif,data\substituted_slabs\MAT_122_110_slab.cif,multiple adsorption site structure
MAT_122,Rh,0.8,0.1999999999999999,Ru0.80Rh0.20Ox,O,1,data\substituted_adsorbates\MAT_122_O_site1_adsorbed.cif,data\substituted_slabs\MAT_122_110_slab.cif,multiple adsorption site structure
MAT_122,Rh,0.8,0.1999999999999999,Ru0.80Rh0.20Ox,O,2,data\substituted_adsorbates\MAT_122_O_site2_adsorbed.cif,data\substituted_slabs\MAT_122_110_slab.cif,multiple adsorption site structure
MAT_122,Rh,0.8,0.1999999999999999,Ru0.80Rh0.20Ox,O2,0,data\substituted_adsorbates\MAT_122_O2_site0_adsorbed.cif,data\substituted_slabs\MAT_122_110_slab.cif,multiple adsorption site structure
MAT_122,Rh,0.8,0.1999999999999999,Ru0.80Rh0.20Ox,O2,1,data\substituted_adsorbates\MAT_122_O2_site1_adsorbed.cif,data\substituted_slabs\MAT_122_110_slab.cif,multiple adsorption site structure
MAT_122,Rh,0.8,0.1999999999999999,Ru0.80Rh0.20Ox,O2,2,data\substituted_adsorbates\MAT_122_O2_site2_adsorbed.cif,data\substituted_slabs\MAT_122_110_slab.cif,multiple adsorption site structure
MAT_122,Rh,0.8,0.1999999999999999,Ru0.80Rh0.20Ox,N2O,0,data\substituted_adsorbates\MAT_122_N2O_site0_adsorbed.cif,data\substituted_slabs\MAT_122_110_slab.cif,multiple adsorption site structure
MAT_122,Rh,0.8,0.1999999999999999,Ru0.80Rh0.20Ox,N2O,1,data\substituted_adsorbates\MAT_122_N2O_site1_adsorbed.cif,data\substituted_slabs\MAT_122_110_slab.cif,multiple adsorption site structure
MAT_122,Rh,0.8,0.1999999999999999,Ru0.80Rh0.20Ox,N2O,2,data\substituted_adsorbates\MAT_122_N2O_site2_adsorbed.cif,data\substituted_slabs\MAT_122_110_slab.cif,multiple adsorption site structure
MAT_123,Rh,0.6,0.4,Ru0.60Rh0.40Ox,O,0,data\substituted_adsorbates\MAT_123_O_site0_adsorbed.cif,data\substituted_slabs\MAT_123_110_slab.cif,multiple adsorption site structure
MAT_123,Rh,0.6,0.4,Ru0.60Rh0.40Ox,O,1,data\substituted_adsorbates\MAT_123_O_site1_adsorbed.cif,data\substituted_slabs\MAT_123_110_slab.cif,multiple adsorption site structure
MAT_123,Rh,0.6,0.4,Ru0.60Rh0.40Ox,O,2,data\substituted_adsorbates\MAT_123_O_site2_adsorbed.cif,data\substituted_slabs\MAT_123_110_slab.cif,multiple adsorption site structure
MAT_123,Rh,0.6,0.4,Ru0.60Rh0.40Ox,O2,0,data\substituted_adsorbates\MAT_123_O2_site0_adsorbed.cif,data\substituted_slabs\MAT_123_110_slab.cif,multiple adsorption site structure
MAT_123,Rh,0.6,0.4,Ru0.60Rh0.40Ox,O2,1,data\substituted_adsorbates\MAT_123_O2_site1_adsorbed.cif,data\substituted_slabs\MAT_123_110_slab.cif,multiple adsorption site structure
MAT_123,Rh,0.6,0.4,Ru0.60Rh0.40Ox,O2,2,data\substituted_adsorbates\MAT_123_O2_site2_adsorbed.cif,data\substituted_slabs\MAT_123_110_slab.cif,multiple adsorption site structure
MAT_123,Rh,0.6,0.4,Ru0.60Rh0.40Ox,N2O,0,data\substituted_adsorbates\MAT_123_N2O_site0_adsorbed.cif,data\substituted_slabs\MAT_123_110_slab.cif,multiple adsorption site structure
MAT_123,Rh,0.6,0.4,Ru0.60Rh0.40Ox,N2O,1,data\substituted_adsorbates\MAT_123_N2O_site1_adsorbed.cif,data\substituted_slabs\MAT_123_110_slab.cif,multiple adsorption site structure
MAT_123,Rh,0.6,0.4,Ru0.60Rh0.40Ox,N2O,2,data\substituted_adsorbates\MAT_123_N2O_site2_adsorbed.cif,data\substituted_slabs\MAT_123_110_slab.cif,multiple adsorption site structure
MAT_124,Rh,0.4,0.6,Ru0.40Rh0.60Ox,O,0,data\substituted_adsorbates\MAT_124_O_site0_adsorbed.cif,data\substituted_slabs\MAT_124_110_slab.cif,multiple adsorption site structure
MAT_124,Rh,0.4,0.6,Ru0.40Rh0.60Ox,O,1,data\substituted_adsorbates\MAT_124_O_site1_adsorbed.cif,data\substituted_slabs\MAT_124_110_slab.cif,multiple adsorption site structure
MAT_124,Rh,0.4,0.6,Ru0.40Rh0.60Ox,O,2,data\substituted_adsorbates\MAT_124_O_site2_adsorbed.cif,data\substituted_slabs\MAT_124_110_slab.cif,multiple adsorption site structure
MAT_124,Rh,0.4,0.6,Ru0.40Rh0.60Ox,O2,0,data\substituted_adsorbates\MAT_124_O2_site0_adsorbed.cif,data\substituted_slabs\MAT_124_110_slab.cif,multiple adsorption site structure
MAT_124,Rh,0.4,0.6,Ru0.40Rh0.60Ox,O2,1,data\substituted_adsorbates\MAT_124_O2_site1_adsorbed.cif,data\substituted_slabs\MAT_124_110_slab.cif,multiple adsorption site structure
MAT_124,Rh,0.4,0.6,Ru0.40Rh0.60Ox,O2,2,data\substituted_adsorbates\MAT_124_O2_site2_adsorbed.cif,data\substituted_slabs\MAT_124_110_slab.cif,multiple adsorption site structure
MAT_124,Rh,0.4,0.6,Ru0.40Rh0.60Ox,N2O,0,data\substituted_adsorbates\MAT_124_N2O_site0_adsorbed.cif,data\substituted_slabs\MAT_124_110_slab.cif,multiple adsorption site structure
MAT_124,Rh,0.4,0.6,Ru0.40Rh0.60Ox,N2O,1,data\substituted_adsorbates\MAT_124_N2O_site1_adsorbed.cif,data\substituted_slabs\MAT_124_110_slab.cif,multiple adsorption site structure
MAT_124,Rh,0.4,0.6,Ru0.40Rh0.60Ox,N2O,2,data\substituted_adsorbates\MAT_124_N2O_site2_adsorbed.cif,data\substituted_slabs\MAT_124_110_slab.cif,multiple adsorption site structure
MAT_125,Rh,0.2,0.8,Ru0.20Rh0.80Ox,O,0,data\substituted_adsorbates\MAT_125_O_site0_adsorbed.cif,data\substituted_slabs\MAT_125_110_slab.cif,multiple adsorption site structure
MAT_125,Rh,0.2,0.8,Ru0.20Rh0.80Ox,O,1,data\substituted_adsorbates\MAT_125_O_site1_adsorbed.cif,data\substituted_slabs\MAT_125_110_slab.cif,multiple adsorption site structure
MAT_125,Rh,0.2,0.8,Ru0.20Rh0.80Ox,O,2,data\substituted_adsorbates\MAT_125_O_site2_adsorbed.cif,data\substituted_slabs\MAT_125_110_slab.cif,multiple adsorption site structure
MAT_125,Rh,0.2,0.8,Ru0.20Rh0.80Ox,O2,0,data\substituted_adsorbates\MAT_125_O2_site0_adsorbed.cif,data\substituted_slabs\MAT_125_110_slab.cif,multiple adsorption site structure
MAT_125,Rh,0.2,0.8,Ru0.20Rh0.80Ox,O2,1,data\substituted_adsorbates\MAT_125_O2_site1_adsorbed.cif,data\substituted_slabs\MAT_125_110_slab.cif,multiple adsorption site structure
MAT_125,Rh,0.2,0.8,Ru0.20Rh0.80Ox,O2,2,data\substituted_adsorbates\MAT_125_O2_site2_adsorbed.cif,data\substituted_slabs\MAT_125_110_slab.cif,multiple adsorption site structure
MAT_125,Rh,0.2,0.8,Ru0.20Rh0.80Ox,N2O,0,data\substituted_adsorbates\MAT_125_N2O_site0_adsorbed.cif,data\substituted_slabs\MAT_125_110_slab.cif,multiple adsorption site structure
MAT_125,Rh,0.2,0.8,Ru0.20Rh0.80Ox,N2O,1,data\substituted_adsorbates\MAT_125_N2O_site1_adsorbed.cif,data\substituted_slabs\MAT_125_110_slab.cif,multiple adsorption site structure
MAT_125,Rh,0.2,0.8,Ru0.20Rh0.80Ox,N2O,2,data\substituted_adsorbates\MAT_125_N2O_site2_adsorbed.cif,data\substituted_slabs\MAT_125_110_slab.cif,multiple adsorption site structure
MAT_127,Pd,0.8,0.1999999999999999,Ru0.80Pd0.20Ox,O,0,data\substituted_adsorbates\MAT_127_O_site0_adsorbed.cif,data\substituted_slabs\MAT_127_110_slab.cif,multiple adsorption site structure
MAT_127,Pd,0.8,0.1999999999999999,Ru0.80Pd0.20Ox,O,1,data\substituted_adsorbates\MAT_127_O_site1_adsorbed.cif,data\substituted_slabs\MAT_127_110_slab.cif,multiple adsorption site structure
MAT_127,Pd,0.8,0.1999999999999999,Ru0.80Pd0.20Ox,O,2,data\substituted_adsorbates\MAT_127_O_site2_adsorbed.cif,data\substituted_slabs\MAT_127_110_slab.cif,multiple adsorption site structure
MAT_127,Pd,0.8,0.1999999999999999,Ru0.80Pd0.20Ox,O2,0,data\substituted_adsorbates\MAT_127_O2_site0_adsorbed.cif,data\substituted_slabs\MAT_127_110_slab.cif,multiple adsorption site structure
MAT_127,Pd,0.8,0.1999999999999999,Ru0.80Pd0.20Ox,O2,1,data\substituted_adsorbates\MAT_127_O2_site1_adsorbed.cif,data\substituted_slabs\MAT_127_110_slab.cif,multiple adsorption site structure
MAT_127,Pd,0.8,0.1999999999999999,Ru0.80Pd0.20Ox,O2,2,data\substituted_adsorbates\MAT_127_O2_site2_adsorbed.cif,data\substituted_slabs\MAT_127_110_slab.cif,multiple adsorption site structure
MAT_127,Pd,0.8,0.1999999999999999,Ru0.80Pd0.20Ox,N2O,0,data\substituted_adsorbates\MAT_127_N2O_site0_adsorbed.cif,data\substituted_slabs\MAT_127_110_slab.cif,multiple adsorption site structure
MAT_127,Pd,0.8,0.1999999999999999,Ru0.80Pd0.20Ox,N2O,1,data\substituted_adsorbates\MAT_127_N2O_site1_adsorbed.cif,data\substituted_slabs\MAT_127_110_slab.cif,multiple adsorption site structure
MAT_127,Pd,0.8,0.1999999999999999,Ru0.80Pd0.20Ox,N2O,2,data\substituted_adsorbates\MAT_127_N2O_site2_adsorbed.cif,data\substituted_slabs\MAT_127_110_slab.cif,multiple adsorption site structure
MAT_128,Pd,0.6,0.4,Ru0.60Pd0.40Ox,O,0,data\substituted_adsorbates\MAT_128_O_site0_adsorbed.cif,data\substituted_slabs\MAT_128_110_slab.cif,multiple adsorption site structure
MAT_128,Pd,0.6,0.4,Ru0.60Pd0.40Ox,O,1,data\substituted_adsorbates\MAT_128_O_site1_adsorbed.cif,data\substituted_slabs\MAT_128_110_slab.cif,multiple adsorption site structure
MAT_128,Pd,0.6,0.4,Ru0.60Pd0.40Ox,O,2,data\substituted_adsorbates\MAT_128_O_site2_adsorbed.cif,data\substituted_slabs\MAT_128_110_slab.cif,multiple adsorption site structure
MAT_128,Pd,0.6,0.4,Ru0.60Pd0.40Ox,O2,0,data\substituted_adsorbates\MAT_128_O2_site0_adsorbed.cif,data\substituted_slabs\MAT_128_110_slab.cif,multiple adsorption site structure
MAT_128,Pd,0.6,0.4,Ru0.60Pd0.40Ox,O2,1,data\substituted_adsorbates\MAT_128_O2_site1_adsorbed.cif,data\substituted_slabs\MAT_128_110_slab.cif,multiple adsorption site structure
MAT_128,Pd,0.6,0.4,Ru0.60Pd0.40Ox,O2,2,data\substituted_adsorbates\MAT_128_O2_site2_adsorbed.cif,data\substituted_slabs\MAT_128_110_slab.cif,multiple adsorption site structure
MAT_128,Pd,0.6,0.4,Ru0.60Pd0.40Ox,N2O,0,data\substituted_adsorbates\MAT_128_N2O_site0_adsorbed.cif,data\substituted_slabs\MAT_128_110_slab.cif,multiple adsorption site structure
MAT_128,Pd,0.6,0.4,Ru0.60Pd0.40Ox,N2O,1,data\substituted_adsorbates\MAT_128_N2O_site1_adsorbed.cif,data\substituted_slabs\MAT_128_110_slab.cif,multiple adsorption site structure
MAT_128,Pd,0.6,0.4,Ru0.60Pd0.40Ox,N2O,2,data\substituted_adsorbates\MAT_128_N2O_site2_adsorbed.cif,data\substituted_slabs\MAT_128_110_slab.cif,multiple adsorption site structure
MAT_129,Pd,0.4,0.6,Ru0.40Pd0.60Ox,O,0,data\substituted_adsorbates\MAT_129_O_site0_adsorbed.cif,data\substituted_slabs\MAT_129_110_slab.cif,multiple adsorption site structure
MAT_129,Pd,0.4,0.6,Ru0.40Pd0.60Ox,O,1,data\substituted_adsorbates\MAT_129_O_site1_adsorbed.cif,data\substituted_slabs\MAT_129_110_slab.cif,multiple adsorption site structure
MAT_129,Pd,0.4,0.6,Ru0.40Pd0.60Ox,O,2,data\substituted_adsorbates\MAT_129_O_site2_adsorbed.cif,data\substituted_slabs\MAT_129_110_slab.cif,multiple adsorption site structure
MAT_129,Pd,0.4,0.6,Ru0.40Pd0.60Ox,O2,0,data\substituted_adsorbates\MAT_129_O2_site0_adsorbed.cif,data\substituted_slabs\MAT_129_110_slab.cif,multiple adsorption site structure
MAT_129,Pd,0.4,0.6,Ru0.40Pd0.60Ox,O2,1,data\substituted_adsorbates\MAT_129_O2_site1_adsorbed.cif,data\substituted_slabs\MAT_129_110_slab.cif,multiple adsorption site structure
MAT_129,Pd,0.4,0.6,Ru0.40Pd0.60Ox,O2,2,data\substituted_adsorbates\MAT_129_O2_site2_adsorbed.cif,data\substituted_slabs\MAT_129_110_slab.cif,multiple adsorption site structure
MAT_129,Pd,0.4,0.6,Ru0.40Pd0.60Ox,N2O,0,data\substituted_adsorbates\MAT_129_N2O_site0_adsorbed.cif,data\substituted_slabs\MAT_129_110_slab.cif,multiple adsorption site structure
MAT_129,Pd,0.4,0.6,Ru0.40Pd0.60Ox,N2O,1,data\substituted_adsorbates\MAT_129_N2O_site1_adsorbed.cif,data\substituted_slabs\MAT_129_110_slab.cif,multiple adsorption site structure
MAT_129,Pd,0.4,0.6,Ru0.40Pd0.60Ox,N2O,2,data\substituted_adsorbates\MAT_129_N2O_site2_adsorbed.cif,data\substituted_slabs\MAT_129_110_slab.cif,multiple adsorption site structure
MAT_130,Pd,0.2,0.8,Ru0.20Pd0.80Ox,O,0,data\substituted_adsorbates\MAT_130_O_site0_adsorbed.cif,data\substituted_slabs\MAT_130_110_slab.cif,multiple adsorption site structure
MAT_130,Pd,0.2,0.8,Ru0.20Pd0.80Ox,O,1,data\substituted_adsorbates\MAT_130_O_site1_adsorbed.cif,data\substituted_slabs\MAT_130_110_slab.cif,multiple adsorption site structure
MAT_130,Pd,0.2,0.8,Ru0.20Pd0.80Ox,O,2,data\substituted_adsorbates\MAT_130_O_site2_adsorbed.cif,data\substituted_slabs\MAT_130_110_slab.cif,multiple adsorption site structure
MAT_130,Pd,0.2,0.8,Ru0.20Pd0.80Ox,O2,0,data\substituted_adsorbates\MAT_130_O2_site0_adsorbed.cif,data\substituted_slabs\MAT_130_110_slab.cif,multiple adsorption site structure
MAT_130,Pd,0.2,0.8,Ru0.20Pd0.80Ox,O2,1,data\substituted_adsorbates\MAT_130_O2_site1_adsorbed.cif,data\substituted_slabs\MAT_130_110_slab.cif,multiple adsorption site structure
MAT_130,Pd,0.2,0.8,Ru0.20Pd0.80Ox,O2,2,data\substituted_adsorbates\MAT_130_O2_site2_adsorbed.cif,data\substituted_slabs\MAT_130_110_slab.cif,multiple adsorption site structure
MAT_130,Pd,0.2,0.8,Ru0.20Pd0.80Ox,N2O,0,data\substituted_adsorbates\MAT_130_N2O_site0_adsorbed.cif,data\substituted_slabs\MAT_130_110_slab.cif,multiple adsorption site structure
MAT_130,Pd,0.2,0.8,Ru0.20Pd0.80Ox,N2O,1,data\substituted_adsorbates\MAT_130_N2O_site1_adsorbed.cif,data\substituted_slabs\MAT_130_110_slab.cif,multiple adsorption site structure
MAT_130,Pd,0.2,0.8,Ru0.20Pd0.80Ox,N2O,2,data\substituted_adsorbates\MAT_130_N2O_site2_adsorbed.cif,data\substituted_slabs\MAT_130_110_slab.cif,multiple adsorption site structure
MAT_132,Ag,0.8,0.1999999999999999,Ru0.80Ag0.20Ox,O,0,data\substituted_adsorbates\MAT_132_O_site0_adsorbed.cif,data\substituted_slabs\MAT_132_110_slab.cif,multiple adsorption site structure
MAT_132,Ag,0.8,0.1999999999999999,Ru0.80Ag0.20Ox,O,1,data\substituted_adsorbates\MAT_132_O_site1_adsorbed.cif,data\substituted_slabs\MAT_132_110_slab.cif,multiple adsorption site structure
MAT_132,Ag,0.8,0.1999999999999999,Ru0.80Ag0.20Ox,O,2,data\substituted_adsorbates\MAT_132_O_site2_adsorbed.cif,data\substituted_slabs\MAT_132_110_slab.cif,multiple adsorption site structure
MAT_132,Ag,0.8,0.1999999999999999,Ru0.80Ag0.20Ox,O2,0,data\substituted_adsorbates\MAT_132_O2_site0_adsorbed.cif,data\substituted_slabs\MAT_132_110_slab.cif,multiple adsorption site structure
MAT_132,Ag,0.8,0.1999999999999999,Ru0.80Ag0.20Ox,O2,1,data\substituted_adsorbates\MAT_132_O2_site1_adsorbed.cif,data\substituted_slabs\MAT_132_110_slab.cif,multiple adsorption site structure
MAT_132,Ag,0.8,0.1999999999999999,Ru0.80Ag0.20Ox,O2,2,data\substituted_adsorbates\MAT_132_O2_site2_adsorbed.cif,data\substituted_slabs\MAT_132_110_slab.cif,multiple adsorption site structure
MAT_132,Ag,0.8,0.1999999999999999,Ru0.80Ag0.20Ox,N2O,0,data\substituted_adsorbates\MAT_132_N2O_site0_adsorbed.cif,data\substituted_slabs\MAT_132_110_slab.cif,multiple adsorption site structure
MAT_132,Ag,0.8,0.1999999999999999,Ru0.80Ag0.20Ox,N2O,1,data\substituted_adsorbates\MAT_132_N2O_site1_adsorbed.cif,data\substituted_slabs\MAT_132_110_slab.cif,multiple adsorption site structure
MAT_132,Ag,0.8,0.1999999999999999,Ru0.80Ag0.20Ox,N2O,2,data\substituted_adsorbates\MAT_132_N2O_site2_adsorbed.cif,data\substituted_slabs\MAT_132_110_slab.cif,multiple adsorption site structure
MAT_133,Ag,0.6,0.4,Ru0.60Ag0.40Ox,O,0,data\substituted_adsorbates\MAT_133_O_site0_adsorbed.cif,data\substituted_slabs\MAT_133_110_slab.cif,multiple adsorption site structure
MAT_133,Ag,0.6,0.4,Ru0.60Ag0.40Ox,O,1,data\substituted_adsorbates\MAT_133_O_site1_adsorbed.cif,data\substituted_slabs\MAT_133_110_slab.cif,multiple adsorption site structure
MAT_133,Ag,0.6,0.4,Ru0.60Ag0.40Ox,O,2,data\substituted_adsorbates\MAT_133_O_site2_adsorbed.cif,data\substituted_slabs\MAT_133_110_slab.cif,multiple adsorption site structure
MAT_133,Ag,0.6,0.4,Ru0.60Ag0.40Ox,O2,0,data\substituted_adsorbates\MAT_133_O2_site0_adsorbed.cif,data\substituted_slabs\MAT_133_110_slab.cif,multiple adsorption site structure
MAT_133,Ag,0.6,0.4,Ru0.60Ag0.40Ox,O2,1,data\substituted_adsorbates\MAT_133_O2_site1_adsorbed.cif,data\substituted_slabs\MAT_133_110_slab.cif,multiple adsorption site structure
MAT_133,Ag,0.6,0.4,Ru0.60Ag0.40Ox,O2,2,data\substituted_adsorbates\MAT_133_O2_site2_adsorbed.cif,data\substituted_slabs\MAT_133_110_slab.cif,multiple adsorption site structure
MAT_133,Ag,0.6,0.4,Ru0.60Ag0.40Ox,N2O,0,data\substituted_adsorbates\MAT_133_N2O_site0_adsorbed.cif,data\substituted_slabs\MAT_133_110_slab.cif,multiple adsorption site structure
MAT_133,Ag,0.6,0.4,Ru0.60Ag0.40Ox,N2O,1,data\substituted_adsorbates\MAT_133_N2O_site1_adsorbed.cif,data\substituted_slabs\MAT_133_110_slab.cif,multiple adsorption site structure
MAT_133,Ag,0.6,0.4,Ru0.60Ag0.40Ox,N2O,2,data\substituted_adsorbates\MAT_133_N2O_site2_adsorbed.cif,data\substituted_slabs\MAT_133_110_slab.cif,multiple adsorption site structure
MAT_134,Ag,0.4,0.6,Ru0.40Ag0.60Ox,O,0,data\substituted_adsorbates\MAT_134_O_site0_adsorbed.cif,data\substituted_slabs\MAT_134_110_slab.cif,multiple adsorption site structure
MAT_134,Ag,0.4,0.6,Ru0.40Ag0.60Ox,O,1,data\substituted_adsorbates\MAT_134_O_site1_adsorbed.cif,data\substituted_slabs\MAT_134_110_slab.cif,multiple adsorption site structure
MAT_134,Ag,0.4,0.6,Ru0.40Ag0.60Ox,O,2,data\substituted_adsorbates\MAT_134_O_site2_adsorbed.cif,data\substituted_slabs\MAT_134_110_slab.cif,multiple adsorption site structure
MAT_134,Ag,0.4,0.6,Ru0.40Ag0.60Ox,O2,0,data\substituted_adsorbates\MAT_134_O2_site0_adsorbed.cif,data\substituted_slabs\MAT_134_110_slab.cif,multiple adsorption site structure
MAT_134,Ag,0.4,0.6,Ru0.40Ag0.60Ox,O2,1,data\substituted_adsorbates\MAT_134_O2_site1_adsorbed.cif,data\substituted_slabs\MAT_134_110_slab.cif,multiple adsorption site structure
MAT_134,Ag,0.4,0.6,Ru0.40Ag0.60Ox,O2,2,data\substituted_adsorbates\MAT_134_O2_site2_adsorbed.cif,data\substituted_slabs\MAT_134_110_slab.cif,multiple adsorption site structure
MAT_134,Ag,0.4,0.6,Ru0.40Ag0.60Ox,N2O,0,data\substituted_adsorbates\MAT_134_N2O_site0_adsorbed.cif,data\substituted_slabs\MAT_134_110_slab.cif,multiple adsorption site structure
MAT_134,Ag,0.4,0.6,Ru0.40Ag0.60Ox,N2O,1,data\substituted_adsorbates\MAT_134_N2O_site1_adsorbed.cif,data\substituted_slabs\MAT_134_110_slab.cif,multiple adsorption site structure
MAT_134,Ag,0.4,0.6,Ru0.40Ag0.60Ox,N2O,2,data\substituted_adsorbates\MAT_134_N2O_site2_adsorbed.cif,data\substituted_slabs\MAT_134_110_slab.cif,multiple adsorption site structure
MAT_135,Ag,0.2,0.8,Ru0.20Ag0.80Ox,O,0,data\substituted_adsorbates\MAT_135_O_site0_adsorbed.cif,data\substituted_slabs\MAT_135_110_slab.cif,multiple adsorption site structure
MAT_135,Ag,0.2,0.8,Ru0.20Ag0.80Ox,O,1,data\substituted_adsorbates\MAT_135_O_site1_adsorbed.cif,data\substituted_slabs\MAT_135_110_slab.cif,multiple adsorption site structure
MAT_135,Ag,0.2,0.8,Ru0.20Ag0.80Ox,O,2,data\substituted_adsorbates\MAT_135_O_site2_adsorbed.cif,data\substituted_slabs\MAT_135_110_slab.cif,multiple adsorption site structure
MAT_135,Ag,0.2,0.8,Ru0.20Ag0.80Ox,O2,0,data\substituted_adsorbates\MAT_135_O2_site0_adsorbed.cif,data\substituted_slabs\MAT_135_110_slab.cif,multiple adsorption site structure
MAT_135,Ag,0.2,0.8,Ru0.20Ag0.80Ox,O2,1,data\substituted_adsorbates\MAT_135_O2_site1_adsorbed.cif,data\substituted_slabs\MAT_135_110_slab.cif,multiple adsorption site structure
MAT_135,Ag,0.2,0.8,Ru0.20Ag0.80Ox,O2,2,data\substituted_adsorbates\MAT_135_O2_site2_adsorbed.cif,data\substituted_slabs\MAT_135_110_slab.cif,multiple adsorption site structure
MAT_135,Ag,0.2,0.8,Ru0.20Ag0.80Ox,N2O,0,data\substituted_adsorbates\MAT_135_N2O_site0_adsorbed.cif,data\substituted_slabs\MAT_135_110_slab.cif,multiple adsorption site structure
MAT_135,Ag,0.2,0.8,Ru0.20Ag0.80Ox,N2O,1,data\substituted_adsorbates\MAT_135_N2O_site1_adsorbed.cif,data\substituted_slabs\MAT_135_110_slab.cif,multiple adsorption site structure
MAT_135,Ag,0.2,0.8,Ru0.20Ag0.80Ox,N2O,2,data\substituted_adsorbates\MAT_135_N2O_site2_adsorbed.cif,data\substituted_slabs\MAT_135_110_slab.cif,multiple adsorption site structure
MAT_137,Cd,0.8,0.1999999999999999,Ru0.80Cd0.20Ox,O,0,data\substituted_adsorbates\MAT_137_O_site0_adsorbed.cif,data\substituted_slabs\MAT_137_110_slab.cif,multiple adsorption site structure
MAT_137,Cd,0.8,0.1999999999999999,Ru0.80Cd0.20Ox,O,1,data\substituted_adsorbates\MAT_137_O_site1_adsorbed.cif,data\substituted_slabs\MAT_137_110_slab.cif,multiple adsorption site structure
MAT_137,Cd,0.8,0.1999999999999999,Ru0.80Cd0.20Ox,O,2,data\substituted_adsorbates\MAT_137_O_site2_adsorbed.cif,data\substituted_slabs\MAT_137_110_slab.cif,multiple adsorption site structure
MAT_137,Cd,0.8,0.1999999999999999,Ru0.80Cd0.20Ox,O2,0,data\substituted_adsorbates\MAT_137_O2_site0_adsorbed.cif,data\substituted_slabs\MAT_137_110_slab.cif,multiple adsorption site structure
MAT_137,Cd,0.8,0.1999999999999999,Ru0.80Cd0.20Ox,O2,1,data\substituted_adsorbates\MAT_137_O2_site1_adsorbed.cif,data\substituted_slabs\MAT_137_110_slab.cif,multiple adsorption site structure
MAT_137,Cd,0.8,0.1999999999999999,Ru0.80Cd0.20Ox,O2,2,data\substituted_adsorbates\MAT_137_O2_site2_adsorbed.cif,data\substituted_slabs\MAT_137_110_slab.cif,multiple adsorption site structure
MAT_137,Cd,0.8,0.1999999999999999,Ru0.80Cd0.20Ox,N2O,0,data\substituted_adsorbates\MAT_137_N2O_site0_adsorbed.cif,data\substituted_slabs\MAT_137_110_slab.cif,multiple adsorption site structure
MAT_137,Cd,0.8,0.1999999999999999,Ru0.80Cd0.20Ox,N2O,1,data\substituted_adsorbates\MAT_137_N2O_site1_adsorbed.cif,data\substituted_slabs\MAT_137_110_slab.cif,multiple adsorption site structure
MAT_137,Cd,0.8,0.1999999999999999,Ru0.80Cd0.20Ox,N2O,2,data\substituted_adsorbates\MAT_137_N2O_site2_adsorbed.cif,data\substituted_slabs\MAT_137_110_slab.cif,multiple adsorption site structure
MAT_138,Cd,0.6,0.4,Ru0.60Cd0.40Ox,O,0,data\substituted_adsorbates\MAT_138_O_site0_adsorbed.cif,data\substituted_slabs\MAT_138_110_slab.cif,multiple adsorption site structure
MAT_138,Cd,0.6,0.4,Ru0.60Cd0.40Ox,O,1,data\substituted_adsorbates\MAT_138_O_site1_adsorbed.cif,data\substituted_slabs\MAT_138_110_slab.cif,multiple adsorption site structure
MAT_138,Cd,0.6,0.4,Ru0.60Cd0.40Ox,O,2,data\substituted_adsorbates\MAT_138_O_site2_adsorbed.cif,data\substituted_slabs\MAT_138_110_slab.cif,multiple adsorption site structure
MAT_138,Cd,0.6,0.4,Ru0.60Cd0.40Ox,O2,0,data\substituted_adsorbates\MAT_138_O2_site0_adsorbed.cif,data\substituted_slabs\MAT_138_110_slab.cif,multiple adsorption site structure
MAT_138,Cd,0.6,0.4,Ru0.60Cd0.40Ox,O2,1,data\substituted_adsorbates\MAT_138_O2_site1_adsorbed.cif,data\substituted_slabs\MAT_138_110_slab.cif,multiple adsorption site structure
MAT_138,Cd,0.6,0.4,Ru0.60Cd0.40Ox,O2,2,data\substituted_adsorbates\MAT_138_O2_site2_adsorbed.cif,data\substituted_slabs\MAT_138_110_slab.cif,multiple adsorption site structure
MAT_138,Cd,0.6,0.4,Ru0.60Cd0.40Ox,N2O,0,data\substituted_adsorbates\MAT_138_N2O_site0_adsorbed.cif,data\substituted_slabs\MAT_138_110_slab.cif,multiple adsorption site structure
MAT_138,Cd,0.6,0.4,Ru0.60Cd0.40Ox,N2O,1,data\substituted_adsorbates\MAT_138_N2O_site1_adsorbed.cif,data\substituted_slabs\MAT_138_110_slab.cif,multiple adsorption site structure
MAT_138,Cd,0.6,0.4,Ru0.60Cd0.40Ox,N2O,2,data\substituted_adsorbates\MAT_138_N2O_site2_adsorbed.cif,data\substituted_slabs\MAT_138_110_slab.cif,multiple adsorption site structure
MAT_139,Cd,0.4,0.6,Ru0.40Cd0.60Ox,O,0,data\substituted_adsorbates\MAT_139_O_site0_adsorbed.cif,data\substituted_slabs\MAT_139_110_slab.cif,multiple adsorption site structure
MAT_139,Cd,0.4,0.6,Ru0.40Cd0.60Ox,O,1,data\substituted_adsorbates\MAT_139_O_site1_adsorbed.cif,data\substituted_slabs\MAT_139_110_slab.cif,multiple adsorption site structure
MAT_139,Cd,0.4,0.6,Ru0.40Cd0.60Ox,O,2,data\substituted_adsorbates\MAT_139_O_site2_adsorbed.cif,data\substituted_slabs\MAT_139_110_slab.cif,multiple adsorption site structure
MAT_139,Cd,0.4,0.6,Ru0.40Cd0.60Ox,O2,0,data\substituted_adsorbates\MAT_139_O2_site0_adsorbed.cif,data\substituted_slabs\MAT_139_110_slab.cif,multiple adsorption site structure
MAT_139,Cd,0.4,0.6,Ru0.40Cd0.60Ox,O2,1,data\substituted_adsorbates\MAT_139_O2_site1_adsorbed.cif,data\substituted_slabs\MAT_139_110_slab.cif,multiple adsorption site structure
MAT_139,Cd,0.4,0.6,Ru0.40Cd0.60Ox,O2,2,data\substituted_adsorbates\MAT_139_O2_site2_adsorbed.cif,data\substituted_slabs\MAT_139_110_slab.cif,multiple adsorption site structure
MAT_139,Cd,0.4,0.6,Ru0.40Cd0.60Ox,N2O,0,data\substituted_adsorbates\MAT_139_N2O_site0_adsorbed.cif,data\substituted_slabs\MAT_139_110_slab.cif,multiple adsorption site structure
MAT_139,Cd,0.4,0.6,Ru0.40Cd0.60Ox,N2O,1,data\substituted_adsorbates\MAT_139_N2O_site1_adsorbed.cif,data\substituted_slabs\MAT_139_110_slab.cif,multiple adsorption site structure
MAT_139,Cd,0.4,0.6,Ru0.40Cd0.60Ox,N2O,2,data\substituted_adsorbates\MAT_139_N2O_site2_adsorbed.cif,data\substituted_slabs\MAT_139_110_slab.cif,multiple adsorption site structure
MAT_140,Cd,0.2,0.8,Ru0.20Cd0.80Ox,O,0,data\substituted_adsorbates\MAT_140_O_site0_adsorbed.cif,data\substituted_slabs\MAT_140_110_slab.cif,multiple adsorption site structure
MAT_140,Cd,0.2,0.8,Ru0.20Cd0.80Ox,O,1,data\substituted_adsorbates\MAT_140_O_site1_adsorbed.cif,data\substituted_slabs\MAT_140_110_slab.cif,multiple adsorption site structure
MAT_140,Cd,0.2,0.8,Ru0.20Cd0.80Ox,O,2,data\substituted_adsorbates\MAT_140_O_site2_adsorbed.cif,data\substituted_slabs\MAT_140_110_slab.cif,multiple adsorption site structure
MAT_140,Cd,0.2,0.8,Ru0.20Cd0.80Ox,O2,0,data\substituted_adsorbates\MAT_140_O2_site0_adsorbed.cif,data\substituted_slabs\MAT_140_110_slab.cif,multiple adsorption site structure
MAT_140,Cd,0.2,0.8,Ru0.20Cd0.80Ox,O2,1,data\substituted_adsorbates\MAT_140_O2_site1_adsorbed.cif,data\substituted_slabs\MAT_140_110_slab.cif,multiple adsorption site structure
MAT_140,Cd,0.2,0.8,Ru0.20Cd0.80Ox,O2,2,data\substituted_adsorbates\MAT_140_O2_site2_adsorbed.cif,data\substituted_slabs\MAT_140_110_slab.cif,multiple adsorption site structure
MAT_140,Cd,0.2,0.8,Ru0.20Cd0.80Ox,N2O,0,data\substituted_adsorbates\MAT_140_N2O_site0_adsorbed.cif,data\substituted_slabs\MAT_140_110_slab.cif,multiple adsorption site structure
MAT_140,Cd,0.2,0.8,Ru0.20Cd0.80Ox,N2O,1,data\substituted_adsorbates\MAT_140_N2O_site1_adsorbed.cif,data\substituted_slabs\MAT_140_110_slab.cif,multiple adsorption site structure
MAT_140,Cd,0.2,0.8,Ru0.20Cd0.80Ox,N2O,2,data\substituted_adsorbates\MAT_140_N2O_site2_adsorbed.cif,data\substituted_slabs\MAT_140_110_slab.cif,multiple adsorption site structure
MAT_142,In,0.8,0.1999999999999999,Ru0.80In0.20Ox,O,0,data\substituted_adsorbates\MAT_142_O_site0_adsorbed.cif,data\substituted_slabs\MAT_142_110_slab.cif,multiple adsorption site structure
MAT_142,In,0.8,0.1999999999999999,Ru0.80In0.20Ox,O,1,data\substituted_adsorbates\MAT_142_O_site1_adsorbed.cif,data\substituted_slabs\MAT_142_110_slab.cif,multiple adsorption site structure
MAT_142,In,0.8,0.1999999999999999,Ru0.80In0.20Ox,O,2,data\substituted_adsorbates\MAT_142_O_site2_adsorbed.cif,data\substituted_slabs\MAT_142_110_slab.cif,multiple adsorption site structure
MAT_142,In,0.8,0.1999999999999999,Ru0.80In0.20Ox,O2,0,data\substituted_adsorbates\MAT_142_O2_site0_adsorbed.cif,data\substituted_slabs\MAT_142_110_slab.cif,multiple adsorption site structure
MAT_142,In,0.8,0.1999999999999999,Ru0.80In0.20Ox,O2,1,data\substituted_adsorbates\MAT_142_O2_site1_adsorbed.cif,data\substituted_slabs\MAT_142_110_slab.cif,multiple adsorption site structure
MAT_142,In,0.8,0.1999999999999999,Ru0.80In0.20Ox,O2,2,data\substituted_adsorbates\MAT_142_O2_site2_adsorbed.cif,data\substituted_slabs\MAT_142_110_slab.cif,multiple adsorption site structure
MAT_142,In,0.8,0.1999999999999999,Ru0.80In0.20Ox,N2O,0,data\substituted_adsorbates\MAT_142_N2O_site0_adsorbed.cif,data\substituted_slabs\MAT_142_110_slab.cif,multiple adsorption site structure
MAT_142,In,0.8,0.1999999999999999,Ru0.80In0.20Ox,N2O,1,data\substituted_adsorbates\MAT_142_N2O_site1_adsorbed.cif,data\substituted_slabs\MAT_142_110_slab.cif,multiple adsorption site structure
MAT_142,In,0.8,0.1999999999999999,Ru0.80In0.20Ox,N2O,2,data\substituted_adsorbates\MAT_142_N2O_site2_adsorbed.cif,data\substituted_slabs\MAT_142_110_slab.cif,multiple adsorption site structure
MAT_143,In,0.6,0.4,Ru0.60In0.40Ox,O,0,data\substituted_adsorbates\MAT_143_O_site0_adsorbed.cif,data\substituted_slabs\MAT_143_110_slab.cif,multiple adsorption site structure
MAT_143,In,0.6,0.4,Ru0.60In0.40Ox,O,1,data\substituted_adsorbates\MAT_143_O_site1_adsorbed.cif,data\substituted_slabs\MAT_143_110_slab.cif,multiple adsorption site structure
MAT_143,In,0.6,0.4,Ru0.60In0.40Ox,O,2,data\substituted_adsorbates\MAT_143_O_site2_adsorbed.cif,data\substituted_slabs\MAT_143_110_slab.cif,multiple adsorption site structure
MAT_143,In,0.6,0.4,Ru0.60In0.40Ox,O2,0,data\substituted_adsorbates\MAT_143_O2_site0_adsorbed.cif,data\substituted_slabs\MAT_143_110_slab.cif,multiple adsorption site structure
MAT_143,In,0.6,0.4,Ru0.60In0.40Ox,O2,1,data\substituted_adsorbates\MAT_143_O2_site1_adsorbed.cif,data\substituted_slabs\MAT_143_110_slab.cif,multiple adsorption site structure
MAT_143,In,0.6,0.4,Ru0.60In0.40Ox,O2,2,data\substituted_adsorbates\MAT_143_O2_site2_adsorbed.cif,data\substituted_slabs\MAT_143_110_slab.cif,multiple adsorption site structure
MAT_143,In,0.6,0.4,Ru0.60In0.40Ox,N2O,0,data\substituted_adsorbates\MAT_143_N2O_site0_adsorbed.cif,data\substituted_slabs\MAT_143_110_slab.cif,multiple adsorption site structure
MAT_143,In,0.6,0.4,Ru0.60In0.40Ox,N2O,1,data\substituted_adsorbates\MAT_143_N2O_site1_adsorbed.cif,data\substituted_slabs\MAT_143_110_slab.cif,multiple adsorption site structure
MAT_143,In,0.6,0.4,Ru0.60In0.40Ox,N2O,2,data\substituted_adsorbates\MAT_143_N2O_site2_adsorbed.cif,data\substituted_slabs\MAT_143_110_slab.cif,multiple adsorption site structure
MAT_144,In,0.4,0.6,Ru0.40In0.60Ox,O,0,data\substituted_adsorbates\MAT_144_O_site0_adsorbed.cif,data\substituted_slabs\MAT_144_110_slab.cif,multiple adsorption site structure
MAT_144,In,0.4,0.6,Ru0.40In0.60Ox,O,1,data\substituted_adsorbates\MAT_144_O_site1_adsorbed.cif,data\substituted_slabs\MAT_144_110_slab.cif,multiple adsorption site structure
MAT_144,In,0.4,0.6,Ru0.40In0.60Ox,O,2,data\substituted_adsorbates\MAT_144_O_site2_adsorbed.cif,data\substituted_slabs\MAT_144_110_slab.cif,multiple adsorption site structure
MAT_144,In,0.4,0.6,Ru0.40In0.60Ox,O2,0,data\substituted_adsorbates\MAT_144_O2_site0_adsorbed.cif,data\substituted_slabs\MAT_144_110_slab.cif,multiple adsorption site structure
MAT_144,In,0.4,0.6,Ru0.40In0.60Ox,O2,1,data\substituted_adsorbates\MAT_144_O2_site1_adsorbed.cif,data\substituted_slabs\MAT_144_110_slab.cif,multiple adsorption site structure
MAT_144,In,0.4,0.6,Ru0.40In0.60Ox,O2,2,data\substituted_adsorbates\MAT_144_O2_site2_adsorbed.cif,data\substituted_slabs\MAT_144_110_slab.cif,multiple adsorption site structure
MAT_144,In,0.4,0.6,Ru0.40In0.60Ox,N2O,0,data\substituted_adsorbates\MAT_144_N2O_site0_adsorbed.cif,data\substituted_slabs\MAT_144_110_slab.cif,multiple adsorption site structure
MAT_144,In,0.4,0.6,Ru0.40In0.60Ox,N2O,1,data\substituted_adsorbates\MAT_144_N2O_site1_adsorbed.cif,data\substituted_slabs\MAT_144_110_slab.cif,multiple adsorption site structure
MAT_144,In,0.4,0.6,Ru0.40In0.60Ox,N2O,2,data\substituted_adsorbates\MAT_144_N2O_site2_adsorbed.cif,data\substituted_slabs\MAT_144_110_slab.cif,multiple adsorption site structure
MAT_145,In,0.2,0.8,Ru0.20In0.80Ox,O,0,data\substituted_adsorbates\MAT_145_O_site0_adsorbed.cif,data\substituted_slabs\MAT_145_110_slab.cif,multiple adsorption site structure
MAT_145,In,0.2,0.8,Ru0.20In0.80Ox,O,1,data\substituted_adsorbates\MAT_145_O_site1_adsorbed.cif,data\substituted_slabs\MAT_145_110_slab.cif,multiple adsorption site structure
MAT_145,In,0.2,0.8,Ru0.20In0.80Ox,O,2,data\substituted_adsorbates\MAT_145_O_site2_adsorbed.cif,data\substituted_slabs\MAT_145_110_slab.cif,multiple adsorption site structure
MAT_145,In,0.2,0.8,Ru0.20In0.80Ox,O2,0,data\substituted_adsorbates\MAT_145_O2_site0_adsorbed.cif,data\substituted_slabs\MAT_145_110_slab.cif,multiple adsorption site structure
MAT_145,In,0.2,0.8,Ru0.20In0.80Ox,O2,1,data\substituted_adsorbates\MAT_145_O2_site1_adsorbed.cif,data\substituted_slabs\MAT_145_110_slab.cif,multiple adsorption site structure
MAT_145,In,0.2,0.8,Ru0.20In0.80Ox,O2,2,data\substituted_adsorbates\MAT_145_O2_site2_adsorbed.cif,data\substituted_slabs\MAT_145_110_slab.cif,multiple adsorption site structure
MAT_145,In,0.2,0.8,Ru0.20In0.80Ox,N2O,0,data\substituted_adsorbates\MAT_145_N2O_site0_adsorbed.cif,data\substituted_slabs\MAT_145_110_slab.cif,multiple adsorption site structure
MAT_145,In,0.2,0.8,Ru0.20In0.80Ox,N2O,1,data\substituted_adsorbates\MAT_145_N2O_site1_adsorbed.cif,data\substituted_slabs\MAT_145_110_slab.cif,multiple adsorption site structure
MAT_145,In,0.2,0.8,Ru0.20In0.80Ox,N2O,2,data\substituted_adsorbates\MAT_145_N2O_site2_adsorbed.cif,data\substituted_slabs\MAT_145_110_slab.cif,multiple adsorption site structure
MAT_147,Sn,0.8,0.1999999999999999,Ru0.80Sn0.20Ox,O,0,data\substituted_adsorbates\MAT_147_O_site0_adsorbed.cif,data\substituted_slabs\MAT_147_110_slab.cif,multiple adsorption site structure
MAT_147,Sn,0.8,0.1999999999999999,Ru0.80Sn0.20Ox,O,1,data\substituted_adsorbates\MAT_147_O_site1_adsorbed.cif,data\substituted_slabs\MAT_147_110_slab.cif,multiple adsorption site structure
MAT_147,Sn,0.8,0.1999999999999999,Ru0.80Sn0.20Ox,O,2,data\substituted_adsorbates\MAT_147_O_site2_adsorbed.cif,data\substituted_slabs\MAT_147_110_slab.cif,multiple adsorption site structure
MAT_147,Sn,0.8,0.1999999999999999,Ru0.80Sn0.20Ox,O2,0,data\substituted_adsorbates\MAT_147_O2_site0_adsorbed.cif,data\substituted_slabs\MAT_147_110_slab.cif,multiple adsorption site structure
MAT_147,Sn,0.8,0.1999999999999999,Ru0.80Sn0.20Ox,O2,1,data\substituted_adsorbates\MAT_147_O2_site1_adsorbed.cif,data\substituted_slabs\MAT_147_110_slab.cif,multiple adsorption site structure
MAT_147,Sn,0.8,0.1999999999999999,Ru0.80Sn0.20Ox,O2,2,data\substituted_adsorbates\MAT_147_O2_site2_adsorbed.cif,data\substituted_slabs\MAT_147_110_slab.cif,multiple adsorption site structure
MAT_147,Sn,0.8,0.1999999999999999,Ru0.80Sn0.20Ox,N2O,0,data\substituted_adsorbates\MAT_147_N2O_site0_adsorbed.cif,data\substituted_slabs\MAT_147_110_slab.cif,multiple adsorption site structure
MAT_147,Sn,0.8,0.1999999999999999,Ru0.80Sn0.20Ox,N2O,1,data\substituted_adsorbates\MAT_147_N2O_site1_adsorbed.cif,data\substituted_slabs\MAT_147_110_slab.cif,multiple adsorption site structure
MAT_147,Sn,0.8,0.1999999999999999,Ru0.80Sn0.20Ox,N2O,2,data\substituted_adsorbates\MAT_147_N2O_site2_adsorbed.cif,data\substituted_slabs\MAT_147_110_slab.cif,multiple adsorption site structure
MAT_148,Sn,0.6,0.4,Ru0.60Sn0.40Ox,O,0,data\substituted_adsorbates\MAT_148_O_site0_adsorbed.cif,data\substituted_slabs\MAT_148_110_slab.cif,multiple adsorption site structure
MAT_148,Sn,0.6,0.4,Ru0.60Sn0.40Ox,O,1,data\substituted_adsorbates\MAT_148_O_site1_adsorbed.cif,data\substituted_slabs\MAT_148_110_slab.cif,multiple adsorption site structure
MAT_148,Sn,0.6,0.4,Ru0.60Sn0.40Ox,O,2,data\substituted_adsorbates\MAT_148_O_site2_adsorbed.cif,data\substituted_slabs\MAT_148_110_slab.cif,multiple adsorption site structure
MAT_148,Sn,0.6,0.4,Ru0.60Sn0.40Ox,O2,0,data\substituted_adsorbates\MAT_148_O2_site0_adsorbed.cif,data\substituted_slabs\MAT_148_110_slab.cif,multiple adsorption site structure
MAT_148,Sn,0.6,0.4,Ru0.60Sn0.40Ox,O2,1,data\substituted_adsorbates\MAT_148_O2_site1_adsorbed.cif,data\substituted_slabs\MAT_148_110_slab.cif,multiple adsorption site structure
MAT_148,Sn,0.6,0.4,Ru0.60Sn0.40Ox,O2,2,data\substituted_adsorbates\MAT_148_O2_site2_adsorbed.cif,data\substituted_slabs\MAT_148_110_slab.cif,multiple adsorption site structure
MAT_148,Sn,0.6,0.4,Ru0.60Sn0.40Ox,N2O,0,data\substituted_adsorbates\MAT_148_N2O_site0_adsorbed.cif,data\substituted_slabs\MAT_148_110_slab.cif,multiple adsorption site structure
MAT_148,Sn,0.6,0.4,Ru0.60Sn0.40Ox,N2O,1,data\substituted_adsorbates\MAT_148_N2O_site1_adsorbed.cif,data\substituted_slabs\MAT_148_110_slab.cif,multiple adsorption site structure
MAT_148,Sn,0.6,0.4,Ru0.60Sn0.40Ox,N2O,2,data\substituted_adsorbates\MAT_148_N2O_site2_adsorbed.cif,data\substituted_slabs\MAT_148_110_slab.cif,multiple adsorption site structure
MAT_149,Sn,0.4,0.6,Ru0.40Sn0.60Ox,O,0,data\substituted_adsorbates\MAT_149_O_site0_adsorbed.cif,data\substituted_slabs\MAT_149_110_slab.cif,multiple adsorption site structure
MAT_149,Sn,0.4,0.6,Ru0.40Sn0.60Ox,O,1,data\substituted_adsorbates\MAT_149_O_site1_adsorbed.cif,data\substituted_slabs\MAT_149_110_slab.cif,multiple adsorption site structure
MAT_149,Sn,0.4,0.6,Ru0.40Sn0.60Ox,O,2,data\substituted_adsorbates\MAT_149_O_site2_adsorbed.cif,data\substituted_slabs\MAT_149_110_slab.cif,multiple adsorption site structure
MAT_149,Sn,0.4,0.6,Ru0.40Sn0.60Ox,O2,0,data\substituted_adsorbates\MAT_149_O2_site0_adsorbed.cif,data\substituted_slabs\MAT_149_110_slab.cif,multiple adsorption site structure
MAT_149,Sn,0.4,0.6,Ru0.40Sn0.60Ox,O2,1,data\substituted_adsorbates\MAT_149_O2_site1_adsorbed.cif,data\substituted_slabs\MAT_149_110_slab.cif,multiple adsorption site structure
MAT_149,Sn,0.4,0.6,Ru0.40Sn0.60Ox,O2,2,data\substituted_adsorbates\MAT_149_O2_site2_adsorbed.cif,data\substituted_slabs\MAT_149_110_slab.cif,multiple adsorption site structure
MAT_149,Sn,0.4,0.6,Ru0.40Sn0.60Ox,N2O,0,data\substituted_adsorbates\MAT_149_N2O_site0_adsorbed.cif,data\substituted_slabs\MAT_149_110_slab.cif,multiple adsorption site structure
MAT_149,Sn,0.4,0.6,Ru0.40Sn0.60Ox,N2O,1,data\substituted_adsorbates\MAT_149_N2O_site1_adsorbed.cif,data\substituted_slabs\MAT_149_110_slab.cif,multiple adsorption site structure
MAT_149,Sn,0.4,0.6,Ru0.40Sn0.60Ox,N2O,2,data\substituted_adsorbates\MAT_149_N2O_site2_adsorbed.cif,data\substituted_slabs\MAT_149_110_slab.cif,multiple adsorption site structure
MAT_150,Sn,0.2,0.8,Ru0.20Sn0.80Ox,O,0,data\substituted_adsorbates\MAT_150_O_site0_adsorbed.cif,data\substituted_slabs\MAT_150_110_slab.cif,multiple adsorption site structure
MAT_150,Sn,0.2,0.8,Ru0.20Sn0.80Ox,O,1,data\substituted_adsorbates\MAT_150_O_site1_adsorbed.cif,data\substituted_slabs\MAT_150_110_slab.cif,multiple adsorption site structure
MAT_150,Sn,0.2,0.8,Ru0.20Sn0.80Ox,O,2,data\substituted_adsorbates\MAT_150_O_site2_adsorbed.cif,data\substituted_slabs\MAT_150_110_slab.cif,multiple adsorption site structure
MAT_150,Sn,0.2,0.8,Ru0.20Sn0.80Ox,O2,0,data\substituted_adsorbates\MAT_150_O2_site0_adsorbed.cif,data\substituted_slabs\MAT_150_110_slab.cif,multiple adsorption site structure
MAT_150,Sn,0.2,0.8,Ru0.20Sn0.80Ox,O2,1,data\substituted_adsorbates\MAT_150_O2_site1_adsorbed.cif,data\substituted_slabs\MAT_150_110_slab.cif,multiple adsorption site structure
MAT_150,Sn,0.2,0.8,Ru0.20Sn0.80Ox,O2,2,data\substituted_adsorbates\MAT_150_O2_site2_adsorbed.cif,data\substituted_slabs\MAT_150_110_slab.cif,multiple adsorption site structure
MAT_150,Sn,0.2,0.8,Ru0.20Sn0.80Ox,N2O,0,data\substituted_adsorbates\MAT_150_N2O_site0_adsorbed.cif,data\substituted_slabs\MAT_150_110_slab.cif,multiple adsorption site structure
MAT_150,Sn,0.2,0.8,Ru0.20Sn0.80Ox,N2O,1,data\substituted_adsorbates\MAT_150_N2O_site1_adsorbed.cif,data\substituted_slabs\MAT_150_110_slab.cif,multiple adsorption site structure
MAT_150,Sn,0.2,0.8,Ru0.20Sn0.80Ox,N2O,2,data\substituted_adsorbates\MAT_150_N2O_site2_adsorbed.cif,data\substituted_slabs\MAT_150_110_slab.cif,multiple adsorption site structure
MAT_152,Ba,0.8,0.1999999999999999,Ru0.80Ba0.20Ox,O,0,data\substituted_adsorbates\MAT_152_O_site0_adsorbed.cif,data\substituted_slabs\MAT_152_110_slab.cif,multiple adsorption site structure
MAT_152,Ba,0.8,0.1999999999999999,Ru0.80Ba0.20Ox,O,1,data\substituted_adsorbates\MAT_152_O_site1_adsorbed.cif,data\substituted_slabs\MAT_152_110_slab.cif,multiple adsorption site structure
MAT_152,Ba,0.8,0.1999999999999999,Ru0.80Ba0.20Ox,O,2,data\substituted_adsorbates\MAT_152_O_site2_adsorbed.cif,data\substituted_slabs\MAT_152_110_slab.cif,multiple adsorption site structure
MAT_152,Ba,0.8,0.1999999999999999,Ru0.80Ba0.20Ox,O2,0,data\substituted_adsorbates\MAT_152_O2_site0_adsorbed.cif,data\substituted_slabs\MAT_152_110_slab.cif,multiple adsorption site structure
MAT_152,Ba,0.8,0.1999999999999999,Ru0.80Ba0.20Ox,O2,1,data\substituted_adsorbates\MAT_152_O2_site1_adsorbed.cif,data\substituted_slabs\MAT_152_110_slab.cif,multiple adsorption site structure
MAT_152,Ba,0.8,0.1999999999999999,Ru0.80Ba0.20Ox,O2,2,data\substituted_adsorbates\MAT_152_O2_site2_adsorbed.cif,data\substituted_slabs\MAT_152_110_slab.cif,multiple adsorption site structure
MAT_152,Ba,0.8,0.1999999999999999,Ru0.80Ba0.20Ox,N2O,0,data\substituted_adsorbates\MAT_152_N2O_site0_adsorbed.cif,data\substituted_slabs\MAT_152_110_slab.cif,multiple adsorption site structure
MAT_152,Ba,0.8,0.1999999999999999,Ru0.80Ba0.20Ox,N2O,1,data\substituted_adsorbates\MAT_152_N2O_site1_adsorbed.cif,data\substituted_slabs\MAT_152_110_slab.cif,multiple adsorption site structure
MAT_152,Ba,0.8,0.1999999999999999,Ru0.80Ba0.20Ox,N2O,2,data\substituted_adsorbates\MAT_152_N2O_site2_adsorbed.cif,data\substituted_slabs\MAT_152_110_slab.cif,multiple adsorption site structure
MAT_153,Ba,0.6,0.4,Ru0.60Ba0.40Ox,O,0,data\substituted_adsorbates\MAT_153_O_site0_adsorbed.cif,data\substituted_slabs\MAT_153_110_slab.cif,multiple adsorption site structure
MAT_153,Ba,0.6,0.4,Ru0.60Ba0.40Ox,O,1,data\substituted_adsorbates\MAT_153_O_site1_adsorbed.cif,data\substituted_slabs\MAT_153_110_slab.cif,multiple adsorption site structure
MAT_153,Ba,0.6,0.4,Ru0.60Ba0.40Ox,O,2,data\substituted_adsorbates\MAT_153_O_site2_adsorbed.cif,data\substituted_slabs\MAT_153_110_slab.cif,multiple adsorption site structure
MAT_153,Ba,0.6,0.4,Ru0.60Ba0.40Ox,O2,0,data\substituted_adsorbates\MAT_153_O2_site0_adsorbed.cif,data\substituted_slabs\MAT_153_110_slab.cif,multiple adsorption site structure
MAT_153,Ba,0.6,0.4,Ru0.60Ba0.40Ox,O2,1,data\substituted_adsorbates\MAT_153_O2_site1_adsorbed.cif,data\substituted_slabs\MAT_153_110_slab.cif,multiple adsorption site structure
MAT_153,Ba,0.6,0.4,Ru0.60Ba0.40Ox,O2,2,data\substituted_adsorbates\MAT_153_O2_site2_adsorbed.cif,data\substituted_slabs\MAT_153_110_slab.cif,multiple adsorption site structure
MAT_153,Ba,0.6,0.4,Ru0.60Ba0.40Ox,N2O,0,data\substituted_adsorbates\MAT_153_N2O_site0_adsorbed.cif,data\substituted_slabs\MAT_153_110_slab.cif,multiple adsorption site structure
MAT_153,Ba,0.6,0.4,Ru0.60Ba0.40Ox,N2O,1,data\substituted_adsorbates\MAT_153_N2O_site1_adsorbed.cif,data\substituted_slabs\MAT_153_110_slab.cif,multiple adsorption site structure
MAT_153,Ba,0.6,0.4,Ru0.60Ba0.40Ox,N2O,2,data\substituted_adsorbates\MAT_153_N2O_site2_adsorbed.cif,data\substituted_slabs\MAT_153_110_slab.cif,multiple adsorption site structure
MAT_154,Ba,0.4,0.6,Ru0.40Ba0.60Ox,O,0,data\substituted_adsorbates\MAT_154_O_site0_adsorbed.cif,data\substituted_slabs\MAT_154_110_slab.cif,multiple adsorption site structure
MAT_154,Ba,0.4,0.6,Ru0.40Ba0.60Ox,O,1,data\substituted_adsorbates\MAT_154_O_site1_adsorbed.cif,data\substituted_slabs\MAT_154_110_slab.cif,multiple adsorption site structure
MAT_154,Ba,0.4,0.6,Ru0.40Ba0.60Ox,O,2,data\substituted_adsorbates\MAT_154_O_site2_adsorbed.cif,data\substituted_slabs\MAT_154_110_slab.cif,multiple adsorption site structure
MAT_154,Ba,0.4,0.6,Ru0.40Ba0.60Ox,O2,0,data\substituted_adsorbates\MAT_154_O2_site0_adsorbed.cif,data\substituted_slabs\MAT_154_110_slab.cif,multiple adsorption site structure
MAT_154,Ba,0.4,0.6,Ru0.40Ba0.60Ox,O2,1,data\substituted_adsorbates\MAT_154_O2_site1_adsorbed.cif,data\substituted_slabs\MAT_154_110_slab.cif,multiple adsorption site structure
MAT_154,Ba,0.4,0.6,Ru0.40Ba0.60Ox,O2,2,data\substituted_adsorbates\MAT_154_O2_site2_adsorbed.cif,data\substituted_slabs\MAT_154_110_slab.cif,multiple adsorption site structure
MAT_154,Ba,0.4,0.6,Ru0.40Ba0.60Ox,N2O,0,data\substituted_adsorbates\MAT_154_N2O_site0_adsorbed.cif,data\substituted_slabs\MAT_154_110_slab.cif,multiple adsorption site structure
MAT_154,Ba,0.4,0.6,Ru0.40Ba0.60Ox,N2O,1,data\substituted_adsorbates\MAT_154_N2O_site1_adsorbed.cif,data\substituted_slabs\MAT_154_110_slab.cif,multiple adsorption site structure
MAT_154,Ba,0.4,0.6,Ru0.40Ba0.60Ox,N2O,2,data\substituted_adsorbates\MAT_154_N2O_site2_adsorbed.cif,data\substituted_slabs\MAT_154_110_slab.cif,multiple adsorption site structure
MAT_155,Ba,0.2,0.8,Ru0.20Ba0.80Ox,O,0,data\substituted_adsorbates\MAT_155_O_site0_adsorbed.cif,data\substituted_slabs\MAT_155_110_slab.cif,multiple adsorption site structure
MAT_155,Ba,0.2,0.8,Ru0.20Ba0.80Ox,O,1,data\substituted_adsorbates\MAT_155_O_site1_adsorbed.cif,data\substituted_slabs\MAT_155_110_slab.cif,multiple adsorption site structure
MAT_155,Ba,0.2,0.8,Ru0.20Ba0.80Ox,O,2,data\substituted_adsorbates\MAT_155_O_site2_adsorbed.cif,data\substituted_slabs\MAT_155_110_slab.cif,multiple adsorption site structure
MAT_155,Ba,0.2,0.8,Ru0.20Ba0.80Ox,O2,0,data\substituted_adsorbates\MAT_155_O2_site0_adsorbed.cif,data\substituted_slabs\MAT_155_110_slab.cif,multiple adsorption site structure
MAT_155,Ba,0.2,0.8,Ru0.20Ba0.80Ox,O2,1,data\substituted_adsorbates\MAT_155_O2_site1_adsorbed.cif,data\substituted_slabs\MAT_155_110_slab.cif,multiple adsorption site structure
MAT_155,Ba,0.2,0.8,Ru0.20Ba0.80Ox,O2,2,data\substituted_adsorbates\MAT_155_O2_site2_adsorbed.cif,data\substituted_slabs\MAT_155_110_slab.cif,multiple adsorption site structure
MAT_155,Ba,0.2,0.8,Ru0.20Ba0.80Ox,N2O,0,data\substituted_adsorbates\MAT_155_N2O_site0_adsorbed.cif,data\substituted_slabs\MAT_155_110_slab.cif,multiple adsorption site structure
MAT_155,Ba,0.2,0.8,Ru0.20Ba0.80Ox,N2O,1,data\substituted_adsorbates\MAT_155_N2O_site1_adsorbed.cif,data\substituted_slabs\MAT_155_110_slab.cif,multiple adsorption site structure
MAT_155,Ba,0.2,0.8,Ru0.20Ba0.80Ox,N2O,2,data\substituted_adsorbates\MAT_155_N2O_site2_adsorbed.cif,data\substituted_slabs\MAT_155_110_slab.cif,multiple adsorption site structure
MAT_157,La,0.8,0.1999999999999999,Ru0.80La0.20Ox,O,0,data\substituted_adsorbates\MAT_157_O_site0_adsorbed.cif,data\substituted_slabs\MAT_157_110_slab.cif,multiple adsorption site structure
MAT_157,La,0.8,0.1999999999999999,Ru0.80La0.20Ox,O,1,data\substituted_adsorbates\MAT_157_O_site1_adsorbed.cif,data\substituted_slabs\MAT_157_110_slab.cif,multiple adsorption site structure
MAT_157,La,0.8,0.1999999999999999,Ru0.80La0.20Ox,O,2,data\substituted_adsorbates\MAT_157_O_site2_adsorbed.cif,data\substituted_slabs\MAT_157_110_slab.cif,multiple adsorption site structure
MAT_157,La,0.8,0.1999999999999999,Ru0.80La0.20Ox,O2,0,data\substituted_adsorbates\MAT_157_O2_site0_adsorbed.cif,data\substituted_slabs\MAT_157_110_slab.cif,multiple adsorption site structure
MAT_157,La,0.8,0.1999999999999999,Ru0.80La0.20Ox,O2,1,data\substituted_adsorbates\MAT_157_O2_site1_adsorbed.cif,data\substituted_slabs\MAT_157_110_slab.cif,multiple adsorption site structure
MAT_157,La,0.8,0.1999999999999999,Ru0.80La0.20Ox,O2,2,data\substituted_adsorbates\MAT_157_O2_site2_adsorbed.cif,data\substituted_slabs\MAT_157_110_slab.cif,multiple adsorption site structure
MAT_157,La,0.8,0.1999999999999999,Ru0.80La0.20Ox,N2O,0,data\substituted_adsorbates\MAT_157_N2O_site0_adsorbed.cif,data\substituted_slabs\MAT_157_110_slab.cif,multiple adsorption site structure
MAT_157,La,0.8,0.1999999999999999,Ru0.80La0.20Ox,N2O,1,data\substituted_adsorbates\MAT_157_N2O_site1_adsorbed.cif,data\substituted_slabs\MAT_157_110_slab.cif,multiple adsorption site structure
MAT_157,La,0.8,0.1999999999999999,Ru0.80La0.20Ox,N2O,2,data\substituted_adsorbates\MAT_157_N2O_site2_adsorbed.cif,data\substituted_slabs\MAT_157_110_slab.cif,multiple adsorption site structure
MAT_158,La,0.6,0.4,Ru0.60La0.40Ox,O,0,data\substituted_adsorbates\MAT_158_O_site0_adsorbed.cif,data\substituted_slabs\MAT_158_110_slab.cif,multiple adsorption site structure
MAT_158,La,0.6,0.4,Ru0.60La0.40Ox,O,1,data\substituted_adsorbates\MAT_158_O_site1_adsorbed.cif,data\substituted_slabs\MAT_158_110_slab.cif,multiple adsorption site structure
MAT_158,La,0.6,0.4,Ru0.60La0.40Ox,O,2,data\substituted_adsorbates\MAT_158_O_site2_adsorbed.cif,data\substituted_slabs\MAT_158_110_slab.cif,multiple adsorption site structure
MAT_158,La,0.6,0.4,Ru0.60La0.40Ox,O2,0,data\substituted_adsorbates\MAT_158_O2_site0_adsorbed.cif,data\substituted_slabs\MAT_158_110_slab.cif,multiple adsorption site structure
MAT_158,La,0.6,0.4,Ru0.60La0.40Ox,O2,1,data\substituted_adsorbates\MAT_158_O2_site1_adsorbed.cif,data\substituted_slabs\MAT_158_110_slab.cif,multiple adsorption site structure
MAT_158,La,0.6,0.4,Ru0.60La0.40Ox,O2,2,data\substituted_adsorbates\MAT_158_O2_site2_adsorbed.cif,data\substituted_slabs\MAT_158_110_slab.cif,multiple adsorption site structure
MAT_158,La,0.6,0.4,Ru0.60La0.40Ox,N2O,0,data\substituted_adsorbates\MAT_158_N2O_site0_adsorbed.cif,data\substituted_slabs\MAT_158_110_slab.cif,multiple adsorption site structure
MAT_158,La,0.6,0.4,Ru0.60La0.40Ox,N2O,1,data\substituted_adsorbates\MAT_158_N2O_site1_adsorbed.cif,data\substituted_slabs\MAT_158_110_slab.cif,multiple adsorption site structure
MAT_158,La,0.6,0.4,Ru0.60La0.40Ox,N2O,2,data\substituted_adsorbates\MAT_158_N2O_site2_adsorbed.cif,data\substituted_slabs\MAT_158_110_slab.cif,multiple adsorption site structure
MAT_159,La,0.4,0.6,Ru0.40La0.60Ox,O,0,data\substituted_adsorbates\MAT_159_O_site0_adsorbed.cif,data\substituted_slabs\MAT_159_110_slab.cif,multiple adsorption site structure
MAT_159,La,0.4,0.6,Ru0.40La0.60Ox,O,1,data\substituted_adsorbates\MAT_159_O_site1_adsorbed.cif,data\substituted_slabs\MAT_159_110_slab.cif,multiple adsorption site structure
MAT_159,La,0.4,0.6,Ru0.40La0.60Ox,O,2,data\substituted_adsorbates\MAT_159_O_site2_adsorbed.cif,data\substituted_slabs\MAT_159_110_slab.cif,multiple adsorption site structure
MAT_159,La,0.4,0.6,Ru0.40La0.60Ox,O2,0,data\substituted_adsorbates\MAT_159_O2_site0_adsorbed.cif,data\substituted_slabs\MAT_159_110_slab.cif,multiple adsorption site structure
MAT_159,La,0.4,0.6,Ru0.40La0.60Ox,O2,1,data\substituted_adsorbates\MAT_159_O2_site1_adsorbed.cif,data\substituted_slabs\MAT_159_110_slab.cif,multiple adsorption site structure
MAT_159,La,0.4,0.6,Ru0.40La0.60Ox,O2,2,data\substituted_adsorbates\MAT_159_O2_site2_adsorbed.cif,data\substituted_slabs\MAT_159_110_slab.cif,multiple adsorption site structure
MAT_159,La,0.4,0.6,Ru0.40La0.60Ox,N2O,0,data\substituted_adsorbates\MAT_159_N2O_site0_adsorbed.cif,data\substituted_slabs\MAT_159_110_slab.cif,multiple adsorption site structure
MAT_159,La,0.4,0.6,Ru0.40La0.60Ox,N2O,1,data\substituted_adsorbates\MAT_159_N2O_site1_adsorbed.cif,data\substituted_slabs\MAT_159_110_slab.cif,multiple adsorption site structure
MAT_159,La,0.4,0.6,Ru0.40La0.60Ox,N2O,2,data\substituted_adsorbates\MAT_159_N2O_site2_adsorbed.cif,data\substituted_slabs\MAT_159_110_slab.cif,multiple adsorption site structure
MAT_160,La,0.2,0.8,Ru0.20La0.80Ox,O,0,data\substituted_adsorbates\MAT_160_O_site0_adsorbed.cif,data\substituted_slabs\MAT_160_110_slab.cif,multiple adsorption site structure
MAT_160,La,0.2,0.8,Ru0.20La0.80Ox,O,1,data\substituted_adsorbates\MAT_160_O_site1_adsorbed.cif,data\substituted_slabs\MAT_160_110_slab.cif,multiple adsorption site structure
MAT_160,La,0.2,0.8,Ru0.20La0.80Ox,O,2,data\substituted_adsorbates\MAT_160_O_site2_adsorbed.cif,data\substituted_slabs\MAT_160_110_slab.cif,multiple adsorption site structure
MAT_160,La,0.2,0.8,Ru0.20La0.80Ox,O2,0,data\substituted_adsorbates\MAT_160_O2_site0_adsorbed.cif,data\substituted_slabs\MAT_160_110_slab.cif,multiple adsorption site structure
MAT_160,La,0.2,0.8,Ru0.20La0.80Ox,O2,1,data\substituted_adsorbates\MAT_160_O2_site1_adsorbed.cif,data\substituted_slabs\MAT_160_110_slab.cif,multiple adsorption site structure
MAT_160,La,0.2,0.8,Ru0.20La0.80Ox,O2,2,data\substituted_adsorbates\MAT_160_O2_site2_adsorbed.cif,data\substituted_slabs\MAT_160_110_slab.cif,multiple adsorption site structure
MAT_160,La,0.2,0.8,Ru0.20La0.80Ox,N2O,0,data\substituted_adsorbates\MAT_160_N2O_site0_adsorbed.cif,data\substituted_slabs\MAT_160_110_slab.cif,multiple adsorption site structure
MAT_160,La,0.2,0.8,Ru0.20La0.80Ox,N2O,1,data\substituted_adsorbates\MAT_160_N2O_site1_adsorbed.cif,data\substituted_slabs\MAT_160_110_slab.cif,multiple adsorption site structure
MAT_160,La,0.2,0.8,Ru0.20La0.80Ox,N2O,2,data\substituted_adsorbates\MAT_160_N2O_site2_adsorbed.cif,data\substituted_slabs\MAT_160_110_slab.cif,multiple adsorption site structure
MAT_162,Ce,0.8,0.1999999999999999,Ru0.80Ce0.20Ox,O,0,data\substituted_adsorbates\MAT_162_O_site0_adsorbed.cif,data\substituted_slabs\MAT_162_110_slab.cif,multiple adsorption site structure
MAT_162,Ce,0.8,0.1999999999999999,Ru0.80Ce0.20Ox,O,1,data\substituted_adsorbates\MAT_162_O_site1_adsorbed.cif,data\substituted_slabs\MAT_162_110_slab.cif,multiple adsorption site structure
MAT_162,Ce,0.8,0.1999999999999999,Ru0.80Ce0.20Ox,O,2,data\substituted_adsorbates\MAT_162_O_site2_adsorbed.cif,data\substituted_slabs\MAT_162_110_slab.cif,multiple adsorption site structure
MAT_162,Ce,0.8,0.1999999999999999,Ru0.80Ce0.20Ox,O2,0,data\substituted_adsorbates\MAT_162_O2_site0_adsorbed.cif,data\substituted_slabs\MAT_162_110_slab.cif,multiple adsorption site structure
MAT_162,Ce,0.8,0.1999999999999999,Ru0.80Ce0.20Ox,O2,1,data\substituted_adsorbates\MAT_162_O2_site1_adsorbed.cif,data\substituted_slabs\MAT_162_110_slab.cif,multiple adsorption site structure
MAT_162,Ce,0.8,0.1999999999999999,Ru0.80Ce0.20Ox,O2,2,data\substituted_adsorbates\MAT_162_O2_site2_adsorbed.cif,data\substituted_slabs\MAT_162_110_slab.cif,multiple adsorption site structure
MAT_162,Ce,0.8,0.1999999999999999,Ru0.80Ce0.20Ox,N2O,0,data\substituted_adsorbates\MAT_162_N2O_site0_adsorbed.cif,data\substituted_slabs\MAT_162_110_slab.cif,multiple adsorption site structure
MAT_162,Ce,0.8,0.1999999999999999,Ru0.80Ce0.20Ox,N2O,1,data\substituted_adsorbates\MAT_162_N2O_site1_adsorbed.cif,data\substituted_slabs\MAT_162_110_slab.cif,multiple adsorption site structure
MAT_162,Ce,0.8,0.1999999999999999,Ru0.80Ce0.20Ox,N2O,2,data\substituted_adsorbates\MAT_162_N2O_site2_adsorbed.cif,data\substituted_slabs\MAT_162_110_slab.cif,multiple adsorption site structure
MAT_163,Ce,0.6,0.4,Ru0.60Ce0.40Ox,O,0,data\substituted_adsorbates\MAT_163_O_site0_adsorbed.cif,data\substituted_slabs\MAT_163_110_slab.cif,multiple adsorption site structure
MAT_163,Ce,0.6,0.4,Ru0.60Ce0.40Ox,O,1,data\substituted_adsorbates\MAT_163_O_site1_adsorbed.cif,data\substituted_slabs\MAT_163_110_slab.cif,multiple adsorption site structure
MAT_163,Ce,0.6,0.4,Ru0.60Ce0.40Ox,O,2,data\substituted_adsorbates\MAT_163_O_site2_adsorbed.cif,data\substituted_slabs\MAT_163_110_slab.cif,multiple adsorption site structure
MAT_163,Ce,0.6,0.4,Ru0.60Ce0.40Ox,O2,0,data\substituted_adsorbates\MAT_163_O2_site0_adsorbed.cif,data\substituted_slabs\MAT_163_110_slab.cif,multiple adsorption site structure
MAT_163,Ce,0.6,0.4,Ru0.60Ce0.40Ox,O2,1,data\substituted_adsorbates\MAT_163_O2_site1_adsorbed.cif,data\substituted_slabs\MAT_163_110_slab.cif,multiple adsorption site structure
MAT_163,Ce,0.6,0.4,Ru0.60Ce0.40Ox,O2,2,data\substituted_adsorbates\MAT_163_O2_site2_adsorbed.cif,data\substituted_slabs\MAT_163_110_slab.cif,multiple adsorption site structure
MAT_163,Ce,0.6,0.4,Ru0.60Ce0.40Ox,N2O,0,data\substituted_adsorbates\MAT_163_N2O_site0_adsorbed.cif,data\substituted_slabs\MAT_163_110_slab.cif,multiple adsorption site structure
MAT_163,Ce,0.6,0.4,Ru0.60Ce0.40Ox,N2O,1,data\substituted_adsorbates\MAT_163_N2O_site1_adsorbed.cif,data\substituted_slabs\MAT_163_110_slab.cif,multiple adsorption site structure
MAT_163,Ce,0.6,0.4,Ru0.60Ce0.40Ox,N2O,2,data\substituted_adsorbates\MAT_163_N2O_site2_adsorbed.cif,data\substituted_slabs\MAT_163_110_slab.cif,multiple adsorption site structure
MAT_164,Ce,0.4,0.6,Ru0.40Ce0.60Ox,O,0,data\substituted_adsorbates\MAT_164_O_site0_adsorbed.cif,data\substituted_slabs\MAT_164_110_slab.cif,multiple adsorption site structure
MAT_164,Ce,0.4,0.6,Ru0.40Ce0.60Ox,O,1,data\substituted_adsorbates\MAT_164_O_site1_adsorbed.cif,data\substituted_slabs\MAT_164_110_slab.cif,multiple adsorption site structure
MAT_164,Ce,0.4,0.6,Ru0.40Ce0.60Ox,O,2,data\substituted_adsorbates\MAT_164_O_site2_adsorbed.cif,data\substituted_slabs\MAT_164_110_slab.cif,multiple adsorption site structure
MAT_164,Ce,0.4,0.6,Ru0.40Ce0.60Ox,O2,0,data\substituted_adsorbates\MAT_164_O2_site0_adsorbed.cif,data\substituted_slabs\MAT_164_110_slab.cif,multiple adsorption site structure
MAT_164,Ce,0.4,0.6,Ru0.40Ce0.60Ox,O2,1,data\substituted_adsorbates\MAT_164_O2_site1_adsorbed.cif,data\substituted_slabs\MAT_164_110_slab.cif,multiple adsorption site structure
MAT_164,Ce,0.4,0.6,Ru0.40Ce0.60Ox,O2,2,data\substituted_adsorbates\MAT_164_O2_site2_adsorbed.cif,data\substituted_slabs\MAT_164_110_slab.cif,multiple adsorption site structure
MAT_164,Ce,0.4,0.6,Ru0.40Ce0.60Ox,N2O,0,data\substituted_adsorbates\MAT_164_N2O_site0_adsorbed.cif,data\substituted_slabs\MAT_164_110_slab.cif,multiple adsorption site structure
MAT_164,Ce,0.4,0.6,Ru0.40Ce0.60Ox,N2O,1,data\substituted_adsorbates\MAT_164_N2O_site1_adsorbed.cif,data\substituted_slabs\MAT_164_110_slab.cif,multiple adsorption site structure
MAT_164,Ce,0.4,0.6,Ru0.40Ce0.60Ox,N2O,2,data\substituted_adsorbates\MAT_164_N2O_site2_adsorbed.cif,data\substituted_slabs\MAT_164_110_slab.cif,multiple adsorption site structure
MAT_165,Ce,0.2,0.8,Ru0.20Ce0.80Ox,O,0,data\substituted_adsorbates\MAT_165_O_site0_adsorbed.cif,data\substituted_slabs\MAT_165_110_slab.cif,multiple adsorption site structure
MAT_165,Ce,0.2,0.8,Ru0.20Ce0.80Ox,O,1,data\substituted_adsorbates\MAT_165_O_site1_adsorbed.cif,data\substituted_slabs\MAT_165_110_slab.cif,multiple adsorption site structure
MAT_165,Ce,0.2,0.8,Ru0.20Ce0.80Ox,O,2,data\substituted_adsorbates\MAT_165_O_site2_adsorbed.cif,data\substituted_slabs\MAT_165_110_slab.cif,multiple adsorption site structure
MAT_165,Ce,0.2,0.8,Ru0.20Ce0.80Ox,O2,0,data\substituted_adsorbates\MAT_165_O2_site0_adsorbed.cif,data\substituted_slabs\MAT_165_110_slab.cif,multiple adsorption site structure
MAT_165,Ce,0.2,0.8,Ru0.20Ce0.80Ox,O2,1,data\substituted_adsorbates\MAT_165_O2_site1_adsorbed.cif,data\substituted_slabs\MAT_165_110_slab.cif,multiple adsorption site structure
MAT_165,Ce,0.2,0.8,Ru0.20Ce0.80Ox,O2,2,data\substituted_adsorbates\MAT_165_O2_site2_adsorbed.cif,data\substituted_slabs\MAT_165_110_slab.cif,multiple adsorption site structure
MAT_165,Ce,0.2,0.8,Ru0.20Ce0.80Ox,N2O,0,data\substituted_adsorbates\MAT_165_N2O_site0_adsorbed.cif,data\substituted_slabs\MAT_165_110_slab.cif,multiple adsorption site structure
MAT_165,Ce,0.2,0.8,Ru0.20Ce0.80Ox,N2O,1,data\substituted_adsorbates\MAT_165_N2O_site1_adsorbed.cif,data\substituted_slabs\MAT_165_110_slab.cif,multiple adsorption site structure
MAT_165,Ce,0.2,0.8,Ru0.20Ce0.80Ox,N2O,2,data\substituted_adsorbates\MAT_165_N2O_site2_adsorbed.cif,data\substituted_slabs\MAT_165_110_slab.cif,multiple adsorption site structure
MAT_167,Pr,0.8,0.1999999999999999,Ru0.80Pr0.20Ox,O,0,data\substituted_adsorbates\MAT_167_O_site0_adsorbed.cif,data\substituted_slabs\MAT_167_110_slab.cif,multiple adsorption site structure
MAT_167,Pr,0.8,0.1999999999999999,Ru0.80Pr0.20Ox,O,1,data\substituted_adsorbates\MAT_167_O_site1_adsorbed.cif,data\substituted_slabs\MAT_167_110_slab.cif,multiple adsorption site structure
MAT_167,Pr,0.8,0.1999999999999999,Ru0.80Pr0.20Ox,O,2,data\substituted_adsorbates\MAT_167_O_site2_adsorbed.cif,data\substituted_slabs\MAT_167_110_slab.cif,multiple adsorption site structure
MAT_167,Pr,0.8,0.1999999999999999,Ru0.80Pr0.20Ox,O2,0,data\substituted_adsorbates\MAT_167_O2_site0_adsorbed.cif,data\substituted_slabs\MAT_167_110_slab.cif,multiple adsorption site structure
MAT_167,Pr,0.8,0.1999999999999999,Ru0.80Pr0.20Ox,O2,1,data\substituted_adsorbates\MAT_167_O2_site1_adsorbed.cif,data\substituted_slabs\MAT_167_110_slab.cif,multiple adsorption site structure
MAT_167,Pr,0.8,0.1999999999999999,Ru0.80Pr0.20Ox,O2,2,data\substituted_adsorbates\MAT_167_O2_site2_adsorbed.cif,data\substituted_slabs\MAT_167_110_slab.cif,multiple adsorption site structure
MAT_167,Pr,0.8,0.1999999999999999,Ru0.80Pr0.20Ox,N2O,0,data\substituted_adsorbates\MAT_167_N2O_site0_adsorbed.cif,data\substituted_slabs\MAT_167_110_slab.cif,multiple adsorption site structure
MAT_167,Pr,0.8,0.1999999999999999,Ru0.80Pr0.20Ox,N2O,1,data\substituted_adsorbates\MAT_167_N2O_site1_adsorbed.cif,data\substituted_slabs\MAT_167_110_slab.cif,multiple adsorption site structure
MAT_167,Pr,0.8,0.1999999999999999,Ru0.80Pr0.20Ox,N2O,2,data\substituted_adsorbates\MAT_167_N2O_site2_adsorbed.cif,data\substituted_slabs\MAT_167_110_slab.cif,multiple adsorption site structure
MAT_168,Pr,0.6,0.4,Ru0.60Pr0.40Ox,O,0,data\substituted_adsorbates\MAT_168_O_site0_adsorbed.cif,data\substituted_slabs\MAT_168_110_slab.cif,multiple adsorption site structure
MAT_168,Pr,0.6,0.4,Ru0.60Pr0.40Ox,O,1,data\substituted_adsorbates\MAT_168_O_site1_adsorbed.cif,data\substituted_slabs\MAT_168_110_slab.cif,multiple adsorption site structure
MAT_168,Pr,0.6,0.4,Ru0.60Pr0.40Ox,O,2,data\substituted_adsorbates\MAT_168_O_site2_adsorbed.cif,data\substituted_slabs\MAT_168_110_slab.cif,multiple adsorption site structure
MAT_168,Pr,0.6,0.4,Ru0.60Pr0.40Ox,O2,0,data\substituted_adsorbates\MAT_168_O2_site0_adsorbed.cif,data\substituted_slabs\MAT_168_110_slab.cif,multiple adsorption site structure
MAT_168,Pr,0.6,0.4,Ru0.60Pr0.40Ox,O2,1,data\substituted_adsorbates\MAT_168_O2_site1_adsorbed.cif,data\substituted_slabs\MAT_168_110_slab.cif,multiple adsorption site structure
MAT_168,Pr,0.6,0.4,Ru0.60Pr0.40Ox,O2,2,data\substituted_adsorbates\MAT_168_O2_site2_adsorbed.cif,data\substituted_slabs\MAT_168_110_slab.cif,multiple adsorption site structure
MAT_168,Pr,0.6,0.4,Ru0.60Pr0.40Ox,N2O,0,data\substituted_adsorbates\MAT_168_N2O_site0_adsorbed.cif,data\substituted_slabs\MAT_168_110_slab.cif,multiple adsorption site structure
MAT_168,Pr,0.6,0.4,Ru0.60Pr0.40Ox,N2O,1,data\substituted_adsorbates\MAT_168_N2O_site1_adsorbed.cif,data\substituted_slabs\MAT_168_110_slab.cif,multiple adsorption site structure
MAT_168,Pr,0.6,0.4,Ru0.60Pr0.40Ox,N2O,2,data\substituted_adsorbates\MAT_168_N2O_site2_adsorbed.cif,data\substituted_slabs\MAT_168_110_slab.cif,multiple adsorption site structure
MAT_169,Pr,0.4,0.6,Ru0.40Pr0.60Ox,O,0,data\substituted_adsorbates\MAT_169_O_site0_adsorbed.cif,data\substituted_slabs\MAT_169_110_slab.cif,multiple adsorption site structure
MAT_169,Pr,0.4,0.6,Ru0.40Pr0.60Ox,O,1,data\substituted_adsorbates\MAT_169_O_site1_adsorbed.cif,data\substituted_slabs\MAT_169_110_slab.cif,multiple adsorption site structure
MAT_169,Pr,0.4,0.6,Ru0.40Pr0.60Ox,O,2,data\substituted_adsorbates\MAT_169_O_site2_adsorbed.cif,data\substituted_slabs\MAT_169_110_slab.cif,multiple adsorption site structure
MAT_169,Pr,0.4,0.6,Ru0.40Pr0.60Ox,O2,0,data\substituted_adsorbates\MAT_169_O2_site0_adsorbed.cif,data\substituted_slabs\MAT_169_110_slab.cif,multiple adsorption site structure
MAT_169,Pr,0.4,0.6,Ru0.40Pr0.60Ox,O2,1,data\substituted_adsorbates\MAT_169_O2_site1_adsorbed.cif,data\substituted_slabs\MAT_169_110_slab.cif,multiple adsorption site structure
MAT_169,Pr,0.4,0.6,Ru0.40Pr0.60Ox,O2,2,data\substituted_adsorbates\MAT_169_O2_site2_adsorbed.cif,data\substituted_slabs\MAT_169_110_slab.cif,multiple adsorption site structure
MAT_169,Pr,0.4,0.6,Ru0.40Pr0.60Ox,N2O,0,data\substituted_adsorbates\MAT_169_N2O_site0_adsorbed.cif,data\substituted_slabs\MAT_169_110_slab.cif,multiple adsorption site structure
MAT_169,Pr,0.4,0.6,Ru0.40Pr0.60Ox,N2O,1,data\substituted_adsorbates\MAT_169_N2O_site1_adsorbed.cif,data\substituted_slabs\MAT_169_110_slab.cif,multiple adsorption site structure
MAT_169,Pr,0.4,0.6,Ru0.40Pr0.60Ox,N2O,2,data\substituted_adsorbates\MAT_169_N2O_site2_adsorbed.cif,data\substituted_slabs\MAT_169_110_slab.cif,multiple adsorption site structure
MAT_170,Pr,0.2,0.8,Ru0.20Pr0.80Ox,O,0,data\substituted_adsorbates\MAT_170_O_site0_adsorbed.cif,data\substituted_slabs\MAT_170_110_slab.cif,multiple adsorption site structure
MAT_170,Pr,0.2,0.8,Ru0.20Pr0.80Ox,O,1,data\substituted_adsorbates\MAT_170_O_site1_adsorbed.cif,data\substituted_slabs\MAT_170_110_slab.cif,multiple adsorption site structure
MAT_170,Pr,0.2,0.8,Ru0.20Pr0.80Ox,O,2,data\substituted_adsorbates\MAT_170_O_site2_adsorbed.cif,data\substituted_slabs\MAT_170_110_slab.cif,multiple adsorption site structure
MAT_170,Pr,0.2,0.8,Ru0.20Pr0.80Ox,O2,0,data\substituted_adsorbates\MAT_170_O2_site0_adsorbed.cif,data\substituted_slabs\MAT_170_110_slab.cif,multiple adsorption site structure
MAT_170,Pr,0.2,0.8,Ru0.20Pr0.80Ox,O2,1,data\substituted_adsorbates\MAT_170_O2_site1_adsorbed.cif,data\substituted_slabs\MAT_170_110_slab.cif,multiple adsorption site structure
MAT_170,Pr,0.2,0.8,Ru0.20Pr0.80Ox,O2,2,data\substituted_adsorbates\MAT_170_O2_site2_adsorbed.cif,data\substituted_slabs\MAT_170_110_slab.cif,multiple adsorption site structure
MAT_170,Pr,0.2,0.8,Ru0.20Pr0.80Ox,N2O,0,data\substituted_adsorbates\MAT_170_N2O_site0_adsorbed.cif,data\substituted_slabs\MAT_170_110_slab.cif,multiple adsorption site structure
MAT_170,Pr,0.2,0.8,Ru0.20Pr0.80Ox,N2O,1,data\substituted_adsorbates\MAT_170_N2O_site1_adsorbed.cif,data\substituted_slabs\MAT_170_110_slab.cif,multiple adsorption site structure
MAT_170,Pr,0.2,0.8,Ru0.20Pr0.80Ox,N2O,2,data\substituted_adsorbates\MAT_170_N2O_site2_adsorbed.cif,data\substituted_slabs\MAT_170_110_slab.cif,multiple adsorption site structure
MAT_172,Nd,0.8,0.1999999999999999,Ru0.80Nd0.20Ox,O,0,data\substituted_adsorbates\MAT_172_O_site0_adsorbed.cif,data\substituted_slabs\MAT_172_110_slab.cif,multiple adsorption site structure
MAT_172,Nd,0.8,0.1999999999999999,Ru0.80Nd0.20Ox,O,1,data\substituted_adsorbates\MAT_172_O_site1_adsorbed.cif,data\substituted_slabs\MAT_172_110_slab.cif,multiple adsorption site structure
MAT_172,Nd,0.8,0.1999999999999999,Ru0.80Nd0.20Ox,O,2,data\substituted_adsorbates\MAT_172_O_site2_adsorbed.cif,data\substituted_slabs\MAT_172_110_slab.cif,multiple adsorption site structure
MAT_172,Nd,0.8,0.1999999999999999,Ru0.80Nd0.20Ox,O2,0,data\substituted_adsorbates\MAT_172_O2_site0_adsorbed.cif,data\substituted_slabs\MAT_172_110_slab.cif,multiple adsorption site structure
MAT_172,Nd,0.8,0.1999999999999999,Ru0.80Nd0.20Ox,O2,1,data\substituted_adsorbates\MAT_172_O2_site1_adsorbed.cif,data\substituted_slabs\MAT_172_110_slab.cif,multiple adsorption site structure
MAT_172,Nd,0.8,0.1999999999999999,Ru0.80Nd0.20Ox,O2,2,data\substituted_adsorbates\MAT_172_O2_site2_adsorbed.cif,data\substituted_slabs\MAT_172_110_slab.cif,multiple adsorption site structure
MAT_172,Nd,0.8,0.1999999999999999,Ru0.80Nd0.20Ox,N2O,0,data\substituted_adsorbates\MAT_172_N2O_site0_adsorbed.cif,data\substituted_slabs\MAT_172_110_slab.cif,multiple adsorption site structure
MAT_172,Nd,0.8,0.1999999999999999,Ru0.80Nd0.20Ox,N2O,1,data\substituted_adsorbates\MAT_172_N2O_site1_adsorbed.cif,data\substituted_slabs\MAT_172_110_slab.cif,multiple adsorption site structure
MAT_172,Nd,0.8,0.1999999999999999,Ru0.80Nd0.20Ox,N2O,2,data\substituted_adsorbates\MAT_172_N2O_site2_adsorbed.cif,data\substituted_slabs\MAT_172_110_slab.cif,multiple adsorption site structure
MAT_173,Nd,0.6,0.4,Ru0.60Nd0.40Ox,O,0,data\substituted_adsorbates\MAT_173_O_site0_adsorbed.cif,data\substituted_slabs\MAT_173_110_slab.cif,multiple adsorption site structure
MAT_173,Nd,0.6,0.4,Ru0.60Nd0.40Ox,O,1,data\substituted_adsorbates\MAT_173_O_site1_adsorbed.cif,data\substituted_slabs\MAT_173_110_slab.cif,multiple adsorption site structure
MAT_173,Nd,0.6,0.4,Ru0.60Nd0.40Ox,O,2,data\substituted_adsorbates\MAT_173_O_site2_adsorbed.cif,data\substituted_slabs\MAT_173_110_slab.cif,multiple adsorption site structure
MAT_173,Nd,0.6,0.4,Ru0.60Nd0.40Ox,O2,0,data\substituted_adsorbates\MAT_173_O2_site0_adsorbed.cif,data\substituted_slabs\MAT_173_110_slab.cif,multiple adsorption site structure
MAT_173,Nd,0.6,0.4,Ru0.60Nd0.40Ox,O2,1,data\substituted_adsorbates\MAT_173_O2_site1_adsorbed.cif,data\substituted_slabs\MAT_173_110_slab.cif,multiple adsorption site structure
MAT_173,Nd,0.6,0.4,Ru0.60Nd0.40Ox,O2,2,data\substituted_adsorbates\MAT_173_O2_site2_adsorbed.cif,data\substituted_slabs\MAT_173_110_slab.cif,multiple adsorption site structure
MAT_173,Nd,0.6,0.4,Ru0.60Nd0.40Ox,N2O,0,data\substituted_adsorbates\MAT_173_N2O_site0_adsorbed.cif,data\substituted_slabs\MAT_173_110_slab.cif,multiple adsorption site structure
MAT_173,Nd,0.6,0.4,Ru0.60Nd0.40Ox,N2O,1,data\substituted_adsorbates\MAT_173_N2O_site1_adsorbed.cif,data\substituted_slabs\MAT_173_110_slab.cif,multiple adsorption site structure
MAT_173,Nd,0.6,0.4,Ru0.60Nd0.40Ox,N2O,2,data\substituted_adsorbates\MAT_173_N2O_site2_adsorbed.cif,data\substituted_slabs\MAT_173_110_slab.cif,multiple adsorption site structure
MAT_174,Nd,0.4,0.6,Ru0.40Nd0.60Ox,O,0,data\substituted_adsorbates\MAT_174_O_site0_adsorbed.cif,data\substituted_slabs\MAT_174_110_slab.cif,multiple adsorption site structure
MAT_174,Nd,0.4,0.6,Ru0.40Nd0.60Ox,O,1,data\substituted_adsorbates\MAT_174_O_site1_adsorbed.cif,data\substituted_slabs\MAT_174_110_slab.cif,multiple adsorption site structure
MAT_174,Nd,0.4,0.6,Ru0.40Nd0.60Ox,O,2,data\substituted_adsorbates\MAT_174_O_site2_adsorbed.cif,data\substituted_slabs\MAT_174_110_slab.cif,multiple adsorption site structure
MAT_174,Nd,0.4,0.6,Ru0.40Nd0.60Ox,O2,0,data\substituted_adsorbates\MAT_174_O2_site0_adsorbed.cif,data\substituted_slabs\MAT_174_110_slab.cif,multiple adsorption site structure
MAT_174,Nd,0.4,0.6,Ru0.40Nd0.60Ox,O2,1,data\substituted_adsorbates\MAT_174_O2_site1_adsorbed.cif,data\substituted_slabs\MAT_174_110_slab.cif,multiple adsorption site structure
MAT_174,Nd,0.4,0.6,Ru0.40Nd0.60Ox,O2,2,data\substituted_adsorbates\MAT_174_O2_site2_adsorbed.cif,data\substituted_slabs\MAT_174_110_slab.cif,multiple adsorption site structure
MAT_174,Nd,0.4,0.6,Ru0.40Nd0.60Ox,N2O,0,data\substituted_adsorbates\MAT_174_N2O_site0_adsorbed.cif,data\substituted_slabs\MAT_174_110_slab.cif,multiple adsorption site structure
MAT_174,Nd,0.4,0.6,Ru0.40Nd0.60Ox,N2O,1,data\substituted_adsorbates\MAT_174_N2O_site1_adsorbed.cif,data\substituted_slabs\MAT_174_110_slab.cif,multiple adsorption site structure
MAT_174,Nd,0.4,0.6,Ru0.40Nd0.60Ox,N2O,2,data\substituted_adsorbates\MAT_174_N2O_site2_adsorbed.cif,data\substituted_slabs\MAT_174_110_slab.cif,multiple adsorption site structure
MAT_175,Nd,0.2,0.8,Ru0.20Nd0.80Ox,O,0,data\substituted_adsorbates\MAT_175_O_site0_adsorbed.cif,data\substituted_slabs\MAT_175_110_slab.cif,multiple adsorption site structure
MAT_175,Nd,0.2,0.8,Ru0.20Nd0.80Ox,O,1,data\substituted_adsorbates\MAT_175_O_site1_adsorbed.cif,data\substituted_slabs\MAT_175_110_slab.cif,multiple adsorption site structure
MAT_175,Nd,0.2,0.8,Ru0.20Nd0.80Ox,O,2,data\substituted_adsorbates\MAT_175_O_site2_adsorbed.cif,data\substituted_slabs\MAT_175_110_slab.cif,multiple adsorption site structure
MAT_175,Nd,0.2,0.8,Ru0.20Nd0.80Ox,O2,0,data\substituted_adsorbates\MAT_175_O2_site0_adsorbed.cif,data\substituted_slabs\MAT_175_110_slab.cif,multiple adsorption site structure
MAT_175,Nd,0.2,0.8,Ru0.20Nd0.80Ox,O2,1,data\substituted_adsorbates\MAT_175_O2_site1_adsorbed.cif,data\substituted_slabs\MAT_175_110_slab.cif,multiple adsorption site structure
MAT_175,Nd,0.2,0.8,Ru0.20Nd0.80Ox,O2,2,data\substituted_adsorbates\MAT_175_O2_site2_adsorbed.cif,data\substituted_slabs\MAT_175_110_slab.cif,multiple adsorption site structure
MAT_175,Nd,0.2,0.8,Ru0.20Nd0.80Ox,N2O,0,data\substituted_adsorbates\MAT_175_N2O_site0_adsorbed.cif,data\substituted_slabs\MAT_175_110_slab.cif,multiple adsorption site structure
MAT_175,Nd,0.2,0.8,Ru0.20Nd0.80Ox,N2O,1,data\substituted_adsorbates\MAT_175_N2O_site1_adsorbed.cif,data\substituted_slabs\MAT_175_110_slab.cif,multiple adsorption site structure
MAT_175,Nd,0.2,0.8,Ru0.20Nd0.80Ox,N2O,2,data\substituted_adsorbates\MAT_175_N2O_site2_adsorbed.cif,data\substituted_slabs\MAT_175_110_slab.cif,multiple adsorption site structure
MAT_177,Sm,0.8,0.1999999999999999,Ru0.80Sm0.20Ox,O,0,data\substituted_adsorbates\MAT_177_O_site0_adsorbed.cif,data\substituted_slabs\MAT_177_110_slab.cif,multiple adsorption site structure
MAT_177,Sm,0.8,0.1999999999999999,Ru0.80Sm0.20Ox,O,1,data\substituted_adsorbates\MAT_177_O_site1_adsorbed.cif,data\substituted_slabs\MAT_177_110_slab.cif,multiple adsorption site structure
MAT_177,Sm,0.8,0.1999999999999999,Ru0.80Sm0.20Ox,O,2,data\substituted_adsorbates\MAT_177_O_site2_adsorbed.cif,data\substituted_slabs\MAT_177_110_slab.cif,multiple adsorption site structure
MAT_177,Sm,0.8,0.1999999999999999,Ru0.80Sm0.20Ox,O2,0,data\substituted_adsorbates\MAT_177_O2_site0_adsorbed.cif,data\substituted_slabs\MAT_177_110_slab.cif,multiple adsorption site structure
MAT_177,Sm,0.8,0.1999999999999999,Ru0.80Sm0.20Ox,O2,1,data\substituted_adsorbates\MAT_177_O2_site1_adsorbed.cif,data\substituted_slabs\MAT_177_110_slab.cif,multiple adsorption site structure
MAT_177,Sm,0.8,0.1999999999999999,Ru0.80Sm0.20Ox,O2,2,data\substituted_adsorbates\MAT_177_O2_site2_adsorbed.cif,data\substituted_slabs\MAT_177_110_slab.cif,multiple adsorption site structure
MAT_177,Sm,0.8,0.1999999999999999,Ru0.80Sm0.20Ox,N2O,0,data\substituted_adsorbates\MAT_177_N2O_site0_adsorbed.cif,data\substituted_slabs\MAT_177_110_slab.cif,multiple adsorption site structure
MAT_177,Sm,0.8,0.1999999999999999,Ru0.80Sm0.20Ox,N2O,1,data\substituted_adsorbates\MAT_177_N2O_site1_adsorbed.cif,data\substituted_slabs\MAT_177_110_slab.cif,multiple adsorption site structure
MAT_177,Sm,0.8,0.1999999999999999,Ru0.80Sm0.20Ox,N2O,2,data\substituted_adsorbates\MAT_177_N2O_site2_adsorbed.cif,data\substituted_slabs\MAT_177_110_slab.cif,multiple adsorption site structure
MAT_178,Sm,0.6,0.4,Ru0.60Sm0.40Ox,O,0,data\substituted_adsorbates\MAT_178_O_site0_adsorbed.cif,data\substituted_slabs\MAT_178_110_slab.cif,multiple adsorption site structure
MAT_178,Sm,0.6,0.4,Ru0.60Sm0.40Ox,O,1,data\substituted_adsorbates\MAT_178_O_site1_adsorbed.cif,data\substituted_slabs\MAT_178_110_slab.cif,multiple adsorption site structure
MAT_178,Sm,0.6,0.4,Ru0.60Sm0.40Ox,O,2,data\substituted_adsorbates\MAT_178_O_site2_adsorbed.cif,data\substituted_slabs\MAT_178_110_slab.cif,multiple adsorption site structure
MAT_178,Sm,0.6,0.4,Ru0.60Sm0.40Ox,O2,0,data\substituted_adsorbates\MAT_178_O2_site0_adsorbed.cif,data\substituted_slabs\MAT_178_110_slab.cif,multiple adsorption site structure
MAT_178,Sm,0.6,0.4,Ru0.60Sm0.40Ox,O2,1,data\substituted_adsorbates\MAT_178_O2_site1_adsorbed.cif,data\substituted_slabs\MAT_178_110_slab.cif,multiple adsorption site structure
MAT_178,Sm,0.6,0.4,Ru0.60Sm0.40Ox,O2,2,data\substituted_adsorbates\MAT_178_O2_site2_adsorbed.cif,data\substituted_slabs\MAT_178_110_slab.cif,multiple adsorption site structure
MAT_178,Sm,0.6,0.4,Ru0.60Sm0.40Ox,N2O,0,data\substituted_adsorbates\MAT_178_N2O_site0_adsorbed.cif,data\substituted_slabs\MAT_178_110_slab.cif,multiple adsorption site structure
MAT_178,Sm,0.6,0.4,Ru0.60Sm0.40Ox,N2O,1,data\substituted_adsorbates\MAT_178_N2O_site1_adsorbed.cif,data\substituted_slabs\MAT_178_110_slab.cif,multiple adsorption site structure
MAT_178,Sm,0.6,0.4,Ru0.60Sm0.40Ox,N2O,2,data\substituted_adsorbates\MAT_178_N2O_site2_adsorbed.cif,data\substituted_slabs\MAT_178_110_slab.cif,multiple adsorption site structure
MAT_179,Sm,0.4,0.6,Ru0.40Sm0.60Ox,O,0,data\substituted_adsorbates\MAT_179_O_site0_adsorbed.cif,data\substituted_slabs\MAT_179_110_slab.cif,multiple adsorption site structure
MAT_179,Sm,0.4,0.6,Ru0.40Sm0.60Ox,O,1,data\substituted_adsorbates\MAT_179_O_site1_adsorbed.cif,data\substituted_slabs\MAT_179_110_slab.cif,multiple adsorption site structure
MAT_179,Sm,0.4,0.6,Ru0.40Sm0.60Ox,O,2,data\substituted_adsorbates\MAT_179_O_site2_adsorbed.cif,data\substituted_slabs\MAT_179_110_slab.cif,multiple adsorption site structure
MAT_179,Sm,0.4,0.6,Ru0.40Sm0.60Ox,O2,0,data\substituted_adsorbates\MAT_179_O2_site0_adsorbed.cif,data\substituted_slabs\MAT_179_110_slab.cif,multiple adsorption site structure
MAT_179,Sm,0.4,0.6,Ru0.40Sm0.60Ox,O2,1,data\substituted_adsorbates\MAT_179_O2_site1_adsorbed.cif,data\substituted_slabs\MAT_179_110_slab.cif,multiple adsorption site structure
MAT_179,Sm,0.4,0.6,Ru0.40Sm0.60Ox,O2,2,data\substituted_adsorbates\MAT_179_O2_site2_adsorbed.cif,data\substituted_slabs\MAT_179_110_slab.cif,multiple adsorption site structure
MAT_179,Sm,0.4,0.6,Ru0.40Sm0.60Ox,N2O,0,data\substituted_adsorbates\MAT_179_N2O_site0_adsorbed.cif,data\substituted_slabs\MAT_179_110_slab.cif,multiple adsorption site structure
MAT_179,Sm,0.4,0.6,Ru0.40Sm0.60Ox,N2O,1,data\substituted_adsorbates\MAT_179_N2O_site1_adsorbed.cif,data\substituted_slabs\MAT_179_110_slab.cif,multiple adsorption site structure
MAT_179,Sm,0.4,0.6,Ru0.40Sm0.60Ox,N2O,2,data\substituted_adsorbates\MAT_179_N2O_site2_adsorbed.cif,data\substituted_slabs\MAT_179_110_slab.cif,multiple adsorption site structure
MAT_180,Sm,0.2,0.8,Ru0.20Sm0.80Ox,O,0,data\substituted_adsorbates\MAT_180_O_site0_adsorbed.cif,data\substituted_slabs\MAT_180_110_slab.cif,multiple adsorption site structure
MAT_180,Sm,0.2,0.8,Ru0.20Sm0.80Ox,O,1,data\substituted_adsorbates\MAT_180_O_site1_adsorbed.cif,data\substituted_slabs\MAT_180_110_slab.cif,multiple adsorption site structure
MAT_180,Sm,0.2,0.8,Ru0.20Sm0.80Ox,O,2,data\substituted_adsorbates\MAT_180_O_site2_adsorbed.cif,data\substituted_slabs\MAT_180_110_slab.cif,multiple adsorption site structure
MAT_180,Sm,0.2,0.8,Ru0.20Sm0.80Ox,O2,0,data\substituted_adsorbates\MAT_180_O2_site0_adsorbed.cif,data\substituted_slabs\MAT_180_110_slab.cif,multiple adsorption site structure
MAT_180,Sm,0.2,0.8,Ru0.20Sm0.80Ox,O2,1,data\substituted_adsorbates\MAT_180_O2_site1_adsorbed.cif,data\substituted_slabs\MAT_180_110_slab.cif,multiple adsorption site structure
MAT_180,Sm,0.2,0.8,Ru0.20Sm0.80Ox,O2,2,data\substituted_adsorbates\MAT_180_O2_site2_adsorbed.cif,data\substituted_slabs\MAT_180_110_slab.cif,multiple adsorption site structure
MAT_180,Sm,0.2,0.8,Ru0.20Sm0.80Ox,N2O,0,data\substituted_adsorbates\MAT_180_N2O_site0_adsorbed.cif,data\substituted_slabs\MAT_180_110_slab.cif,multiple adsorption site structure
MAT_180,Sm,0.2,0.8,Ru0.20Sm0.80Ox,N2O,1,data\substituted_adsorbates\MAT_180_N2O_site1_adsorbed.cif,data\substituted_slabs\MAT_180_110_slab.cif,multiple adsorption site structure
MAT_180,Sm,0.2,0.8,Ru0.20Sm0.80Ox,N2O,2,data\substituted_adsorbates\MAT_180_N2O_site2_adsorbed.cif,data\substituted_slabs\MAT_180_110_slab.cif,multiple adsorption site structure
MAT_182,Gd,0.8,0.1999999999999999,Ru0.80Gd0.20Ox,O,0,data\substituted_adsorbates\MAT_182_O_site0_adsorbed.cif,data\substituted_slabs\MAT_182_110_slab.cif,multiple adsorption site structure
MAT_182,Gd,0.8,0.1999999999999999,Ru0.80Gd0.20Ox,O,1,data\substituted_adsorbates\MAT_182_O_site1_adsorbed.cif,data\substituted_slabs\MAT_182_110_slab.cif,multiple adsorption site structure
MAT_182,Gd,0.8,0.1999999999999999,Ru0.80Gd0.20Ox,O,2,data\substituted_adsorbates\MAT_182_O_site2_adsorbed.cif,data\substituted_slabs\MAT_182_110_slab.cif,multiple adsorption site structure
MAT_182,Gd,0.8,0.1999999999999999,Ru0.80Gd0.20Ox,O2,0,data\substituted_adsorbates\MAT_182_O2_site0_adsorbed.cif,data\substituted_slabs\MAT_182_110_slab.cif,multiple adsorption site structure
MAT_182,Gd,0.8,0.1999999999999999,Ru0.80Gd0.20Ox,O2,1,data\substituted_adsorbates\MAT_182_O2_site1_adsorbed.cif,data\substituted_slabs\MAT_182_110_slab.cif,multiple adsorption site structure
MAT_182,Gd,0.8,0.1999999999999999,Ru0.80Gd0.20Ox,O2,2,data\substituted_adsorbates\MAT_182_O2_site2_adsorbed.cif,data\substituted_slabs\MAT_182_110_slab.cif,multiple adsorption site structure
MAT_182,Gd,0.8,0.1999999999999999,Ru0.80Gd0.20Ox,N2O,0,data\substituted_adsorbates\MAT_182_N2O_site0_adsorbed.cif,data\substituted_slabs\MAT_182_110_slab.cif,multiple adsorption site structure
MAT_182,Gd,0.8,0.1999999999999999,Ru0.80Gd0.20Ox,N2O,1,data\substituted_adsorbates\MAT_182_N2O_site1_adsorbed.cif,data\substituted_slabs\MAT_182_110_slab.cif,multiple adsorption site structure
MAT_182,Gd,0.8,0.1999999999999999,Ru0.80Gd0.20Ox,N2O,2,data\substituted_adsorbates\MAT_182_N2O_site2_adsorbed.cif,data\substituted_slabs\MAT_182_110_slab.cif,multiple adsorption site structure
MAT_183,Gd,0.6,0.4,Ru0.60Gd0.40Ox,O,0,data\substituted_adsorbates\MAT_183_O_site0_adsorbed.cif,data\substituted_slabs\MAT_183_110_slab.cif,multiple adsorption site structure
MAT_183,Gd,0.6,0.4,Ru0.60Gd0.40Ox,O,1,data\substituted_adsorbates\MAT_183_O_site1_adsorbed.cif,data\substituted_slabs\MAT_183_110_slab.cif,multiple adsorption site structure
MAT_183,Gd,0.6,0.4,Ru0.60Gd0.40Ox,O,2,data\substituted_adsorbates\MAT_183_O_site2_adsorbed.cif,data\substituted_slabs\MAT_183_110_slab.cif,multiple adsorption site structure
MAT_183,Gd,0.6,0.4,Ru0.60Gd0.40Ox,O2,0,data\substituted_adsorbates\MAT_183_O2_site0_adsorbed.cif,data\substituted_slabs\MAT_183_110_slab.cif,multiple adsorption site structure
MAT_183,Gd,0.6,0.4,Ru0.60Gd0.40Ox,O2,1,data\substituted_adsorbates\MAT_183_O2_site1_adsorbed.cif,data\substituted_slabs\MAT_183_110_slab.cif,multiple adsorption site structure
MAT_183,Gd,0.6,0.4,Ru0.60Gd0.40Ox,O2,2,data\substituted_adsorbates\MAT_183_O2_site2_adsorbed.cif,data\substituted_slabs\MAT_183_110_slab.cif,multiple adsorption site structure
MAT_183,Gd,0.6,0.4,Ru0.60Gd0.40Ox,N2O,0,data\substituted_adsorbates\MAT_183_N2O_site0_adsorbed.cif,data\substituted_slabs\MAT_183_110_slab.cif,multiple adsorption site structure
MAT_183,Gd,0.6,0.4,Ru0.60Gd0.40Ox,N2O,1,data\substituted_adsorbates\MAT_183_N2O_site1_adsorbed.cif,data\substituted_slabs\MAT_183_110_slab.cif,multiple adsorption site structure
MAT_183,Gd,0.6,0.4,Ru0.60Gd0.40Ox,N2O,2,data\substituted_adsorbates\MAT_183_N2O_site2_adsorbed.cif,data\substituted_slabs\MAT_183_110_slab.cif,multiple adsorption site structure
MAT_184,Gd,0.4,0.6,Ru0.40Gd0.60Ox,O,0,data\substituted_adsorbates\MAT_184_O_site0_adsorbed.cif,data\substituted_slabs\MAT_184_110_slab.cif,multiple adsorption site structure
MAT_184,Gd,0.4,0.6,Ru0.40Gd0.60Ox,O,1,data\substituted_adsorbates\MAT_184_O_site1_adsorbed.cif,data\substituted_slabs\MAT_184_110_slab.cif,multiple adsorption site structure
MAT_184,Gd,0.4,0.6,Ru0.40Gd0.60Ox,O,2,data\substituted_adsorbates\MAT_184_O_site2_adsorbed.cif,data\substituted_slabs\MAT_184_110_slab.cif,multiple adsorption site structure
MAT_184,Gd,0.4,0.6,Ru0.40Gd0.60Ox,O2,0,data\substituted_adsorbates\MAT_184_O2_site0_adsorbed.cif,data\substituted_slabs\MAT_184_110_slab.cif,multiple adsorption site structure
MAT_184,Gd,0.4,0.6,Ru0.40Gd0.60Ox,O2,1,data\substituted_adsorbates\MAT_184_O2_site1_adsorbed.cif,data\substituted_slabs\MAT_184_110_slab.cif,multiple adsorption site structure
MAT_184,Gd,0.4,0.6,Ru0.40Gd0.60Ox,O2,2,data\substituted_adsorbates\MAT_184_O2_site2_adsorbed.cif,data\substituted_slabs\MAT_184_110_slab.cif,multiple adsorption site structure
MAT_184,Gd,0.4,0.6,Ru0.40Gd0.60Ox,N2O,0,data\substituted_adsorbates\MAT_184_N2O_site0_adsorbed.cif,data\substituted_slabs\MAT_184_110_slab.cif,multiple adsorption site structure
MAT_184,Gd,0.4,0.6,Ru0.40Gd0.60Ox,N2O,1,data\substituted_adsorbates\MAT_184_N2O_site1_adsorbed.cif,data\substituted_slabs\MAT_184_110_slab.cif,multiple adsorption site structure
MAT_184,Gd,0.4,0.6,Ru0.40Gd0.60Ox,N2O,2,data\substituted_adsorbates\MAT_184_N2O_site2_adsorbed.cif,data\substituted_slabs\MAT_184_110_slab.cif,multiple adsorption site structure
MAT_185,Gd,0.2,0.8,Ru0.20Gd0.80Ox,O,0,data\substituted_adsorbates\MAT_185_O_site0_adsorbed.cif,data\substituted_slabs\MAT_185_110_slab.cif,multiple adsorption site structure
MAT_185,Gd,0.2,0.8,Ru0.20Gd0.80Ox,O,1,data\substituted_adsorbates\MAT_185_O_site1_adsorbed.cif,data\substituted_slabs\MAT_185_110_slab.cif,multiple adsorption site structure
MAT_185,Gd,0.2,0.8,Ru0.20Gd0.80Ox,O,2,data\substituted_adsorbates\MAT_185_O_site2_adsorbed.cif,data\substituted_slabs\MAT_185_110_slab.cif,multiple adsorption site structure
MAT_185,Gd,0.2,0.8,Ru0.20Gd0.80Ox,O2,0,data\substituted_adsorbates\MAT_185_O2_site0_adsorbed.cif,data\substituted_slabs\MAT_185_110_slab.cif,multiple adsorption site structure
MAT_185,Gd,0.2,0.8,Ru0.20Gd0.80Ox,O2,1,data\substituted_adsorbates\MAT_185_O2_site1_adsorbed.cif,data\substituted_slabs\MAT_185_110_slab.cif,multiple adsorption site structure
MAT_185,Gd,0.2,0.8,Ru0.20Gd0.80Ox,O2,2,data\substituted_adsorbates\MAT_185_O2_site2_adsorbed.cif,data\substituted_slabs\MAT_185_110_slab.cif,multiple adsorption site structure
MAT_185,Gd,0.2,0.8,Ru0.20Gd0.80Ox,N2O,0,data\substituted_adsorbates\MAT_185_N2O_site0_adsorbed.cif,data\substituted_slabs\MAT_185_110_slab.cif,multiple adsorption site structure
MAT_185,Gd,0.2,0.8,Ru0.20Gd0.80Ox,N2O,1,data\substituted_adsorbates\MAT_185_N2O_site1_adsorbed.cif,data\substituted_slabs\MAT_185_110_slab.cif,multiple adsorption site structure
MAT_185,Gd,0.2,0.8,Ru0.20Gd0.80Ox,N2O,2,data\substituted_adsorbates\MAT_185_N2O_site2_adsorbed.cif,data\substituted_slabs\MAT_185_110_slab.cif,multiple adsorption site structure
MAT_187,Tb,0.8,0.1999999999999999,Ru0.80Tb0.20Ox,O,0,data\substituted_adsorbates\MAT_187_O_site0_adsorbed.cif,data\substituted_slabs\MAT_187_110_slab.cif,multiple adsorption site structure
MAT_187,Tb,0.8,0.1999999999999999,Ru0.80Tb0.20Ox,O,1,data\substituted_adsorbates\MAT_187_O_site1_adsorbed.cif,data\substituted_slabs\MAT_187_110_slab.cif,multiple adsorption site structure
MAT_187,Tb,0.8,0.1999999999999999,Ru0.80Tb0.20Ox,O,2,data\substituted_adsorbates\MAT_187_O_site2_adsorbed.cif,data\substituted_slabs\MAT_187_110_slab.cif,multiple adsorption site structure
MAT_187,Tb,0.8,0.1999999999999999,Ru0.80Tb0.20Ox,O2,0,data\substituted_adsorbates\MAT_187_O2_site0_adsorbed.cif,data\substituted_slabs\MAT_187_110_slab.cif,multiple adsorption site structure
MAT_187,Tb,0.8,0.1999999999999999,Ru0.80Tb0.20Ox,O2,1,data\substituted_adsorbates\MAT_187_O2_site1_adsorbed.cif,data\substituted_slabs\MAT_187_110_slab.cif,multiple adsorption site structure
MAT_187,Tb,0.8,0.1999999999999999,Ru0.80Tb0.20Ox,O2,2,data\substituted_adsorbates\MAT_187_O2_site2_adsorbed.cif,data\substituted_slabs\MAT_187_110_slab.cif,multiple adsorption site structure
MAT_187,Tb,0.8,0.1999999999999999,Ru0.80Tb0.20Ox,N2O,0,data\substituted_adsorbates\MAT_187_N2O_site0_adsorbed.cif,data\substituted_slabs\MAT_187_110_slab.cif,multiple adsorption site structure
MAT_187,Tb,0.8,0.1999999999999999,Ru0.80Tb0.20Ox,N2O,1,data\substituted_adsorbates\MAT_187_N2O_site1_adsorbed.cif,data\substituted_slabs\MAT_187_110_slab.cif,multiple adsorption site structure
MAT_187,Tb,0.8,0.1999999999999999,Ru0.80Tb0.20Ox,N2O,2,data\substituted_adsorbates\MAT_187_N2O_site2_adsorbed.cif,data\substituted_slabs\MAT_187_110_slab.cif,multiple adsorption site structure
MAT_188,Tb,0.6,0.4,Ru0.60Tb0.40Ox,O,0,data\substituted_adsorbates\MAT_188_O_site0_adsorbed.cif,data\substituted_slabs\MAT_188_110_slab.cif,multiple adsorption site structure
MAT_188,Tb,0.6,0.4,Ru0.60Tb0.40Ox,O,1,data\substituted_adsorbates\MAT_188_O_site1_adsorbed.cif,data\substituted_slabs\MAT_188_110_slab.cif,multiple adsorption site structure
MAT_188,Tb,0.6,0.4,Ru0.60Tb0.40Ox,O,2,data\substituted_adsorbates\MAT_188_O_site2_adsorbed.cif,data\substituted_slabs\MAT_188_110_slab.cif,multiple adsorption site structure
MAT_188,Tb,0.6,0.4,Ru0.60Tb0.40Ox,O2,0,data\substituted_adsorbates\MAT_188_O2_site0_adsorbed.cif,data\substituted_slabs\MAT_188_110_slab.cif,multiple adsorption site structure
MAT_188,Tb,0.6,0.4,Ru0.60Tb0.40Ox,O2,1,data\substituted_adsorbates\MAT_188_O2_site1_adsorbed.cif,data\substituted_slabs\MAT_188_110_slab.cif,multiple adsorption site structure
MAT_188,Tb,0.6,0.4,Ru0.60Tb0.40Ox,O2,2,data\substituted_adsorbates\MAT_188_O2_site2_adsorbed.cif,data\substituted_slabs\MAT_188_110_slab.cif,multiple adsorption site structure
MAT_188,Tb,0.6,0.4,Ru0.60Tb0.40Ox,N2O,0,data\substituted_adsorbates\MAT_188_N2O_site0_adsorbed.cif,data\substituted_slabs\MAT_188_110_slab.cif,multiple adsorption site structure
MAT_188,Tb,0.6,0.4,Ru0.60Tb0.40Ox,N2O,1,data\substituted_adsorbates\MAT_188_N2O_site1_adsorbed.cif,data\substituted_slabs\MAT_188_110_slab.cif,multiple adsorption site structure
MAT_188,Tb,0.6,0.4,Ru0.60Tb0.40Ox,N2O,2,data\substituted_adsorbates\MAT_188_N2O_site2_adsorbed.cif,data\substituted_slabs\MAT_188_110_slab.cif,multiple adsorption site structure
MAT_189,Tb,0.4,0.6,Ru0.40Tb0.60Ox,O,0,data\substituted_adsorbates\MAT_189_O_site0_adsorbed.cif,data\substituted_slabs\MAT_189_110_slab.cif,multiple adsorption site structure
MAT_189,Tb,0.4,0.6,Ru0.40Tb0.60Ox,O,1,data\substituted_adsorbates\MAT_189_O_site1_adsorbed.cif,data\substituted_slabs\MAT_189_110_slab.cif,multiple adsorption site structure
MAT_189,Tb,0.4,0.6,Ru0.40Tb0.60Ox,O,2,data\substituted_adsorbates\MAT_189_O_site2_adsorbed.cif,data\substituted_slabs\MAT_189_110_slab.cif,multiple adsorption site structure
MAT_189,Tb,0.4,0.6,Ru0.40Tb0.60Ox,O2,0,data\substituted_adsorbates\MAT_189_O2_site0_adsorbed.cif,data\substituted_slabs\MAT_189_110_slab.cif,multiple adsorption site structure
MAT_189,Tb,0.4,0.6,Ru0.40Tb0.60Ox,O2,1,data\substituted_adsorbates\MAT_189_O2_site1_adsorbed.cif,data\substituted_slabs\MAT_189_110_slab.cif,multiple adsorption site structure
MAT_189,Tb,0.4,0.6,Ru0.40Tb0.60Ox,O2,2,data\substituted_adsorbates\MAT_189_O2_site2_adsorbed.cif,data\substituted_slabs\MAT_189_110_slab.cif,multiple adsorption site structure
MAT_189,Tb,0.4,0.6,Ru0.40Tb0.60Ox,N2O,0,data\substituted_adsorbates\MAT_189_N2O_site0_adsorbed.cif,data\substituted_slabs\MAT_189_110_slab.cif,multiple adsorption site structure
MAT_189,Tb,0.4,0.6,Ru0.40Tb0.60Ox,N2O,1,data\substituted_adsorbates\MAT_189_N2O_site1_adsorbed.cif,data\substituted_slabs\MAT_189_110_slab.cif,multiple adsorption site structure
MAT_189,Tb,0.4,0.6,Ru0.40Tb0.60Ox,N2O,2,data\substituted_adsorbates\MAT_189_N2O_site2_adsorbed.cif,data\substituted_slabs\MAT_189_110_slab.cif,multiple adsorption site structure
MAT_190,Tb,0.2,0.8,Ru0.20Tb0.80Ox,O,0,data\substituted_adsorbates\MAT_190_O_site0_adsorbed.cif,data\substituted_slabs\MAT_190_110_slab.cif,multiple adsorption site structure
MAT_190,Tb,0.2,0.8,Ru0.20Tb0.80Ox,O,1,data\substituted_adsorbates\MAT_190_O_site1_adsorbed.cif,data\substituted_slabs\MAT_190_110_slab.cif,multiple adsorption site structure
MAT_190,Tb,0.2,0.8,Ru0.20Tb0.80Ox,O,2,data\substituted_adsorbates\MAT_190_O_site2_adsorbed.cif,data\substituted_slabs\MAT_190_110_slab.cif,multiple adsorption site structure
MAT_190,Tb,0.2,0.8,Ru0.20Tb0.80Ox,O2,0,data\substituted_adsorbates\MAT_190_O2_site0_adsorbed.cif,data\substituted_slabs\MAT_190_110_slab.cif,multiple adsorption site structure
MAT_190,Tb,0.2,0.8,Ru0.20Tb0.80Ox,O2,1,data\substituted_adsorbates\MAT_190_O2_site1_adsorbed.cif,data\substituted_slabs\MAT_190_110_slab.cif,multiple adsorption site structure
MAT_190,Tb,0.2,0.8,Ru0.20Tb0.80Ox,O2,2,data\substituted_adsorbates\MAT_190_O2_site2_adsorbed.cif,data\substituted_slabs\MAT_190_110_slab.cif,multiple adsorption site structure
MAT_190,Tb,0.2,0.8,Ru0.20Tb0.80Ox,N2O,0,data\substituted_adsorbates\MAT_190_N2O_site0_adsorbed.cif,data\substituted_slabs\MAT_190_110_slab.cif,multiple adsorption site structure
MAT_190,Tb,0.2,0.8,Ru0.20Tb0.80Ox,N2O,1,data\substituted_adsorbates\MAT_190_N2O_site1_adsorbed.cif,data\substituted_slabs\MAT_190_110_slab.cif,multiple adsorption site structure
MAT_190,Tb,0.2,0.8,Ru0.20Tb0.80Ox,N2O,2,data\substituted_adsorbates\MAT_190_N2O_site2_adsorbed.cif,data\substituted_slabs\MAT_190_110_slab.cif,multiple adsorption site structure
MAT_192,Dy,0.8,0.1999999999999999,Ru0.80Dy0.20Ox,O,0,data\substituted_adsorbates\MAT_192_O_site0_adsorbed.cif,data\substituted_slabs\MAT_192_110_slab.cif,multiple adsorption site structure
MAT_192,Dy,0.8,0.1999999999999999,Ru0.80Dy0.20Ox,O,1,data\substituted_adsorbates\MAT_192_O_site1_adsorbed.cif,data\substituted_slabs\MAT_192_110_slab.cif,multiple adsorption site structure
MAT_192,Dy,0.8,0.1999999999999999,Ru0.80Dy0.20Ox,O,2,data\substituted_adsorbates\MAT_192_O_site2_adsorbed.cif,data\substituted_slabs\MAT_192_110_slab.cif,multiple adsorption site structure
MAT_192,Dy,0.8,0.1999999999999999,Ru0.80Dy0.20Ox,O2,0,data\substituted_adsorbates\MAT_192_O2_site0_adsorbed.cif,data\substituted_slabs\MAT_192_110_slab.cif,multiple adsorption site structure
MAT_192,Dy,0.8,0.1999999999999999,Ru0.80Dy0.20Ox,O2,1,data\substituted_adsorbates\MAT_192_O2_site1_adsorbed.cif,data\substituted_slabs\MAT_192_110_slab.cif,multiple adsorption site structure
MAT_192,Dy,0.8,0.1999999999999999,Ru0.80Dy0.20Ox,O2,2,data\substituted_adsorbates\MAT_192_O2_site2_adsorbed.cif,data\substituted_slabs\MAT_192_110_slab.cif,multiple adsorption site structure
MAT_192,Dy,0.8,0.1999999999999999,Ru0.80Dy0.20Ox,N2O,0,data\substituted_adsorbates\MAT_192_N2O_site0_adsorbed.cif,data\substituted_slabs\MAT_192_110_slab.cif,multiple adsorption site structure
MAT_192,Dy,0.8,0.1999999999999999,Ru0.80Dy0.20Ox,N2O,1,data\substituted_adsorbates\MAT_192_N2O_site1_adsorbed.cif,data\substituted_slabs\MAT_192_110_slab.cif,multiple adsorption site structure
MAT_192,Dy,0.8,0.1999999999999999,Ru0.80Dy0.20Ox,N2O,2,data\substituted_adsorbates\MAT_192_N2O_site2_adsorbed.cif,data\substituted_slabs\MAT_192_110_slab.cif,multiple adsorption site structure
MAT_193,Dy,0.6,0.4,Ru0.60Dy0.40Ox,O,0,data\substituted_adsorbates\MAT_193_O_site0_adsorbed.cif,data\substituted_slabs\MAT_193_110_slab.cif,multiple adsorption site structure
MAT_193,Dy,0.6,0.4,Ru0.60Dy0.40Ox,O,1,data\substituted_adsorbates\MAT_193_O_site1_adsorbed.cif,data\substituted_slabs\MAT_193_110_slab.cif,multiple adsorption site structure
MAT_193,Dy,0.6,0.4,Ru0.60Dy0.40Ox,O,2,data\substituted_adsorbates\MAT_193_O_site2_adsorbed.cif,data\substituted_slabs\MAT_193_110_slab.cif,multiple adsorption site structure
MAT_193,Dy,0.6,0.4,Ru0.60Dy0.40Ox,O2,0,data\substituted_adsorbates\MAT_193_O2_site0_adsorbed.cif,data\substituted_slabs\MAT_193_110_slab.cif,multiple adsorption site structure
MAT_193,Dy,0.6,0.4,Ru0.60Dy0.40Ox,O2,1,data\substituted_adsorbates\MAT_193_O2_site1_adsorbed.cif,data\substituted_slabs\MAT_193_110_slab.cif,multiple adsorption site structure
MAT_193,Dy,0.6,0.4,Ru0.60Dy0.40Ox,O2,2,data\substituted_adsorbates\MAT_193_O2_site2_adsorbed.cif,data\substituted_slabs\MAT_193_110_slab.cif,multiple adsorption site structure
MAT_193,Dy,0.6,0.4,Ru0.60Dy0.40Ox,N2O,0,data\substituted_adsorbates\MAT_193_N2O_site0_adsorbed.cif,data\substituted_slabs\MAT_193_110_slab.cif,multiple adsorption site structure
MAT_193,Dy,0.6,0.4,Ru0.60Dy0.40Ox,N2O,1,data\substituted_adsorbates\MAT_193_N2O_site1_adsorbed.cif,data\substituted_slabs\MAT_193_110_slab.cif,multiple adsorption site structure
MAT_193,Dy,0.6,0.4,Ru0.60Dy0.40Ox,N2O,2,data\substituted_adsorbates\MAT_193_N2O_site2_adsorbed.cif,data\substituted_slabs\MAT_193_110_slab.cif,multiple adsorption site structure
MAT_194,Dy,0.4,0.6,Ru0.40Dy0.60Ox,O,0,data\substituted_adsorbates\MAT_194_O_site0_adsorbed.cif,data\substituted_slabs\MAT_194_110_slab.cif,multiple adsorption site structure
MAT_194,Dy,0.4,0.6,Ru0.40Dy0.60Ox,O,1,data\substituted_adsorbates\MAT_194_O_site1_adsorbed.cif,data\substituted_slabs\MAT_194_110_slab.cif,multiple adsorption site structure
MAT_194,Dy,0.4,0.6,Ru0.40Dy0.60Ox,O,2,data\substituted_adsorbates\MAT_194_O_site2_adsorbed.cif,data\substituted_slabs\MAT_194_110_slab.cif,multiple adsorption site structure
MAT_194,Dy,0.4,0.6,Ru0.40Dy0.60Ox,O2,0,data\substituted_adsorbates\MAT_194_O2_site0_adsorbed.cif,data\substituted_slabs\MAT_194_110_slab.cif,multiple adsorption site structure
MAT_194,Dy,0.4,0.6,Ru0.40Dy0.60Ox,O2,1,data\substituted_adsorbates\MAT_194_O2_site1_adsorbed.cif,data\substituted_slabs\MAT_194_110_slab.cif,multiple adsorption site structure
MAT_194,Dy,0.4,0.6,Ru0.40Dy0.60Ox,O2,2,data\substituted_adsorbates\MAT_194_O2_site2_adsorbed.cif,data\substituted_slabs\MAT_194_110_slab.cif,multiple adsorption site structure
MAT_194,Dy,0.4,0.6,Ru0.40Dy0.60Ox,N2O,0,data\substituted_adsorbates\MAT_194_N2O_site0_adsorbed.cif,data\substituted_slabs\MAT_194_110_slab.cif,multiple adsorption site structure
MAT_194,Dy,0.4,0.6,Ru0.40Dy0.60Ox,N2O,1,data\substituted_adsorbates\MAT_194_N2O_site1_adsorbed.cif,data\substituted_slabs\MAT_194_110_slab.cif,multiple adsorption site structure
MAT_194,Dy,0.4,0.6,Ru0.40Dy0.60Ox,N2O,2,data\substituted_adsorbates\MAT_194_N2O_site2_adsorbed.cif,data\substituted_slabs\MAT_194_110_slab.cif,multiple adsorption site structure
MAT_195,Dy,0.2,0.8,Ru0.20Dy0.80Ox,O,0,data\substituted_adsorbates\MAT_195_O_site0_adsorbed.cif,data\substituted_slabs\MAT_195_110_slab.cif,multiple adsorption site structure
MAT_195,Dy,0.2,0.8,Ru0.20Dy0.80Ox,O,1,data\substituted_adsorbates\MAT_195_O_site1_adsorbed.cif,data\substituted_slabs\MAT_195_110_slab.cif,multiple adsorption site structure
MAT_195,Dy,0.2,0.8,Ru0.20Dy0.80Ox,O,2,data\substituted_adsorbates\MAT_195_O_site2_adsorbed.cif,data\substituted_slabs\MAT_195_110_slab.cif,multiple adsorption site structure
MAT_195,Dy,0.2,0.8,Ru0.20Dy0.80Ox,O2,0,data\substituted_adsorbates\MAT_195_O2_site0_adsorbed.cif,data\substituted_slabs\MAT_195_110_slab.cif,multiple adsorption site structure
MAT_195,Dy,0.2,0.8,Ru0.20Dy0.80Ox,O2,1,data\substituted_adsorbates\MAT_195_O2_site1_adsorbed.cif,data\substituted_slabs\MAT_195_110_slab.cif,multiple adsorption site structure
MAT_195,Dy,0.2,0.8,Ru0.20Dy0.80Ox,O2,2,data\substituted_adsorbates\MAT_195_O2_site2_adsorbed.cif,data\substituted_slabs\MAT_195_110_slab.cif,multiple adsorption site structure
MAT_195,Dy,0.2,0.8,Ru0.20Dy0.80Ox,N2O,0,data\substituted_adsorbates\MAT_195_N2O_site0_adsorbed.cif,data\substituted_slabs\MAT_195_110_slab.cif,multiple adsorption site structure
MAT_195,Dy,0.2,0.8,Ru0.20Dy0.80Ox,N2O,1,data\substituted_adsorbates\MAT_195_N2O_site1_adsorbed.cif,data\substituted_slabs\MAT_195_110_slab.cif,multiple adsorption site structure
MAT_195,Dy,0.2,0.8,Ru0.20Dy0.80Ox,N2O,2,data\substituted_adsorbates\MAT_195_N2O_site2_adsorbed.cif,data\substituted_slabs\MAT_195_110_slab.cif,multiple adsorption site structure
MAT_197,Ho,0.8,0.1999999999999999,Ru0.80Ho0.20Ox,O,0,data\substituted_adsorbates\MAT_197_O_site0_adsorbed.cif,data\substituted_slabs\MAT_197_110_slab.cif,multiple adsorption site structure
MAT_197,Ho,0.8,0.1999999999999999,Ru0.80Ho0.20Ox,O,1,data\substituted_adsorbates\MAT_197_O_site1_adsorbed.cif,data\substituted_slabs\MAT_197_110_slab.cif,multiple adsorption site structure
MAT_197,Ho,0.8,0.1999999999999999,Ru0.80Ho0.20Ox,O,2,data\substituted_adsorbates\MAT_197_O_site2_adsorbed.cif,data\substituted_slabs\MAT_197_110_slab.cif,multiple adsorption site structure
MAT_197,Ho,0.8,0.1999999999999999,Ru0.80Ho0.20Ox,O2,0,data\substituted_adsorbates\MAT_197_O2_site0_adsorbed.cif,data\substituted_slabs\MAT_197_110_slab.cif,multiple adsorption site structure
MAT_197,Ho,0.8,0.1999999999999999,Ru0.80Ho0.20Ox,O2,1,data\substituted_adsorbates\MAT_197_O2_site1_adsorbed.cif,data\substituted_slabs\MAT_197_110_slab.cif,multiple adsorption site structure
MAT_197,Ho,0.8,0.1999999999999999,Ru0.80Ho0.20Ox,O2,2,data\substituted_adsorbates\MAT_197_O2_site2_adsorbed.cif,data\substituted_slabs\MAT_197_110_slab.cif,multiple adsorption site structure
MAT_197,Ho,0.8,0.1999999999999999,Ru0.80Ho0.20Ox,N2O,0,data\substituted_adsorbates\MAT_197_N2O_site0_adsorbed.cif,data\substituted_slabs\MAT_197_110_slab.cif,multiple adsorption site structure
MAT_197,Ho,0.8,0.1999999999999999,Ru0.80Ho0.20Ox,N2O,1,data\substituted_adsorbates\MAT_197_N2O_site1_adsorbed.cif,data\substituted_slabs\MAT_197_110_slab.cif,multiple adsorption site structure
MAT_197,Ho,0.8,0.1999999999999999,Ru0.80Ho0.20Ox,N2O,2,data\substituted_adsorbates\MAT_197_N2O_site2_adsorbed.cif,data\substituted_slabs\MAT_197_110_slab.cif,multiple adsorption site structure
MAT_198,Ho,0.6,0.4,Ru0.60Ho0.40Ox,O,0,data\substituted_adsorbates\MAT_198_O_site0_adsorbed.cif,data\substituted_slabs\MAT_198_110_slab.cif,multiple adsorption site structure
MAT_198,Ho,0.6,0.4,Ru0.60Ho0.40Ox,O,1,data\substituted_adsorbates\MAT_198_O_site1_adsorbed.cif,data\substituted_slabs\MAT_198_110_slab.cif,multiple adsorption site structure
MAT_198,Ho,0.6,0.4,Ru0.60Ho0.40Ox,O,2,data\substituted_adsorbates\MAT_198_O_site2_adsorbed.cif,data\substituted_slabs\MAT_198_110_slab.cif,multiple adsorption site structure
MAT_198,Ho,0.6,0.4,Ru0.60Ho0.40Ox,O2,0,data\substituted_adsorbates\MAT_198_O2_site0_adsorbed.cif,data\substituted_slabs\MAT_198_110_slab.cif,multiple adsorption site structure
MAT_198,Ho,0.6,0.4,Ru0.60Ho0.40Ox,O2,1,data\substituted_adsorbates\MAT_198_O2_site1_adsorbed.cif,data\substituted_slabs\MAT_198_110_slab.cif,multiple adsorption site structure
MAT_198,Ho,0.6,0.4,Ru0.60Ho0.40Ox,O2,2,data\substituted_adsorbates\MAT_198_O2_site2_adsorbed.cif,data\substituted_slabs\MAT_198_110_slab.cif,multiple adsorption site structure
MAT_198,Ho,0.6,0.4,Ru0.60Ho0.40Ox,N2O,0,data\substituted_adsorbates\MAT_198_N2O_site0_adsorbed.cif,data\substituted_slabs\MAT_198_110_slab.cif,multiple adsorption site structure
MAT_198,Ho,0.6,0.4,Ru0.60Ho0.40Ox,N2O,1,data\substituted_adsorbates\MAT_198_N2O_site1_adsorbed.cif,data\substituted_slabs\MAT_198_110_slab.cif,multiple adsorption site structure
MAT_198,Ho,0.6,0.4,Ru0.60Ho0.40Ox,N2O,2,data\substituted_adsorbates\MAT_198_N2O_site2_adsorbed.cif,data\substituted_slabs\MAT_198_110_slab.cif,multiple adsorption site structure
MAT_199,Ho,0.4,0.6,Ru0.40Ho0.60Ox,O,0,data\substituted_adsorbates\MAT_199_O_site0_adsorbed.cif,data\substituted_slabs\MAT_199_110_slab.cif,multiple adsorption site structure
MAT_199,Ho,0.4,0.6,Ru0.40Ho0.60Ox,O,1,data\substituted_adsorbates\MAT_199_O_site1_adsorbed.cif,data\substituted_slabs\MAT_199_110_slab.cif,multiple adsorption site structure
MAT_199,Ho,0.4,0.6,Ru0.40Ho0.60Ox,O,2,data\substituted_adsorbates\MAT_199_O_site2_adsorbed.cif,data\substituted_slabs\MAT_199_110_slab.cif,multiple adsorption site structure
MAT_199,Ho,0.4,0.6,Ru0.40Ho0.60Ox,O2,0,data\substituted_adsorbates\MAT_199_O2_site0_adsorbed.cif,data\substituted_slabs\MAT_199_110_slab.cif,multiple adsorption site structure
MAT_199,Ho,0.4,0.6,Ru0.40Ho0.60Ox,O2,1,data\substituted_adsorbates\MAT_199_O2_site1_adsorbed.cif,data\substituted_slabs\MAT_199_110_slab.cif,multiple adsorption site structure
MAT_199,Ho,0.4,0.6,Ru0.40Ho0.60Ox,O2,2,data\substituted_adsorbates\MAT_199_O2_site2_adsorbed.cif,data\substituted_slabs\MAT_199_110_slab.cif,multiple adsorption site structure
MAT_199,Ho,0.4,0.6,Ru0.40Ho0.60Ox,N2O,0,data\substituted_adsorbates\MAT_199_N2O_site0_adsorbed.cif,data\substituted_slabs\MAT_199_110_slab.cif,multiple adsorption site structure
MAT_199,Ho,0.4,0.6,Ru0.40Ho0.60Ox,N2O,1,data\substituted_adsorbates\MAT_199_N2O_site1_adsorbed.cif,data\substituted_slabs\MAT_199_110_slab.cif,multiple adsorption site structure
MAT_199,Ho,0.4,0.6,Ru0.40Ho0.60Ox,N2O,2,data\substituted_adsorbates\MAT_199_N2O_site2_adsorbed.cif,data\substituted_slabs\MAT_199_110_slab.cif,multiple adsorption site structure
MAT_200,Ho,0.2,0.8,Ru0.20Ho0.80Ox,O,0,data\substituted_adsorbates\MAT_200_O_site0_adsorbed.cif,data\substituted_slabs\MAT_200_110_slab.cif,multiple adsorption site structure
MAT_200,Ho,0.2,0.8,Ru0.20Ho0.80Ox,O,1,data\substituted_adsorbates\MAT_200_O_site1_adsorbed.cif,data\substituted_slabs\MAT_200_110_slab.cif,multiple adsorption site structure
MAT_200,Ho,0.2,0.8,Ru0.20Ho0.80Ox,O,2,data\substituted_adsorbates\MAT_200_O_site2_adsorbed.cif,data\substituted_slabs\MAT_200_110_slab.cif,multiple adsorption site structure
MAT_200,Ho,0.2,0.8,Ru0.20Ho0.80Ox,O2,0,data\substituted_adsorbates\MAT_200_O2_site0_adsorbed.cif,data\substituted_slabs\MAT_200_110_slab.cif,multiple adsorption site structure
MAT_200,Ho,0.2,0.8,Ru0.20Ho0.80Ox,O2,1,data\substituted_adsorbates\MAT_200_O2_site1_adsorbed.cif,data\substituted_slabs\MAT_200_110_slab.cif,multiple adsorption site structure
MAT_200,Ho,0.2,0.8,Ru0.20Ho0.80Ox,O2,2,data\substituted_adsorbates\MAT_200_O2_site2_adsorbed.cif,data\substituted_slabs\MAT_200_110_slab.cif,multiple adsorption site structure
MAT_200,Ho,0.2,0.8,Ru0.20Ho0.80Ox,N2O,0,data\substituted_adsorbates\MAT_200_N2O_site0_adsorbed.cif,data\substituted_slabs\MAT_200_110_slab.cif,multiple adsorption site structure
MAT_200,Ho,0.2,0.8,Ru0.20Ho0.80Ox,N2O,1,data\substituted_adsorbates\MAT_200_N2O_site1_adsorbed.cif,data\substituted_slabs\MAT_200_110_slab.cif,multiple adsorption site structure
MAT_200,Ho,0.2,0.8,Ru0.20Ho0.80Ox,N2O,2,data\substituted_adsorbates\MAT_200_N2O_site2_adsorbed.cif,data\substituted_slabs\MAT_200_110_slab.cif,multiple adsorption site structure
MAT_202,Er,0.8,0.1999999999999999,Ru0.80Er0.20Ox,O,0,data\substituted_adsorbates\MAT_202_O_site0_adsorbed.cif,data\substituted_slabs\MAT_202_110_slab.cif,multiple adsorption site structure
MAT_202,Er,0.8,0.1999999999999999,Ru0.80Er0.20Ox,O,1,data\substituted_adsorbates\MAT_202_O_site1_adsorbed.cif,data\substituted_slabs\MAT_202_110_slab.cif,multiple adsorption site structure
MAT_202,Er,0.8,0.1999999999999999,Ru0.80Er0.20Ox,O,2,data\substituted_adsorbates\MAT_202_O_site2_adsorbed.cif,data\substituted_slabs\MAT_202_110_slab.cif,multiple adsorption site structure
MAT_202,Er,0.8,0.1999999999999999,Ru0.80Er0.20Ox,O2,0,data\substituted_adsorbates\MAT_202_O2_site0_adsorbed.cif,data\substituted_slabs\MAT_202_110_slab.cif,multiple adsorption site structure
MAT_202,Er,0.8,0.1999999999999999,Ru0.80Er0.20Ox,O2,1,data\substituted_adsorbates\MAT_202_O2_site1_adsorbed.cif,data\substituted_slabs\MAT_202_110_slab.cif,multiple adsorption site structure
MAT_202,Er,0.8,0.1999999999999999,Ru0.80Er0.20Ox,O2,2,data\substituted_adsorbates\MAT_202_O2_site2_adsorbed.cif,data\substituted_slabs\MAT_202_110_slab.cif,multiple adsorption site structure
MAT_202,Er,0.8,0.1999999999999999,Ru0.80Er0.20Ox,N2O,0,data\substituted_adsorbates\MAT_202_N2O_site0_adsorbed.cif,data\substituted_slabs\MAT_202_110_slab.cif,multiple adsorption site structure
MAT_202,Er,0.8,0.1999999999999999,Ru0.80Er0.20Ox,N2O,1,data\substituted_adsorbates\MAT_202_N2O_site1_adsorbed.cif,data\substituted_slabs\MAT_202_110_slab.cif,multiple adsorption site structure
MAT_202,Er,0.8,0.1999999999999999,Ru0.80Er0.20Ox,N2O,2,data\substituted_adsorbates\MAT_202_N2O_site2_adsorbed.cif,data\substituted_slabs\MAT_202_110_slab.cif,multiple adsorption site structure
MAT_203,Er,0.6,0.4,Ru0.60Er0.40Ox,O,0,data\substituted_adsorbates\MAT_203_O_site0_adsorbed.cif,data\substituted_slabs\MAT_203_110_slab.cif,multiple adsorption site structure
MAT_203,Er,0.6,0.4,Ru0.60Er0.40Ox,O,1,data\substituted_adsorbates\MAT_203_O_site1_adsorbed.cif,data\substituted_slabs\MAT_203_110_slab.cif,multiple adsorption site structure
MAT_203,Er,0.6,0.4,Ru0.60Er0.40Ox,O,2,data\substituted_adsorbates\MAT_203_O_site2_adsorbed.cif,data\substituted_slabs\MAT_203_110_slab.cif,multiple adsorption site structure
MAT_203,Er,0.6,0.4,Ru0.60Er0.40Ox,O2,0,data\substituted_adsorbates\MAT_203_O2_site0_adsorbed.cif,data\substituted_slabs\MAT_203_110_slab.cif,multiple adsorption site structure
MAT_203,Er,0.6,0.4,Ru0.60Er0.40Ox,O2,1,data\substituted_adsorbates\MAT_203_O2_site1_adsorbed.cif,data\substituted_slabs\MAT_203_110_slab.cif,multiple adsorption site structure
MAT_203,Er,0.6,0.4,Ru0.60Er0.40Ox,O2,2,data\substituted_adsorbates\MAT_203_O2_site2_adsorbed.cif,data\substituted_slabs\MAT_203_110_slab.cif,multiple adsorption site structure
MAT_203,Er,0.6,0.4,Ru0.60Er0.40Ox,N2O,0,data\substituted_adsorbates\MAT_203_N2O_site0_adsorbed.cif,data\substituted_slabs\MAT_203_110_slab.cif,multiple adsorption site structure
MAT_203,Er,0.6,0.4,Ru0.60Er0.40Ox,N2O,1,data\substituted_adsorbates\MAT_203_N2O_site1_adsorbed.cif,data\substituted_slabs\MAT_203_110_slab.cif,multiple adsorption site structure
MAT_203,Er,0.6,0.4,Ru0.60Er0.40Ox,N2O,2,data\substituted_adsorbates\MAT_203_N2O_site2_adsorbed.cif,data\substituted_slabs\MAT_203_110_slab.cif,multiple adsorption site structure
MAT_204,Er,0.4,0.6,Ru0.40Er0.60Ox,O,0,data\substituted_adsorbates\MAT_204_O_site0_adsorbed.cif,data\substituted_slabs\MAT_204_110_slab.cif,multiple adsorption site structure
MAT_204,Er,0.4,0.6,Ru0.40Er0.60Ox,O,1,data\substituted_adsorbates\MAT_204_O_site1_adsorbed.cif,data\substituted_slabs\MAT_204_110_slab.cif,multiple adsorption site structure
MAT_204,Er,0.4,0.6,Ru0.40Er0.60Ox,O,2,data\substituted_adsorbates\MAT_204_O_site2_adsorbed.cif,data\substituted_slabs\MAT_204_110_slab.cif,multiple adsorption site structure
MAT_204,Er,0.4,0.6,Ru0.40Er0.60Ox,O2,0,data\substituted_adsorbates\MAT_204_O2_site0_adsorbed.cif,data\substituted_slabs\MAT_204_110_slab.cif,multiple adsorption site structure
MAT_204,Er,0.4,0.6,Ru0.40Er0.60Ox,O2,1,data\substituted_adsorbates\MAT_204_O2_site1_adsorbed.cif,data\substituted_slabs\MAT_204_110_slab.cif,multiple adsorption site structure
MAT_204,Er,0.4,0.6,Ru0.40Er0.60Ox,O2,2,data\substituted_adsorbates\MAT_204_O2_site2_adsorbed.cif,data\substituted_slabs\MAT_204_110_slab.cif,multiple adsorption site structure
MAT_204,Er,0.4,0.6,Ru0.40Er0.60Ox,N2O,0,data\substituted_adsorbates\MAT_204_N2O_site0_adsorbed.cif,data\substituted_slabs\MAT_204_110_slab.cif,multiple adsorption site structure
MAT_204,Er,0.4,0.6,Ru0.40Er0.60Ox,N2O,1,data\substituted_adsorbates\MAT_204_N2O_site1_adsorbed.cif,data\substituted_slabs\MAT_204_110_slab.cif,multiple adsorption site structure
MAT_204,Er,0.4,0.6,Ru0.40Er0.60Ox,N2O,2,data\substituted_adsorbates\MAT_204_N2O_site2_adsorbed.cif,data\substituted_slabs\MAT_204_110_slab.cif,multiple adsorption site structure
MAT_205,Er,0.2,0.8,Ru0.20Er0.80Ox,O,0,data\substituted_adsorbates\MAT_205_O_site0_adsorbed.cif,data\substituted_slabs\MAT_205_110_slab.cif,multiple adsorption site structure
MAT_205,Er,0.2,0.8,Ru0.20Er0.80Ox,O,1,data\substituted_adsorbates\MAT_205_O_site1_adsorbed.cif,data\substituted_slabs\MAT_205_110_slab.cif,multiple adsorption site structure
MAT_205,Er,0.2,0.8,Ru0.20Er0.80Ox,O,2,data\substituted_adsorbates\MAT_205_O_site2_adsorbed.cif,data\substituted_slabs\MAT_205_110_slab.cif,multiple adsorption site structure
MAT_205,Er,0.2,0.8,Ru0.20Er0.80Ox,O2,0,data\substituted_adsorbates\MAT_205_O2_site0_adsorbed.cif,data\substituted_slabs\MAT_205_110_slab.cif,multiple adsorption site structure
MAT_205,Er,0.2,0.8,Ru0.20Er0.80Ox,O2,1,data\substituted_adsorbates\MAT_205_O2_site1_adsorbed.cif,data\substituted_slabs\MAT_205_110_slab.cif,multiple adsorption site structure
MAT_205,Er,0.2,0.8,Ru0.20Er0.80Ox,O2,2,data\substituted_adsorbates\MAT_205_O2_site2_adsorbed.cif,data\substituted_slabs\MAT_205_110_slab.cif,multiple adsorption site structure
MAT_205,Er,0.2,0.8,Ru0.20Er0.80Ox,N2O,0,data\substituted_adsorbates\MAT_205_N2O_site0_adsorbed.cif,data\substituted_slabs\MAT_205_110_slab.cif,multiple adsorption site structure
MAT_205,Er,0.2,0.8,Ru0.20Er0.80Ox,N2O,1,data\substituted_adsorbates\MAT_205_N2O_site1_adsorbed.cif,data\substituted_slabs\MAT_205_110_slab.cif,multiple adsorption site structure
MAT_205,Er,0.2,0.8,Ru0.20Er0.80Ox,N2O,2,data\substituted_adsorbates\MAT_205_N2O_site2_adsorbed.cif,data\substituted_slabs\MAT_205_110_slab.cif,multiple adsorption site structure
MAT_207,Yb,0.8,0.1999999999999999,Ru0.80Yb0.20Ox,O,0,data\substituted_adsorbates\MAT_207_O_site0_adsorbed.cif,data\substituted_slabs\MAT_207_110_slab.cif,multiple adsorption site structure
MAT_207,Yb,0.8,0.1999999999999999,Ru0.80Yb0.20Ox,O,1,data\substituted_adsorbates\MAT_207_O_site1_adsorbed.cif,data\substituted_slabs\MAT_207_110_slab.cif,multiple adsorption site structure
MAT_207,Yb,0.8,0.1999999999999999,Ru0.80Yb0.20Ox,O,2,data\substituted_adsorbates\MAT_207_O_site2_adsorbed.cif,data\substituted_slabs\MAT_207_110_slab.cif,multiple adsorption site structure
MAT_207,Yb,0.8,0.1999999999999999,Ru0.80Yb0.20Ox,O2,0,data\substituted_adsorbates\MAT_207_O2_site0_adsorbed.cif,data\substituted_slabs\MAT_207_110_slab.cif,multiple adsorption site structure
MAT_207,Yb,0.8,0.1999999999999999,Ru0.80Yb0.20Ox,O2,1,data\substituted_adsorbates\MAT_207_O2_site1_adsorbed.cif,data\substituted_slabs\MAT_207_110_slab.cif,multiple adsorption site structure
MAT_207,Yb,0.8,0.1999999999999999,Ru0.80Yb0.20Ox,O2,2,data\substituted_adsorbates\MAT_207_O2_site2_adsorbed.cif,data\substituted_slabs\MAT_207_110_slab.cif,multiple adsorption site structure
MAT_207,Yb,0.8,0.1999999999999999,Ru0.80Yb0.20Ox,N2O,0,data\substituted_adsorbates\MAT_207_N2O_site0_adsorbed.cif,data\substituted_slabs\MAT_207_110_slab.cif,multiple adsorption site structure
MAT_207,Yb,0.8,0.1999999999999999,Ru0.80Yb0.20Ox,N2O,1,data\substituted_adsorbates\MAT_207_N2O_site1_adsorbed.cif,data\substituted_slabs\MAT_207_110_slab.cif,multiple adsorption site structure
MAT_207,Yb,0.8,0.1999999999999999,Ru0.80Yb0.20Ox,N2O,2,data\substituted_adsorbates\MAT_207_N2O_site2_adsorbed.cif,data\substituted_slabs\MAT_207_110_slab.cif,multiple adsorption site structure
MAT_208,Yb,0.6,0.4,Ru0.60Yb0.40Ox,O,0,data\substituted_adsorbates\MAT_208_O_site0_adsorbed.cif,data\substituted_slabs\MAT_208_110_slab.cif,multiple adsorption site structure
MAT_208,Yb,0.6,0.4,Ru0.60Yb0.40Ox,O,1,data\substituted_adsorbates\MAT_208_O_site1_adsorbed.cif,data\substituted_slabs\MAT_208_110_slab.cif,multiple adsorption site structure
MAT_208,Yb,0.6,0.4,Ru0.60Yb0.40Ox,O,2,data\substituted_adsorbates\MAT_208_O_site2_adsorbed.cif,data\substituted_slabs\MAT_208_110_slab.cif,multiple adsorption site structure
MAT_208,Yb,0.6,0.4,Ru0.60Yb0.40Ox,O2,0,data\substituted_adsorbates\MAT_208_O2_site0_adsorbed.cif,data\substituted_slabs\MAT_208_110_slab.cif,multiple adsorption site structure
MAT_208,Yb,0.6,0.4,Ru0.60Yb0.40Ox,O2,1,data\substituted_adsorbates\MAT_208_O2_site1_adsorbed.cif,data\substituted_slabs\MAT_208_110_slab.cif,multiple adsorption site structure
MAT_208,Yb,0.6,0.4,Ru0.60Yb0.40Ox,O2,2,data\substituted_adsorbates\MAT_208_O2_site2_adsorbed.cif,data\substituted_slabs\MAT_208_110_slab.cif,multiple adsorption site structure
MAT_208,Yb,0.6,0.4,Ru0.60Yb0.40Ox,N2O,0,data\substituted_adsorbates\MAT_208_N2O_site0_adsorbed.cif,data\substituted_slabs\MAT_208_110_slab.cif,multiple adsorption site structure
MAT_208,Yb,0.6,0.4,Ru0.60Yb0.40Ox,N2O,1,data\substituted_adsorbates\MAT_208_N2O_site1_adsorbed.cif,data\substituted_slabs\MAT_208_110_slab.cif,multiple adsorption site structure
MAT_208,Yb,0.6,0.4,Ru0.60Yb0.40Ox,N2O,2,data\substituted_adsorbates\MAT_208_N2O_site2_adsorbed.cif,data\substituted_slabs\MAT_208_110_slab.cif,multiple adsorption site structure
MAT_209,Yb,0.4,0.6,Ru0.40Yb0.60Ox,O,0,data\substituted_adsorbates\MAT_209_O_site0_adsorbed.cif,data\substituted_slabs\MAT_209_110_slab.cif,multiple adsorption site structure
MAT_209,Yb,0.4,0.6,Ru0.40Yb0.60Ox,O,1,data\substituted_adsorbates\MAT_209_O_site1_adsorbed.cif,data\substituted_slabs\MAT_209_110_slab.cif,multiple adsorption site structure
MAT_209,Yb,0.4,0.6,Ru0.40Yb0.60Ox,O,2,data\substituted_adsorbates\MAT_209_O_site2_adsorbed.cif,data\substituted_slabs\MAT_209_110_slab.cif,multiple adsorption site structure
MAT_209,Yb,0.4,0.6,Ru0.40Yb0.60Ox,O2,0,data\substituted_adsorbates\MAT_209_O2_site0_adsorbed.cif,data\substituted_slabs\MAT_209_110_slab.cif,multiple adsorption site structure
MAT_209,Yb,0.4,0.6,Ru0.40Yb0.60Ox,O2,1,data\substituted_adsorbates\MAT_209_O2_site1_adsorbed.cif,data\substituted_slabs\MAT_209_110_slab.cif,multiple adsorption site structure
MAT_209,Yb,0.4,0.6,Ru0.40Yb0.60Ox,O2,2,data\substituted_adsorbates\MAT_209_O2_site2_adsorbed.cif,data\substituted_slabs\MAT_209_110_slab.cif,multiple adsorption site structure
MAT_209,Yb,0.4,0.6,Ru0.40Yb0.60Ox,N2O,0,data\substituted_adsorbates\MAT_209_N2O_site0_adsorbed.cif,data\substituted_slabs\MAT_209_110_slab.cif,multiple adsorption site structure
MAT_209,Yb,0.4,0.6,Ru0.40Yb0.60Ox,N2O,1,data\substituted_adsorbates\MAT_209_N2O_site1_adsorbed.cif,data\substituted_slabs\MAT_209_110_slab.cif,multiple adsorption site structure
MAT_209,Yb,0.4,0.6,Ru0.40Yb0.60Ox,N2O,2,data\substituted_adsorbates\MAT_209_N2O_site2_adsorbed.cif,data\substituted_slabs\MAT_209_110_slab.cif,multiple adsorption site structure
MAT_210,Yb,0.2,0.8,Ru0.20Yb0.80Ox,O,0,data\substituted_adsorbates\MAT_210_O_site0_adsorbed.cif,data\substituted_slabs\MAT_210_110_slab.cif,multiple adsorption site structure
MAT_210,Yb,0.2,0.8,Ru0.20Yb0.80Ox,O,1,data\substituted_adsorbates\MAT_210_O_site1_adsorbed.cif,data\substituted_slabs\MAT_210_110_slab.cif,multiple adsorption site structure
MAT_210,Yb,0.2,0.8,Ru0.20Yb0.80Ox,O,2,data\substituted_adsorbates\MAT_210_O_site2_adsorbed.cif,data\substituted_slabs\MAT_210_110_slab.cif,multiple adsorption site structure
MAT_210,Yb,0.2,0.8,Ru0.20Yb0.80Ox,O2,0,data\substituted_adsorbates\MAT_210_O2_site0_adsorbed.cif,data\substituted_slabs\MAT_210_110_slab.cif,multiple adsorption site structure
MAT_210,Yb,0.2,0.8,Ru0.20Yb0.80Ox,O2,1,data\substituted_adsorbates\MAT_210_O2_site1_adsorbed.cif,data\substituted_slabs\MAT_210_110_slab.cif,multiple adsorption site structure
MAT_210,Yb,0.2,0.8,Ru0.20Yb0.80Ox,O2,2,data\substituted_adsorbates\MAT_210_O2_site2_adsorbed.cif,data\substituted_slabs\MAT_210_110_slab.cif,multiple adsorption site structure
MAT_210,Yb,0.2,0.8,Ru0.20Yb0.80Ox,N2O,0,data\substituted_adsorbates\MAT_210_N2O_site0_adsorbed.cif,data\substituted_slabs\MAT_210_110_slab.cif,multiple adsorption site structure
MAT_210,Yb,0.2,0.8,Ru0.20Yb0.80Ox,N2O,1,data\substituted_adsorbates\MAT_210_N2O_site1_adsorbed.cif,data\substituted_slabs\MAT_210_110_slab.cif,multiple adsorption site structure
MAT_210,Yb,0.2,0.8,Ru0.20Yb0.80Ox,N2O,2,data\substituted_adsorbates\MAT_210_N2O_site2_adsorbed.cif,data\substituted_slabs\MAT_210_110_slab.cif,multiple adsorption site structure
MAT_212,Hf,0.8,0.1999999999999999,Ru0.80Hf0.20Ox,O,0,data\substituted_adsorbates\MAT_212_O_site0_adsorbed.cif,data\substituted_slabs\MAT_212_110_slab.cif,multiple adsorption site structure
MAT_212,Hf,0.8,0.1999999999999999,Ru0.80Hf0.20Ox,O,1,data\substituted_adsorbates\MAT_212_O_site1_adsorbed.cif,data\substituted_slabs\MAT_212_110_slab.cif,multiple adsorption site structure
MAT_212,Hf,0.8,0.1999999999999999,Ru0.80Hf0.20Ox,O,2,data\substituted_adsorbates\MAT_212_O_site2_adsorbed.cif,data\substituted_slabs\MAT_212_110_slab.cif,multiple adsorption site structure
MAT_212,Hf,0.8,0.1999999999999999,Ru0.80Hf0.20Ox,O2,0,data\substituted_adsorbates\MAT_212_O2_site0_adsorbed.cif,data\substituted_slabs\MAT_212_110_slab.cif,multiple adsorption site structure
MAT_212,Hf,0.8,0.1999999999999999,Ru0.80Hf0.20Ox,O2,1,data\substituted_adsorbates\MAT_212_O2_site1_adsorbed.cif,data\substituted_slabs\MAT_212_110_slab.cif,multiple adsorption site structure
MAT_212,Hf,0.8,0.1999999999999999,Ru0.80Hf0.20Ox,O2,2,data\substituted_adsorbates\MAT_212_O2_site2_adsorbed.cif,data\substituted_slabs\MAT_212_110_slab.cif,multiple adsorption site structure
MAT_212,Hf,0.8,0.1999999999999999,Ru0.80Hf0.20Ox,N2O,0,data\substituted_adsorbates\MAT_212_N2O_site0_adsorbed.cif,data\substituted_slabs\MAT_212_110_slab.cif,multiple adsorption site structure
MAT_212,Hf,0.8,0.1999999999999999,Ru0.80Hf0.20Ox,N2O,1,data\substituted_adsorbates\MAT_212_N2O_site1_adsorbed.cif,data\substituted_slabs\MAT_212_110_slab.cif,multiple adsorption site structure
MAT_212,Hf,0.8,0.1999999999999999,Ru0.80Hf0.20Ox,N2O,2,data\substituted_adsorbates\MAT_212_N2O_site2_adsorbed.cif,data\substituted_slabs\MAT_212_110_slab.cif,multiple adsorption site structure
MAT_213,Hf,0.6,0.4,Ru0.60Hf0.40Ox,O,0,data\substituted_adsorbates\MAT_213_O_site0_adsorbed.cif,data\substituted_slabs\MAT_213_110_slab.cif,multiple adsorption site structure
MAT_213,Hf,0.6,0.4,Ru0.60Hf0.40Ox,O,1,data\substituted_adsorbates\MAT_213_O_site1_adsorbed.cif,data\substituted_slabs\MAT_213_110_slab.cif,multiple adsorption site structure
MAT_213,Hf,0.6,0.4,Ru0.60Hf0.40Ox,O,2,data\substituted_adsorbates\MAT_213_O_site2_adsorbed.cif,data\substituted_slabs\MAT_213_110_slab.cif,multiple adsorption site structure
MAT_213,Hf,0.6,0.4,Ru0.60Hf0.40Ox,O2,0,data\substituted_adsorbates\MAT_213_O2_site0_adsorbed.cif,data\substituted_slabs\MAT_213_110_slab.cif,multiple adsorption site structure
MAT_213,Hf,0.6,0.4,Ru0.60Hf0.40Ox,O2,1,data\substituted_adsorbates\MAT_213_O2_site1_adsorbed.cif,data\substituted_slabs\MAT_213_110_slab.cif,multiple adsorption site structure
MAT_213,Hf,0.6,0.4,Ru0.60Hf0.40Ox,O2,2,data\substituted_adsorbates\MAT_213_O2_site2_adsorbed.cif,data\substituted_slabs\MAT_213_110_slab.cif,multiple adsorption site structure
MAT_213,Hf,0.6,0.4,Ru0.60Hf0.40Ox,N2O,0,data\substituted_adsorbates\MAT_213_N2O_site0_adsorbed.cif,data\substituted_slabs\MAT_213_110_slab.cif,multiple adsorption site structure
MAT_213,Hf,0.6,0.4,Ru0.60Hf0.40Ox,N2O,1,data\substituted_adsorbates\MAT_213_N2O_site1_adsorbed.cif,data\substituted_slabs\MAT_213_110_slab.cif,multiple adsorption site structure
MAT_213,Hf,0.6,0.4,Ru0.60Hf0.40Ox,N2O,2,data\substituted_adsorbates\MAT_213_N2O_site2_adsorbed.cif,data\substituted_slabs\MAT_213_110_slab.cif,multiple adsorption site structure
MAT_214,Hf,0.4,0.6,Ru0.40Hf0.60Ox,O,0,data\substituted_adsorbates\MAT_214_O_site0_adsorbed.cif,data\substituted_slabs\MAT_214_110_slab.cif,multiple adsorption site structure
MAT_214,Hf,0.4,0.6,Ru0.40Hf0.60Ox,O,1,data\substituted_adsorbates\MAT_214_O_site1_adsorbed.cif,data\substituted_slabs\MAT_214_110_slab.cif,multiple adsorption site structure
MAT_214,Hf,0.4,0.6,Ru0.40Hf0.60Ox,O,2,data\substituted_adsorbates\MAT_214_O_site2_adsorbed.cif,data\substituted_slabs\MAT_214_110_slab.cif,multiple adsorption site structure
MAT_214,Hf,0.4,0.6,Ru0.40Hf0.60Ox,O2,0,data\substituted_adsorbates\MAT_214_O2_site0_adsorbed.cif,data\substituted_slabs\MAT_214_110_slab.cif,multiple adsorption site structure
MAT_214,Hf,0.4,0.6,Ru0.40Hf0.60Ox,O2,1,data\substituted_adsorbates\MAT_214_O2_site1_adsorbed.cif,data\substituted_slabs\MAT_214_110_slab.cif,multiple adsorption site structure
MAT_214,Hf,0.4,0.6,Ru0.40Hf0.60Ox,O2,2,data\substituted_adsorbates\MAT_214_O2_site2_adsorbed.cif,data\substituted_slabs\MAT_214_110_slab.cif,multiple adsorption site structure
MAT_214,Hf,0.4,0.6,Ru0.40Hf0.60Ox,N2O,0,data\substituted_adsorbates\MAT_214_N2O_site0_adsorbed.cif,data\substituted_slabs\MAT_214_110_slab.cif,multiple adsorption site structure
MAT_214,Hf,0.4,0.6,Ru0.40Hf0.60Ox,N2O,1,data\substituted_adsorbates\MAT_214_N2O_site1_adsorbed.cif,data\substituted_slabs\MAT_214_110_slab.cif,multiple adsorption site structure
MAT_214,Hf,0.4,0.6,Ru0.40Hf0.60Ox,N2O,2,data\substituted_adsorbates\MAT_214_N2O_site2_adsorbed.cif,data\substituted_slabs\MAT_214_110_slab.cif,multiple adsorption site structure
MAT_215,Hf,0.2,0.8,Ru0.20Hf0.80Ox,O,0,data\substituted_adsorbates\MAT_215_O_site0_adsorbed.cif,data\substituted_slabs\MAT_215_110_slab.cif,multiple adsorption site structure
MAT_215,Hf,0.2,0.8,Ru0.20Hf0.80Ox,O,1,data\substituted_adsorbates\MAT_215_O_site1_adsorbed.cif,data\substituted_slabs\MAT_215_110_slab.cif,multiple adsorption site structure
MAT_215,Hf,0.2,0.8,Ru0.20Hf0.80Ox,O,2,data\substituted_adsorbates\MAT_215_O_site2_adsorbed.cif,data\substituted_slabs\MAT_215_110_slab.cif,multiple adsorption site structure
MAT_215,Hf,0.2,0.8,Ru0.20Hf0.80Ox,O2,0,data\substituted_adsorbates\MAT_215_O2_site0_adsorbed.cif,data\substituted_slabs\MAT_215_110_slab.cif,multiple adsorption site structure
MAT_215,Hf,0.2,0.8,Ru0.20Hf0.80Ox,O2,1,data\substituted_adsorbates\MAT_215_O2_site1_adsorbed.cif,data\substituted_slabs\MAT_215_110_slab.cif,multiple adsorption site structure
MAT_215,Hf,0.2,0.8,Ru0.20Hf0.80Ox,O2,2,data\substituted_adsorbates\MAT_215_O2_site2_adsorbed.cif,data\substituted_slabs\MAT_215_110_slab.cif,multiple adsorption site structure
MAT_215,Hf,0.2,0.8,Ru0.20Hf0.80Ox,N2O,0,data\substituted_adsorbates\MAT_215_N2O_site0_adsorbed.cif,data\substituted_slabs\MAT_215_110_slab.cif,multiple adsorption site structure
MAT_215,Hf,0.2,0.8,Ru0.20Hf0.80Ox,N2O,1,data\substituted_adsorbates\MAT_215_N2O_site1_adsorbed.cif,data\substituted_slabs\MAT_215_110_slab.cif,multiple adsorption site structure
MAT_215,Hf,0.2,0.8,Ru0.20Hf0.80Ox,N2O,2,data\substituted_adsorbates\MAT_215_N2O_site2_adsorbed.cif,data\substituted_slabs\MAT_215_110_slab.cif,multiple adsorption site structure
MAT_217,Ta,0.8,0.1999999999999999,Ru0.80Ta0.20Ox,O,0,data\substituted_adsorbates\MAT_217_O_site0_adsorbed.cif,data\substituted_slabs\MAT_217_110_slab.cif,multiple adsorption site structure
MAT_217,Ta,0.8,0.1999999999999999,Ru0.80Ta0.20Ox,O,1,data\substituted_adsorbates\MAT_217_O_site1_adsorbed.cif,data\substituted_slabs\MAT_217_110_slab.cif,multiple adsorption site structure
MAT_217,Ta,0.8,0.1999999999999999,Ru0.80Ta0.20Ox,O,2,data\substituted_adsorbates\MAT_217_O_site2_adsorbed.cif,data\substituted_slabs\MAT_217_110_slab.cif,multiple adsorption site structure
MAT_217,Ta,0.8,0.1999999999999999,Ru0.80Ta0.20Ox,O2,0,data\substituted_adsorbates\MAT_217_O2_site0_adsorbed.cif,data\substituted_slabs\MAT_217_110_slab.cif,multiple adsorption site structure
MAT_217,Ta,0.8,0.1999999999999999,Ru0.80Ta0.20Ox,O2,1,data\substituted_adsorbates\MAT_217_O2_site1_adsorbed.cif,data\substituted_slabs\MAT_217_110_slab.cif,multiple adsorption site structure
MAT_217,Ta,0.8,0.1999999999999999,Ru0.80Ta0.20Ox,O2,2,data\substituted_adsorbates\MAT_217_O2_site2_adsorbed.cif,data\substituted_slabs\MAT_217_110_slab.cif,multiple adsorption site structure
MAT_217,Ta,0.8,0.1999999999999999,Ru0.80Ta0.20Ox,N2O,0,data\substituted_adsorbates\MAT_217_N2O_site0_adsorbed.cif,data\substituted_slabs\MAT_217_110_slab.cif,multiple adsorption site structure
MAT_217,Ta,0.8,0.1999999999999999,Ru0.80Ta0.20Ox,N2O,1,data\substituted_adsorbates\MAT_217_N2O_site1_adsorbed.cif,data\substituted_slabs\MAT_217_110_slab.cif,multiple adsorption site structure
MAT_217,Ta,0.8,0.1999999999999999,Ru0.80Ta0.20Ox,N2O,2,data\substituted_adsorbates\MAT_217_N2O_site2_adsorbed.cif,data\substituted_slabs\MAT_217_110_slab.cif,multiple adsorption site structure
MAT_218,Ta,0.6,0.4,Ru0.60Ta0.40Ox,O,0,data\substituted_adsorbates\MAT_218_O_site0_adsorbed.cif,data\substituted_slabs\MAT_218_110_slab.cif,multiple adsorption site structure
MAT_218,Ta,0.6,0.4,Ru0.60Ta0.40Ox,O,1,data\substituted_adsorbates\MAT_218_O_site1_adsorbed.cif,data\substituted_slabs\MAT_218_110_slab.cif,multiple adsorption site structure
MAT_218,Ta,0.6,0.4,Ru0.60Ta0.40Ox,O,2,data\substituted_adsorbates\MAT_218_O_site2_adsorbed.cif,data\substituted_slabs\MAT_218_110_slab.cif,multiple adsorption site structure
MAT_218,Ta,0.6,0.4,Ru0.60Ta0.40Ox,O2,0,data\substituted_adsorbates\MAT_218_O2_site0_adsorbed.cif,data\substituted_slabs\MAT_218_110_slab.cif,multiple adsorption site structure
MAT_218,Ta,0.6,0.4,Ru0.60Ta0.40Ox,O2,1,data\substituted_adsorbates\MAT_218_O2_site1_adsorbed.cif,data\substituted_slabs\MAT_218_110_slab.cif,multiple adsorption site structure
MAT_218,Ta,0.6,0.4,Ru0.60Ta0.40Ox,O2,2,data\substituted_adsorbates\MAT_218_O2_site2_adsorbed.cif,data\substituted_slabs\MAT_218_110_slab.cif,multiple adsorption site structure
MAT_218,Ta,0.6,0.4,Ru0.60Ta0.40Ox,N2O,0,data\substituted_adsorbates\MAT_218_N2O_site0_adsorbed.cif,data\substituted_slabs\MAT_218_110_slab.cif,multiple adsorption site structure
MAT_218,Ta,0.6,0.4,Ru0.60Ta0.40Ox,N2O,1,data\substituted_adsorbates\MAT_218_N2O_site1_adsorbed.cif,data\substituted_slabs\MAT_218_110_slab.cif,multiple adsorption site structure
MAT_218,Ta,0.6,0.4,Ru0.60Ta0.40Ox,N2O,2,data\substituted_adsorbates\MAT_218_N2O_site2_adsorbed.cif,data\substituted_slabs\MAT_218_110_slab.cif,multiple adsorption site structure
MAT_219,Ta,0.4,0.6,Ru0.40Ta0.60Ox,O,0,data\substituted_adsorbates\MAT_219_O_site0_adsorbed.cif,data\substituted_slabs\MAT_219_110_slab.cif,multiple adsorption site structure
MAT_219,Ta,0.4,0.6,Ru0.40Ta0.60Ox,O,1,data\substituted_adsorbates\MAT_219_O_site1_adsorbed.cif,data\substituted_slabs\MAT_219_110_slab.cif,multiple adsorption site structure
MAT_219,Ta,0.4,0.6,Ru0.40Ta0.60Ox,O,2,data\substituted_adsorbates\MAT_219_O_site2_adsorbed.cif,data\substituted_slabs\MAT_219_110_slab.cif,multiple adsorption site structure
MAT_219,Ta,0.4,0.6,Ru0.40Ta0.60Ox,O2,0,data\substituted_adsorbates\MAT_219_O2_site0_adsorbed.cif,data\substituted_slabs\MAT_219_110_slab.cif,multiple adsorption site structure
MAT_219,Ta,0.4,0.6,Ru0.40Ta0.60Ox,O2,1,data\substituted_adsorbates\MAT_219_O2_site1_adsorbed.cif,data\substituted_slabs\MAT_219_110_slab.cif,multiple adsorption site structure
MAT_219,Ta,0.4,0.6,Ru0.40Ta0.60Ox,O2,2,data\substituted_adsorbates\MAT_219_O2_site2_adsorbed.cif,data\substituted_slabs\MAT_219_110_slab.cif,multiple adsorption site structure
MAT_219,Ta,0.4,0.6,Ru0.40Ta0.60Ox,N2O,0,data\substituted_adsorbates\MAT_219_N2O_site0_adsorbed.cif,data\substituted_slabs\MAT_219_110_slab.cif,multiple adsorption site structure
MAT_219,Ta,0.4,0.6,Ru0.40Ta0.60Ox,N2O,1,data\substituted_adsorbates\MAT_219_N2O_site1_adsorbed.cif,data\substituted_slabs\MAT_219_110_slab.cif,multiple adsorption site structure
MAT_219,Ta,0.4,0.6,Ru0.40Ta0.60Ox,N2O,2,data\substituted_adsorbates\MAT_219_N2O_site2_adsorbed.cif,data\substituted_slabs\MAT_219_110_slab.cif,multiple adsorption site structure
MAT_220,Ta,0.2,0.8,Ru0.20Ta0.80Ox,O,0,data\substituted_adsorbates\MAT_220_O_site0_adsorbed.cif,data\substituted_slabs\MAT_220_110_slab.cif,multiple adsorption site structure
MAT_220,Ta,0.2,0.8,Ru0.20Ta0.80Ox,O,1,data\substituted_adsorbates\MAT_220_O_site1_adsorbed.cif,data\substituted_slabs\MAT_220_110_slab.cif,multiple adsorption site structure
MAT_220,Ta,0.2,0.8,Ru0.20Ta0.80Ox,O,2,data\substituted_adsorbates\MAT_220_O_site2_adsorbed.cif,data\substituted_slabs\MAT_220_110_slab.cif,multiple adsorption site structure
MAT_220,Ta,0.2,0.8,Ru0.20Ta0.80Ox,O2,0,data\substituted_adsorbates\MAT_220_O2_site0_adsorbed.cif,data\substituted_slabs\MAT_220_110_slab.cif,multiple adsorption site structure
MAT_220,Ta,0.2,0.8,Ru0.20Ta0.80Ox,O2,1,data\substituted_adsorbates\MAT_220_O2_site1_adsorbed.cif,data\substituted_slabs\MAT_220_110_slab.cif,multiple adsorption site structure
MAT_220,Ta,0.2,0.8,Ru0.20Ta0.80Ox,O2,2,data\substituted_adsorbates\MAT_220_O2_site2_adsorbed.cif,data\substituted_slabs\MAT_220_110_slab.cif,multiple adsorption site structure
MAT_220,Ta,0.2,0.8,Ru0.20Ta0.80Ox,N2O,0,data\substituted_adsorbates\MAT_220_N2O_site0_adsorbed.cif,data\substituted_slabs\MAT_220_110_slab.cif,multiple adsorption site structure
MAT_220,Ta,0.2,0.8,Ru0.20Ta0.80Ox,N2O,1,data\substituted_adsorbates\MAT_220_N2O_site1_adsorbed.cif,data\substituted_slabs\MAT_220_110_slab.cif,multiple adsorption site structure
MAT_220,Ta,0.2,0.8,Ru0.20Ta0.80Ox,N2O,2,data\substituted_adsorbates\MAT_220_N2O_site2_adsorbed.cif,data\substituted_slabs\MAT_220_110_slab.cif,multiple adsorption site structure
MAT_222,W,0.8,0.1999999999999999,Ru0.80W0.20Ox,O,0,data\substituted_adsorbates\MAT_222_O_site0_adsorbed.cif,data\substituted_slabs\MAT_222_110_slab.cif,multiple adsorption site structure
MAT_222,W,0.8,0.1999999999999999,Ru0.80W0.20Ox,O,1,data\substituted_adsorbates\MAT_222_O_site1_adsorbed.cif,data\substituted_slabs\MAT_222_110_slab.cif,multiple adsorption site structure
MAT_222,W,0.8,0.1999999999999999,Ru0.80W0.20Ox,O,2,data\substituted_adsorbates\MAT_222_O_site2_adsorbed.cif,data\substituted_slabs\MAT_222_110_slab.cif,multiple adsorption site structure
MAT_222,W,0.8,0.1999999999999999,Ru0.80W0.20Ox,O2,0,data\substituted_adsorbates\MAT_222_O2_site0_adsorbed.cif,data\substituted_slabs\MAT_222_110_slab.cif,multiple adsorption site structure
MAT_222,W,0.8,0.1999999999999999,Ru0.80W0.20Ox,O2,1,data\substituted_adsorbates\MAT_222_O2_site1_adsorbed.cif,data\substituted_slabs\MAT_222_110_slab.cif,multiple adsorption site structure
MAT_222,W,0.8,0.1999999999999999,Ru0.80W0.20Ox,O2,2,data\substituted_adsorbates\MAT_222_O2_site2_adsorbed.cif,data\substituted_slabs\MAT_222_110_slab.cif,multiple adsorption site structure
MAT_222,W,0.8,0.1999999999999999,Ru0.80W0.20Ox,N2O,0,data\substituted_adsorbates\MAT_222_N2O_site0_adsorbed.cif,data\substituted_slabs\MAT_222_110_slab.cif,multiple adsorption site structure
MAT_222,W,0.8,0.1999999999999999,Ru0.80W0.20Ox,N2O,1,data\substituted_adsorbates\MAT_222_N2O_site1_adsorbed.cif,data\substituted_slabs\MAT_222_110_slab.cif,multiple adsorption site structure
MAT_222,W,0.8,0.1999999999999999,Ru0.80W0.20Ox,N2O,2,data\substituted_adsorbates\MAT_222_N2O_site2_adsorbed.cif,data\substituted_slabs\MAT_222_110_slab.cif,multiple adsorption site structure
MAT_223,W,0.6,0.4,Ru0.60W0.40Ox,O,0,data\substituted_adsorbates\MAT_223_O_site0_adsorbed.cif,data\substituted_slabs\MAT_223_110_slab.cif,multiple adsorption site structure
MAT_223,W,0.6,0.4,Ru0.60W0.40Ox,O,1,data\substituted_adsorbates\MAT_223_O_site1_adsorbed.cif,data\substituted_slabs\MAT_223_110_slab.cif,multiple adsorption site structure
MAT_223,W,0.6,0.4,Ru0.60W0.40Ox,O,2,data\substituted_adsorbates\MAT_223_O_site2_adsorbed.cif,data\substituted_slabs\MAT_223_110_slab.cif,multiple adsorption site structure
MAT_223,W,0.6,0.4,Ru0.60W0.40Ox,O2,0,data\substituted_adsorbates\MAT_223_O2_site0_adsorbed.cif,data\substituted_slabs\MAT_223_110_slab.cif,multiple adsorption site structure
MAT_223,W,0.6,0.4,Ru0.60W0.40Ox,O2,1,data\substituted_adsorbates\MAT_223_O2_site1_adsorbed.cif,data\substituted_slabs\MAT_223_110_slab.cif,multiple adsorption site structure
MAT_223,W,0.6,0.4,Ru0.60W0.40Ox,O2,2,data\substituted_adsorbates\MAT_223_O2_site2_adsorbed.cif,data\substituted_slabs\MAT_223_110_slab.cif,multiple adsorption site structure
MAT_223,W,0.6,0.4,Ru0.60W0.40Ox,N2O,0,data\substituted_adsorbates\MAT_223_N2O_site0_adsorbed.cif,data\substituted_slabs\MAT_223_110_slab.cif,multiple adsorption site structure
MAT_223,W,0.6,0.4,Ru0.60W0.40Ox,N2O,1,data\substituted_adsorbates\MAT_223_N2O_site1_adsorbed.cif,data\substituted_slabs\MAT_223_110_slab.cif,multiple adsorption site structure
MAT_223,W,0.6,0.4,Ru0.60W0.40Ox,N2O,2,data\substituted_adsorbates\MAT_223_N2O_site2_adsorbed.cif,data\substituted_slabs\MAT_223_110_slab.cif,multiple adsorption site structure
MAT_224,W,0.4,0.6,Ru0.40W0.60Ox,O,0,data\substituted_adsorbates\MAT_224_O_site0_adsorbed.cif,data\substituted_slabs\MAT_224_110_slab.cif,multiple adsorption site structure
MAT_224,W,0.4,0.6,Ru0.40W0.60Ox,O,1,data\substituted_adsorbates\MAT_224_O_site1_adsorbed.cif,data\substituted_slabs\MAT_224_110_slab.cif,multiple adsorption site structure
MAT_224,W,0.4,0.6,Ru0.40W0.60Ox,O,2,data\substituted_adsorbates\MAT_224_O_site2_adsorbed.cif,data\substituted_slabs\MAT_224_110_slab.cif,multiple adsorption site structure
MAT_224,W,0.4,0.6,Ru0.40W0.60Ox,O2,0,data\substituted_adsorbates\MAT_224_O2_site0_adsorbed.cif,data\substituted_slabs\MAT_224_110_slab.cif,multiple adsorption site structure
MAT_224,W,0.4,0.6,Ru0.40W0.60Ox,O2,1,data\substituted_adsorbates\MAT_224_O2_site1_adsorbed.cif,data\substituted_slabs\MAT_224_110_slab.cif,multiple adsorption site structure
MAT_224,W,0.4,0.6,Ru0.40W0.60Ox,O2,2,data\substituted_adsorbates\MAT_224_O2_site2_adsorbed.cif,data\substituted_slabs\MAT_224_110_slab.cif,multiple adsorption site structure
MAT_224,W,0.4,0.6,Ru0.40W0.60Ox,N2O,0,data\substituted_adsorbates\MAT_224_N2O_site0_adsorbed.cif,data\substituted_slabs\MAT_224_110_slab.cif,multiple adsorption site structure
MAT_224,W,0.4,0.6,Ru0.40W0.60Ox,N2O,1,data\substituted_adsorbates\MAT_224_N2O_site1_adsorbed.cif,data\substituted_slabs\MAT_224_110_slab.cif,multiple adsorption site structure
MAT_224,W,0.4,0.6,Ru0.40W0.60Ox,N2O,2,data\substituted_adsorbates\MAT_224_N2O_site2_adsorbed.cif,data\substituted_slabs\MAT_224_110_slab.cif,multiple adsorption site structure
MAT_225,W,0.2,0.8,Ru0.20W0.80Ox,O,0,data\substituted_adsorbates\MAT_225_O_site0_adsorbed.cif,data\substituted_slabs\MAT_225_110_slab.cif,multiple adsorption site structure
MAT_225,W,0.2,0.8,Ru0.20W0.80Ox,O,1,data\substituted_adsorbates\MAT_225_O_site1_adsorbed.cif,data\substituted_slabs\MAT_225_110_slab.cif,multiple adsorption site structure
MAT_225,W,0.2,0.8,Ru0.20W0.80Ox,O,2,data\substituted_adsorbates\MAT_225_O_site2_adsorbed.cif,data\substituted_slabs\MAT_225_110_slab.cif,multiple adsorption site structure
MAT_225,W,0.2,0.8,Ru0.20W0.80Ox,O2,0,data\substituted_adsorbates\MAT_225_O2_site0_adsorbed.cif,data\substituted_slabs\MAT_225_110_slab.cif,multiple adsorption site structure
MAT_225,W,0.2,0.8,Ru0.20W0.80Ox,O2,1,data\substituted_adsorbates\MAT_225_O2_site1_adsorbed.cif,data\substituted_slabs\MAT_225_110_slab.cif,multiple adsorption site structure
MAT_225,W,0.2,0.8,Ru0.20W0.80Ox,O2,2,data\substituted_adsorbates\MAT_225_O2_site2_adsorbed.cif,data\substituted_slabs\MAT_225_110_slab.cif,multiple adsorption site structure
MAT_225,W,0.2,0.8,Ru0.20W0.80Ox,N2O,0,data\substituted_adsorbates\MAT_225_N2O_site0_adsorbed.cif,data\substituted_slabs\MAT_225_110_slab.cif,multiple adsorption site structure
MAT_225,W,0.2,0.8,Ru0.20W0.80Ox,N2O,1,data\substituted_adsorbates\MAT_225_N2O_site1_adsorbed.cif,data\substituted_slabs\MAT_225_110_slab.cif,multiple adsorption site structure
MAT_225,W,0.2,0.8,Ru0.20W0.80Ox,N2O,2,data\substituted_adsorbates\MAT_225_N2O_site2_adsorbed.cif,data\substituted_slabs\MAT_225_110_slab.cif,multiple adsorption site structure
MAT_227,Re,0.8,0.1999999999999999,Ru0.80Re0.20Ox,O,0,data\substituted_adsorbates\MAT_227_O_site0_adsorbed.cif,data\substituted_slabs\MAT_227_110_slab.cif,multiple adsorption site structure
MAT_227,Re,0.8,0.1999999999999999,Ru0.80Re0.20Ox,O,1,data\substituted_adsorbates\MAT_227_O_site1_adsorbed.cif,data\substituted_slabs\MAT_227_110_slab.cif,multiple adsorption site structure
MAT_227,Re,0.8,0.1999999999999999,Ru0.80Re0.20Ox,O,2,data\substituted_adsorbates\MAT_227_O_site2_adsorbed.cif,data\substituted_slabs\MAT_227_110_slab.cif,multiple adsorption site structure
MAT_227,Re,0.8,0.1999999999999999,Ru0.80Re0.20Ox,O2,0,data\substituted_adsorbates\MAT_227_O2_site0_adsorbed.cif,data\substituted_slabs\MAT_227_110_slab.cif,multiple adsorption site structure
MAT_227,Re,0.8,0.1999999999999999,Ru0.80Re0.20Ox,O2,1,data\substituted_adsorbates\MAT_227_O2_site1_adsorbed.cif,data\substituted_slabs\MAT_227_110_slab.cif,multiple adsorption site structure
MAT_227,Re,0.8,0.1999999999999999,Ru0.80Re0.20Ox,O2,2,data\substituted_adsorbates\MAT_227_O2_site2_adsorbed.cif,data\substituted_slabs\MAT_227_110_slab.cif,multiple adsorption site structure
MAT_227,Re,0.8,0.1999999999999999,Ru0.80Re0.20Ox,N2O,0,data\substituted_adsorbates\MAT_227_N2O_site0_adsorbed.cif,data\substituted_slabs\MAT_227_110_slab.cif,multiple adsorption site structure
MAT_227,Re,0.8,0.1999999999999999,Ru0.80Re0.20Ox,N2O,1,data\substituted_adsorbates\MAT_227_N2O_site1_adsorbed.cif,data\substituted_slabs\MAT_227_110_slab.cif,multiple adsorption site structure
MAT_227,Re,0.8,0.1999999999999999,Ru0.80Re0.20Ox,N2O,2,data\substituted_adsorbates\MAT_227_N2O_site2_adsorbed.cif,data\substituted_slabs\MAT_227_110_slab.cif,multiple adsorption site structure
MAT_228,Re,0.6,0.4,Ru0.60Re0.40Ox,O,0,data\substituted_adsorbates\MAT_228_O_site0_adsorbed.cif,data\substituted_slabs\MAT_228_110_slab.cif,multiple adsorption site structure
MAT_228,Re,0.6,0.4,Ru0.60Re0.40Ox,O,1,data\substituted_adsorbates\MAT_228_O_site1_adsorbed.cif,data\substituted_slabs\MAT_228_110_slab.cif,multiple adsorption site structure
MAT_228,Re,0.6,0.4,Ru0.60Re0.40Ox,O,2,data\substituted_adsorbates\MAT_228_O_site2_adsorbed.cif,data\substituted_slabs\MAT_228_110_slab.cif,multiple adsorption site structure
MAT_228,Re,0.6,0.4,Ru0.60Re0.40Ox,O2,0,data\substituted_adsorbates\MAT_228_O2_site0_adsorbed.cif,data\substituted_slabs\MAT_228_110_slab.cif,multiple adsorption site structure
MAT_228,Re,0.6,0.4,Ru0.60Re0.40Ox,O2,1,data\substituted_adsorbates\MAT_228_O2_site1_adsorbed.cif,data\substituted_slabs\MAT_228_110_slab.cif,multiple adsorption site structure
MAT_228,Re,0.6,0.4,Ru0.60Re0.40Ox,O2,2,data\substituted_adsorbates\MAT_228_O2_site2_adsorbed.cif,data\substituted_slabs\MAT_228_110_slab.cif,multiple adsorption site structure
MAT_228,Re,0.6,0.4,Ru0.60Re0.40Ox,N2O,0,data\substituted_adsorbates\MAT_228_N2O_site0_adsorbed.cif,data\substituted_slabs\MAT_228_110_slab.cif,multiple adsorption site structure
MAT_228,Re,0.6,0.4,Ru0.60Re0.40Ox,N2O,1,data\substituted_adsorbates\MAT_228_N2O_site1_adsorbed.cif,data\substituted_slabs\MAT_228_110_slab.cif,multiple adsorption site structure
MAT_228,Re,0.6,0.4,Ru0.60Re0.40Ox,N2O,2,data\substituted_adsorbates\MAT_228_N2O_site2_adsorbed.cif,data\substituted_slabs\MAT_228_110_slab.cif,multiple adsorption site structure
MAT_229,Re,0.4,0.6,Ru0.40Re0.60Ox,O,0,data\substituted_adsorbates\MAT_229_O_site0_adsorbed.cif,data\substituted_slabs\MAT_229_110_slab.cif,multiple adsorption site structure
MAT_229,Re,0.4,0.6,Ru0.40Re0.60Ox,O,1,data\substituted_adsorbates\MAT_229_O_site1_adsorbed.cif,data\substituted_slabs\MAT_229_110_slab.cif,multiple adsorption site structure
MAT_229,Re,0.4,0.6,Ru0.40Re0.60Ox,O,2,data\substituted_adsorbates\MAT_229_O_site2_adsorbed.cif,data\substituted_slabs\MAT_229_110_slab.cif,multiple adsorption site structure
MAT_229,Re,0.4,0.6,Ru0.40Re0.60Ox,O2,0,data\substituted_adsorbates\MAT_229_O2_site0_adsorbed.cif,data\substituted_slabs\MAT_229_110_slab.cif,multiple adsorption site structure
MAT_229,Re,0.4,0.6,Ru0.40Re0.60Ox,O2,1,data\substituted_adsorbates\MAT_229_O2_site1_adsorbed.cif,data\substituted_slabs\MAT_229_110_slab.cif,multiple adsorption site structure
MAT_229,Re,0.4,0.6,Ru0.40Re0.60Ox,O2,2,data\substituted_adsorbates\MAT_229_O2_site2_adsorbed.cif,data\substituted_slabs\MAT_229_110_slab.cif,multiple adsorption site structure
MAT_229,Re,0.4,0.6,Ru0.40Re0.60Ox,N2O,0,data\substituted_adsorbates\MAT_229_N2O_site0_adsorbed.cif,data\substituted_slabs\MAT_229_110_slab.cif,multiple adsorption site structure
MAT_229,Re,0.4,0.6,Ru0.40Re0.60Ox,N2O,1,data\substituted_adsorbates\MAT_229_N2O_site1_adsorbed.cif,data\substituted_slabs\MAT_229_110_slab.cif,multiple adsorption site structure
MAT_229,Re,0.4,0.6,Ru0.40Re0.60Ox,N2O,2,data\substituted_adsorbates\MAT_229_N2O_site2_adsorbed.cif,data\substituted_slabs\MAT_229_110_slab.cif,multiple adsorption site structure
MAT_230,Re,0.2,0.8,Ru0.20Re0.80Ox,O,0,data\substituted_adsorbates\MAT_230_O_site0_adsorbed.cif,data\substituted_slabs\MAT_230_110_slab.cif,multiple adsorption site structure
MAT_230,Re,0.2,0.8,Ru0.20Re0.80Ox,O,1,data\substituted_adsorbates\MAT_230_O_site1_adsorbed.cif,data\substituted_slabs\MAT_230_110_slab.cif,multiple adsorption site structure
MAT_230,Re,0.2,0.8,Ru0.20Re0.80Ox,O,2,data\substituted_adsorbates\MAT_230_O_site2_adsorbed.cif,data\substituted_slabs\MAT_230_110_slab.cif,multiple adsorption site structure
MAT_230,Re,0.2,0.8,Ru0.20Re0.80Ox,O2,0,data\substituted_adsorbates\MAT_230_O2_site0_adsorbed.cif,data\substituted_slabs\MAT_230_110_slab.cif,multiple adsorption site structure
MAT_230,Re,0.2,0.8,Ru0.20Re0.80Ox,O2,1,data\substituted_adsorbates\MAT_230_O2_site1_adsorbed.cif,data\substituted_slabs\MAT_230_110_slab.cif,multiple adsorption site structure
MAT_230,Re,0.2,0.8,Ru0.20Re0.80Ox,O2,2,data\substituted_adsorbates\MAT_230_O2_site2_adsorbed.cif,data\substituted_slabs\MAT_230_110_slab.cif,multiple adsorption site structure
MAT_230,Re,0.2,0.8,Ru0.20Re0.80Ox,N2O,0,data\substituted_adsorbates\MAT_230_N2O_site0_adsorbed.cif,data\substituted_slabs\MAT_230_110_slab.cif,multiple adsorption site structure
MAT_230,Re,0.2,0.8,Ru0.20Re0.80Ox,N2O,1,data\substituted_adsorbates\MAT_230_N2O_site1_adsorbed.cif,data\substituted_slabs\MAT_230_110_slab.cif,multiple adsorption site structure
MAT_230,Re,0.2,0.8,Ru0.20Re0.80Ox,N2O,2,data\substituted_adsorbates\MAT_230_N2O_site2_adsorbed.cif,data\substituted_slabs\MAT_230_110_slab.cif,multiple adsorption site structure
MAT_232,Os,0.8,0.1999999999999999,Ru0.80Os0.20Ox,O,0,data\substituted_adsorbates\MAT_232_O_site0_adsorbed.cif,data\substituted_slabs\MAT_232_110_slab.cif,multiple adsorption site structure
MAT_232,Os,0.8,0.1999999999999999,Ru0.80Os0.20Ox,O,1,data\substituted_adsorbates\MAT_232_O_site1_adsorbed.cif,data\substituted_slabs\MAT_232_110_slab.cif,multiple adsorption site structure
MAT_232,Os,0.8,0.1999999999999999,Ru0.80Os0.20Ox,O,2,data\substituted_adsorbates\MAT_232_O_site2_adsorbed.cif,data\substituted_slabs\MAT_232_110_slab.cif,multiple adsorption site structure
MAT_232,Os,0.8,0.1999999999999999,Ru0.80Os0.20Ox,O2,0,data\substituted_adsorbates\MAT_232_O2_site0_adsorbed.cif,data\substituted_slabs\MAT_232_110_slab.cif,multiple adsorption site structure
MAT_232,Os,0.8,0.1999999999999999,Ru0.80Os0.20Ox,O2,1,data\substituted_adsorbates\MAT_232_O2_site1_adsorbed.cif,data\substituted_slabs\MAT_232_110_slab.cif,multiple adsorption site structure
MAT_232,Os,0.8,0.1999999999999999,Ru0.80Os0.20Ox,O2,2,data\substituted_adsorbates\MAT_232_O2_site2_adsorbed.cif,data\substituted_slabs\MAT_232_110_slab.cif,multiple adsorption site structure
MAT_232,Os,0.8,0.1999999999999999,Ru0.80Os0.20Ox,N2O,0,data\substituted_adsorbates\MAT_232_N2O_site0_adsorbed.cif,data\substituted_slabs\MAT_232_110_slab.cif,multiple adsorption site structure
MAT_232,Os,0.8,0.1999999999999999,Ru0.80Os0.20Ox,N2O,1,data\substituted_adsorbates\MAT_232_N2O_site1_adsorbed.cif,data\substituted_slabs\MAT_232_110_slab.cif,multiple adsorption site structure
MAT_232,Os,0.8,0.1999999999999999,Ru0.80Os0.20Ox,N2O,2,data\substituted_adsorbates\MAT_232_N2O_site2_adsorbed.cif,data\substituted_slabs\MAT_232_110_slab.cif,multiple adsorption site structure
MAT_233,Os,0.6,0.4,Ru0.60Os0.40Ox,O,0,data\substituted_adsorbates\MAT_233_O_site0_adsorbed.cif,data\substituted_slabs\MAT_233_110_slab.cif,multiple adsorption site structure
MAT_233,Os,0.6,0.4,Ru0.60Os0.40Ox,O,1,data\substituted_adsorbates\MAT_233_O_site1_adsorbed.cif,data\substituted_slabs\MAT_233_110_slab.cif,multiple adsorption site structure
MAT_233,Os,0.6,0.4,Ru0.60Os0.40Ox,O,2,data\substituted_adsorbates\MAT_233_O_site2_adsorbed.cif,data\substituted_slabs\MAT_233_110_slab.cif,multiple adsorption site structure
MAT_233,Os,0.6,0.4,Ru0.60Os0.40Ox,O2,0,data\substituted_adsorbates\MAT_233_O2_site0_adsorbed.cif,data\substituted_slabs\MAT_233_110_slab.cif,multiple adsorption site structure
MAT_233,Os,0.6,0.4,Ru0.60Os0.40Ox,O2,1,data\substituted_adsorbates\MAT_233_O2_site1_adsorbed.cif,data\substituted_slabs\MAT_233_110_slab.cif,multiple adsorption site structure
MAT_233,Os,0.6,0.4,Ru0.60Os0.40Ox,O2,2,data\substituted_adsorbates\MAT_233_O2_site2_adsorbed.cif,data\substituted_slabs\MAT_233_110_slab.cif,multiple adsorption site structure
MAT_233,Os,0.6,0.4,Ru0.60Os0.40Ox,N2O,0,data\substituted_adsorbates\MAT_233_N2O_site0_adsorbed.cif,data\substituted_slabs\MAT_233_110_slab.cif,multiple adsorption site structure
MAT_233,Os,0.6,0.4,Ru0.60Os0.40Ox,N2O,1,data\substituted_adsorbates\MAT_233_N2O_site1_adsorbed.cif,data\substituted_slabs\MAT_233_110_slab.cif,multiple adsorption site structure
MAT_233,Os,0.6,0.4,Ru0.60Os0.40Ox,N2O,2,data\substituted_adsorbates\MAT_233_N2O_site2_adsorbed.cif,data\substituted_slabs\MAT_233_110_slab.cif,multiple adsorption site structure
MAT_234,Os,0.4,0.6,Ru0.40Os0.60Ox,O,0,data\substituted_adsorbates\MAT_234_O_site0_adsorbed.cif,data\substituted_slabs\MAT_234_110_slab.cif,multiple adsorption site structure
MAT_234,Os,0.4,0.6,Ru0.40Os0.60Ox,O,1,data\substituted_adsorbates\MAT_234_O_site1_adsorbed.cif,data\substituted_slabs\MAT_234_110_slab.cif,multiple adsorption site structure
MAT_234,Os,0.4,0.6,Ru0.40Os0.60Ox,O,2,data\substituted_adsorbates\MAT_234_O_site2_adsorbed.cif,data\substituted_slabs\MAT_234_110_slab.cif,multiple adsorption site structure
MAT_234,Os,0.4,0.6,Ru0.40Os0.60Ox,O2,0,data\substituted_adsorbates\MAT_234_O2_site0_adsorbed.cif,data\substituted_slabs\MAT_234_110_slab.cif,multiple adsorption site structure
MAT_234,Os,0.4,0.6,Ru0.40Os0.60Ox,O2,1,data\substituted_adsorbates\MAT_234_O2_site1_adsorbed.cif,data\substituted_slabs\MAT_234_110_slab.cif,multiple adsorption site structure
MAT_234,Os,0.4,0.6,Ru0.40Os0.60Ox,O2,2,data\substituted_adsorbates\MAT_234_O2_site2_adsorbed.cif,data\substituted_slabs\MAT_234_110_slab.cif,multiple adsorption site structure
MAT_234,Os,0.4,0.6,Ru0.40Os0.60Ox,N2O,0,data\substituted_adsorbates\MAT_234_N2O_site0_adsorbed.cif,data\substituted_slabs\MAT_234_110_slab.cif,multiple adsorption site structure
MAT_234,Os,0.4,0.6,Ru0.40Os0.60Ox,N2O,1,data\substituted_adsorbates\MAT_234_N2O_site1_adsorbed.cif,data\substituted_slabs\MAT_234_110_slab.cif,multiple adsorption site structure
MAT_234,Os,0.4,0.6,Ru0.40Os0.60Ox,N2O,2,data\substituted_adsorbates\MAT_234_N2O_site2_adsorbed.cif,data\substituted_slabs\MAT_234_110_slab.cif,multiple adsorption site structure
MAT_235,Os,0.2,0.8,Ru0.20Os0.80Ox,O,0,data\substituted_adsorbates\MAT_235_O_site0_adsorbed.cif,data\substituted_slabs\MAT_235_110_slab.cif,multiple adsorption site structure
MAT_235,Os,0.2,0.8,Ru0.20Os0.80Ox,O,1,data\substituted_adsorbates\MAT_235_O_site1_adsorbed.cif,data\substituted_slabs\MAT_235_110_slab.cif,multiple adsorption site structure
MAT_235,Os,0.2,0.8,Ru0.20Os0.80Ox,O,2,data\substituted_adsorbates\MAT_235_O_site2_adsorbed.cif,data\substituted_slabs\MAT_235_110_slab.cif,multiple adsorption site structure
MAT_235,Os,0.2,0.8,Ru0.20Os0.80Ox,O2,0,data\substituted_adsorbates\MAT_235_O2_site0_adsorbed.cif,data\substituted_slabs\MAT_235_110_slab.cif,multiple adsorption site structure
MAT_235,Os,0.2,0.8,Ru0.20Os0.80Ox,O2,1,data\substituted_adsorbates\MAT_235_O2_site1_adsorbed.cif,data\substituted_slabs\MAT_235_110_slab.cif,multiple adsorption site structure
MAT_235,Os,0.2,0.8,Ru0.20Os0.80Ox,O2,2,data\substituted_adsorbates\MAT_235_O2_site2_adsorbed.cif,data\substituted_slabs\MAT_235_110_slab.cif,multiple adsorption site structure
MAT_235,Os,0.2,0.8,Ru0.20Os0.80Ox,N2O,0,data\substituted_adsorbates\MAT_235_N2O_site0_adsorbed.cif,data\substituted_slabs\MAT_235_110_slab.cif,multiple adsorption site structure
MAT_235,Os,0.2,0.8,Ru0.20Os0.80Ox,N2O,1,data\substituted_adsorbates\MAT_235_N2O_site1_adsorbed.cif,data\substituted_slabs\MAT_235_110_slab.cif,multiple adsorption site structure
MAT_235,Os,0.2,0.8,Ru0.20Os0.80Ox,N2O,2,data\substituted_adsorbates\MAT_235_N2O_site2_adsorbed.cif,data\substituted_slabs\MAT_235_110_slab.cif,multiple adsorption site structure
MAT_237,Ir,0.8,0.1999999999999999,Ru0.80Ir0.20Ox,O,0,data\substituted_adsorbates\MAT_237_O_site0_adsorbed.cif,data\substituted_slabs\MAT_237_110_slab.cif,multiple adsorption site structure
MAT_237,Ir,0.8,0.1999999999999999,Ru0.80Ir0.20Ox,O,1,data\substituted_adsorbates\MAT_237_O_site1_adsorbed.cif,data\substituted_slabs\MAT_237_110_slab.cif,multiple adsorption site structure
MAT_237,Ir,0.8,0.1999999999999999,Ru0.80Ir0.20Ox,O,2,data\substituted_adsorbates\MAT_237_O_site2_adsorbed.cif,data\substituted_slabs\MAT_237_110_slab.cif,multiple adsorption site structure
MAT_237,Ir,0.8,0.1999999999999999,Ru0.80Ir0.20Ox,O2,0,data\substituted_adsorbates\MAT_237_O2_site0_adsorbed.cif,data\substituted_slabs\MAT_237_110_slab.cif,multiple adsorption site structure
MAT_237,Ir,0.8,0.1999999999999999,Ru0.80Ir0.20Ox,O2,1,data\substituted_adsorbates\MAT_237_O2_site1_adsorbed.cif,data\substituted_slabs\MAT_237_110_slab.cif,multiple adsorption site structure
MAT_237,Ir,0.8,0.1999999999999999,Ru0.80Ir0.20Ox,O2,2,data\substituted_adsorbates\MAT_237_O2_site2_adsorbed.cif,data\substituted_slabs\MAT_237_110_slab.cif,multiple adsorption site structure
MAT_237,Ir,0.8,0.1999999999999999,Ru0.80Ir0.20Ox,N2O,0,data\substituted_adsorbates\MAT_237_N2O_site0_adsorbed.cif,data\substituted_slabs\MAT_237_110_slab.cif,multiple adsorption site structure
MAT_237,Ir,0.8,0.1999999999999999,Ru0.80Ir0.20Ox,N2O,1,data\substituted_adsorbates\MAT_237_N2O_site1_adsorbed.cif,data\substituted_slabs\MAT_237_110_slab.cif,multiple adsorption site structure
MAT_237,Ir,0.8,0.1999999999999999,Ru0.80Ir0.20Ox,N2O,2,data\substituted_adsorbates\MAT_237_N2O_site2_adsorbed.cif,data\substituted_slabs\MAT_237_110_slab.cif,multiple adsorption site structure
MAT_238,Ir,0.6,0.4,Ru0.60Ir0.40Ox,O,0,data\substituted_adsorbates\MAT_238_O_site0_adsorbed.cif,data\substituted_slabs\MAT_238_110_slab.cif,multiple adsorption site structure
MAT_238,Ir,0.6,0.4,Ru0.60Ir0.40Ox,O,1,data\substituted_adsorbates\MAT_238_O_site1_adsorbed.cif,data\substituted_slabs\MAT_238_110_slab.cif,multiple adsorption site structure
MAT_238,Ir,0.6,0.4,Ru0.60Ir0.40Ox,O,2,data\substituted_adsorbates\MAT_238_O_site2_adsorbed.cif,data\substituted_slabs\MAT_238_110_slab.cif,multiple adsorption site structure
MAT_238,Ir,0.6,0.4,Ru0.60Ir0.40Ox,O2,0,data\substituted_adsorbates\MAT_238_O2_site0_adsorbed.cif,data\substituted_slabs\MAT_238_110_slab.cif,multiple adsorption site structure
MAT_238,Ir,0.6,0.4,Ru0.60Ir0.40Ox,O2,1,data\substituted_adsorbates\MAT_238_O2_site1_adsorbed.cif,data\substituted_slabs\MAT_238_110_slab.cif,multiple adsorption site structure
MAT_238,Ir,0.6,0.4,Ru0.60Ir0.40Ox,O2,2,data\substituted_adsorbates\MAT_238_O2_site2_adsorbed.cif,data\substituted_slabs\MAT_238_110_slab.cif,multiple adsorption site structure
MAT_238,Ir,0.6,0.4,Ru0.60Ir0.40Ox,N2O,0,data\substituted_adsorbates\MAT_238_N2O_site0_adsorbed.cif,data\substituted_slabs\MAT_238_110_slab.cif,multiple adsorption site structure
MAT_238,Ir,0.6,0.4,Ru0.60Ir0.40Ox,N2O,1,data\substituted_adsorbates\MAT_238_N2O_site1_adsorbed.cif,data\substituted_slabs\MAT_238_110_slab.cif,multiple adsorption site structure
MAT_238,Ir,0.6,0.4,Ru0.60Ir0.40Ox,N2O,2,data\substituted_adsorbates\MAT_238_N2O_site2_adsorbed.cif,data\substituted_slabs\MAT_238_110_slab.cif,multiple adsorption site structure
MAT_239,Ir,0.4,0.6,Ru0.40Ir0.60Ox,O,0,data\substituted_adsorbates\MAT_239_O_site0_adsorbed.cif,data\substituted_slabs\MAT_239_110_slab.cif,multiple adsorption site structure
MAT_239,Ir,0.4,0.6,Ru0.40Ir0.60Ox,O,1,data\substituted_adsorbates\MAT_239_O_site1_adsorbed.cif,data\substituted_slabs\MAT_239_110_slab.cif,multiple adsorption site structure
MAT_239,Ir,0.4,0.6,Ru0.40Ir0.60Ox,O,2,data\substituted_adsorbates\MAT_239_O_site2_adsorbed.cif,data\substituted_slabs\MAT_239_110_slab.cif,multiple adsorption site structure
MAT_239,Ir,0.4,0.6,Ru0.40Ir0.60Ox,O2,0,data\substituted_adsorbates\MAT_239_O2_site0_adsorbed.cif,data\substituted_slabs\MAT_239_110_slab.cif,multiple adsorption site structure
MAT_239,Ir,0.4,0.6,Ru0.40Ir0.60Ox,O2,1,data\substituted_adsorbates\MAT_239_O2_site1_adsorbed.cif,data\substituted_slabs\MAT_239_110_slab.cif,multiple adsorption site structure
MAT_239,Ir,0.4,0.6,Ru0.40Ir0.60Ox,O2,2,data\substituted_adsorbates\MAT_239_O2_site2_adsorbed.cif,data\substituted_slabs\MAT_239_110_slab.cif,multiple adsorption site structure
MAT_239,Ir,0.4,0.6,Ru0.40Ir0.60Ox,N2O,0,data\substituted_adsorbates\MAT_239_N2O_site0_adsorbed.cif,data\substituted_slabs\MAT_239_110_slab.cif,multiple adsorption site structure
MAT_239,Ir,0.4,0.6,Ru0.40Ir0.60Ox,N2O,1,data\substituted_adsorbates\MAT_239_N2O_site1_adsorbed.cif,data\substituted_slabs\MAT_239_110_slab.cif,multiple adsorption site structure
MAT_239,Ir,0.4,0.6,Ru0.40Ir0.60Ox,N2O,2,data\substituted_adsorbates\MAT_239_N2O_site2_adsorbed.cif,data\substituted_slabs\MAT_239_110_slab.cif,multiple adsorption site structure
MAT_240,Ir,0.2,0.8,Ru0.20Ir0.80Ox,O,0,data\substituted_adsorbates\MAT_240_O_site0_adsorbed.cif,data\substituted_slabs\MAT_240_110_slab.cif,multiple adsorption site structure
MAT_240,Ir,0.2,0.8,Ru0.20Ir0.80Ox,O,1,data\substituted_adsorbates\MAT_240_O_site1_adsorbed.cif,data\substituted_slabs\MAT_240_110_slab.cif,multiple adsorption site structure
MAT_240,Ir,0.2,0.8,Ru0.20Ir0.80Ox,O,2,data\substituted_adsorbates\MAT_240_O_site2_adsorbed.cif,data\substituted_slabs\MAT_240_110_slab.cif,multiple adsorption site structure
MAT_240,Ir,0.2,0.8,Ru0.20Ir0.80Ox,O2,0,data\substituted_adsorbates\MAT_240_O2_site0_adsorbed.cif,data\substituted_slabs\MAT_240_110_slab.cif,multiple adsorption site structure
MAT_240,Ir,0.2,0.8,Ru0.20Ir0.80Ox,O2,1,data\substituted_adsorbates\MAT_240_O2_site1_adsorbed.cif,data\substituted_slabs\MAT_240_110_slab.cif,multiple adsorption site structure
MAT_240,Ir,0.2,0.8,Ru0.20Ir0.80Ox,O2,2,data\substituted_adsorbates\MAT_240_O2_site2_adsorbed.cif,data\substituted_slabs\MAT_240_110_slab.cif,multiple adsorption site structure
MAT_240,Ir,0.2,0.8,Ru0.20Ir0.80Ox,N2O,0,data\substituted_adsorbates\MAT_240_N2O_site0_adsorbed.cif,data\substituted_slabs\MAT_240_110_slab.cif,multiple adsorption site structure
MAT_240,Ir,0.2,0.8,Ru0.20Ir0.80Ox,N2O,1,data\substituted_adsorbates\MAT_240_N2O_site1_adsorbed.cif,data\substituted_slabs\MAT_240_110_slab.cif,multiple adsorption site structure
MAT_240,Ir,0.2,0.8,Ru0.20Ir0.80Ox,N2O,2,data\substituted_adsorbates\MAT_240_N2O_site2_adsorbed.cif,data\substituted_slabs\MAT_240_110_slab.cif,multiple adsorption site structure
MAT_242,Pt,0.8,0.1999999999999999,Ru0.80Pt0.20Ox,O,0,data\substituted_adsorbates\MAT_242_O_site0_adsorbed.cif,data\substituted_slabs\MAT_242_110_slab.cif,multiple adsorption site structure
MAT_242,Pt,0.8,0.1999999999999999,Ru0.80Pt0.20Ox,O,1,data\substituted_adsorbates\MAT_242_O_site1_adsorbed.cif,data\substituted_slabs\MAT_242_110_slab.cif,multiple adsorption site structure
MAT_242,Pt,0.8,0.1999999999999999,Ru0.80Pt0.20Ox,O,2,data\substituted_adsorbates\MAT_242_O_site2_adsorbed.cif,data\substituted_slabs\MAT_242_110_slab.cif,multiple adsorption site structure
MAT_242,Pt,0.8,0.1999999999999999,Ru0.80Pt0.20Ox,O2,0,data\substituted_adsorbates\MAT_242_O2_site0_adsorbed.cif,data\substituted_slabs\MAT_242_110_slab.cif,multiple adsorption site structure
MAT_242,Pt,0.8,0.1999999999999999,Ru0.80Pt0.20Ox,O2,1,data\substituted_adsorbates\MAT_242_O2_site1_adsorbed.cif,data\substituted_slabs\MAT_242_110_slab.cif,multiple adsorption site structure
MAT_242,Pt,0.8,0.1999999999999999,Ru0.80Pt0.20Ox,O2,2,data\substituted_adsorbates\MAT_242_O2_site2_adsorbed.cif,data\substituted_slabs\MAT_242_110_slab.cif,multiple adsorption site structure
MAT_242,Pt,0.8,0.1999999999999999,Ru0.80Pt0.20Ox,N2O,0,data\substituted_adsorbates\MAT_242_N2O_site0_adsorbed.cif,data\substituted_slabs\MAT_242_110_slab.cif,multiple adsorption site structure
MAT_242,Pt,0.8,0.1999999999999999,Ru0.80Pt0.20Ox,N2O,1,data\substituted_adsorbates\MAT_242_N2O_site1_adsorbed.cif,data\substituted_slabs\MAT_242_110_slab.cif,multiple adsorption site structure
MAT_242,Pt,0.8,0.1999999999999999,Ru0.80Pt0.20Ox,N2O,2,data\substituted_adsorbates\MAT_242_N2O_site2_adsorbed.cif,data\substituted_slabs\MAT_242_110_slab.cif,multiple adsorption site structure
MAT_243,Pt,0.6,0.4,Ru0.60Pt0.40Ox,O,0,data\substituted_adsorbates\MAT_243_O_site0_adsorbed.cif,data\substituted_slabs\MAT_243_110_slab.cif,multiple adsorption site structure
MAT_243,Pt,0.6,0.4,Ru0.60Pt0.40Ox,O,1,data\substituted_adsorbates\MAT_243_O_site1_adsorbed.cif,data\substituted_slabs\MAT_243_110_slab.cif,multiple adsorption site structure
MAT_243,Pt,0.6,0.4,Ru0.60Pt0.40Ox,O,2,data\substituted_adsorbates\MAT_243_O_site2_adsorbed.cif,data\substituted_slabs\MAT_243_110_slab.cif,multiple adsorption site structure
MAT_243,Pt,0.6,0.4,Ru0.60Pt0.40Ox,O2,0,data\substituted_adsorbates\MAT_243_O2_site0_adsorbed.cif,data\substituted_slabs\MAT_243_110_slab.cif,multiple adsorption site structure
MAT_243,Pt,0.6,0.4,Ru0.60Pt0.40Ox,O2,1,data\substituted_adsorbates\MAT_243_O2_site1_adsorbed.cif,data\substituted_slabs\MAT_243_110_slab.cif,multiple adsorption site structure
MAT_243,Pt,0.6,0.4,Ru0.60Pt0.40Ox,O2,2,data\substituted_adsorbates\MAT_243_O2_site2_adsorbed.cif,data\substituted_slabs\MAT_243_110_slab.cif,multiple adsorption site structure
MAT_243,Pt,0.6,0.4,Ru0.60Pt0.40Ox,N2O,0,data\substituted_adsorbates\MAT_243_N2O_site0_adsorbed.cif,data\substituted_slabs\MAT_243_110_slab.cif,multiple adsorption site structure
MAT_243,Pt,0.6,0.4,Ru0.60Pt0.40Ox,N2O,1,data\substituted_adsorbates\MAT_243_N2O_site1_adsorbed.cif,data\substituted_slabs\MAT_243_110_slab.cif,multiple adsorption site structure
MAT_243,Pt,0.6,0.4,Ru0.60Pt0.40Ox,N2O,2,data\substituted_adsorbates\MAT_243_N2O_site2_adsorbed.cif,data\substituted_slabs\MAT_243_110_slab.cif,multiple adsorption site structure
MAT_244,Pt,0.4,0.6,Ru0.40Pt0.60Ox,O,0,data\substituted_adsorbates\MAT_244_O_site0_adsorbed.cif,data\substituted_slabs\MAT_244_110_slab.cif,multiple adsorption site structure
MAT_244,Pt,0.4,0.6,Ru0.40Pt0.60Ox,O,1,data\substituted_adsorbates\MAT_244_O_site1_adsorbed.cif,data\substituted_slabs\MAT_244_110_slab.cif,multiple adsorption site structure
MAT_244,Pt,0.4,0.6,Ru0.40Pt0.60Ox,O,2,data\substituted_adsorbates\MAT_244_O_site2_adsorbed.cif,data\substituted_slabs\MAT_244_110_slab.cif,multiple adsorption site structure
MAT_244,Pt,0.4,0.6,Ru0.40Pt0.60Ox,O2,0,data\substituted_adsorbates\MAT_244_O2_site0_adsorbed.cif,data\substituted_slabs\MAT_244_110_slab.cif,multiple adsorption site structure
MAT_244,Pt,0.4,0.6,Ru0.40Pt0.60Ox,O2,1,data\substituted_adsorbates\MAT_244_O2_site1_adsorbed.cif,data\substituted_slabs\MAT_244_110_slab.cif,multiple adsorption site structure
MAT_244,Pt,0.4,0.6,Ru0.40Pt0.60Ox,O2,2,data\substituted_adsorbates\MAT_244_O2_site2_adsorbed.cif,data\substituted_slabs\MAT_244_110_slab.cif,multiple adsorption site structure
MAT_244,Pt,0.4,0.6,Ru0.40Pt0.60Ox,N2O,0,data\substituted_adsorbates\MAT_244_N2O_site0_adsorbed.cif,data\substituted_slabs\MAT_244_110_slab.cif,multiple adsorption site structure
MAT_244,Pt,0.4,0.6,Ru0.40Pt0.60Ox,N2O,1,data\substituted_adsorbates\MAT_244_N2O_site1_adsorbed.cif,data\substituted_slabs\MAT_244_110_slab.cif,multiple adsorption site structure
MAT_244,Pt,0.4,0.6,Ru0.40Pt0.60Ox,N2O,2,data\substituted_adsorbates\MAT_244_N2O_site2_adsorbed.cif,data\substituted_slabs\MAT_244_110_slab.cif,multiple adsorption site structure
MAT_245,Pt,0.2,0.8,Ru0.20Pt0.80Ox,O,0,data\substituted_adsorbates\MAT_245_O_site0_adsorbed.cif,data\substituted_slabs\MAT_245_110_slab.cif,multiple adsorption site structure
MAT_245,Pt,0.2,0.8,Ru0.20Pt0.80Ox,O,1,data\substituted_adsorbates\MAT_245_O_site1_adsorbed.cif,data\substituted_slabs\MAT_245_110_slab.cif,multiple adsorption site structure
MAT_245,Pt,0.2,0.8,Ru0.20Pt0.80Ox,O,2,data\substituted_adsorbates\MAT_245_O_site2_adsorbed.cif,data\substituted_slabs\MAT_245_110_slab.cif,multiple adsorption site structure
MAT_245,Pt,0.2,0.8,Ru0.20Pt0.80Ox,O2,0,data\substituted_adsorbates\MAT_245_O2_site0_adsorbed.cif,data\substituted_slabs\MAT_245_110_slab.cif,multiple adsorption site structure
MAT_245,Pt,0.2,0.8,Ru0.20Pt0.80Ox,O2,1,data\substituted_adsorbates\MAT_245_O2_site1_adsorbed.cif,data\substituted_slabs\MAT_245_110_slab.cif,multiple adsorption site structure
MAT_245,Pt,0.2,0.8,Ru0.20Pt0.80Ox,O2,2,data\substituted_adsorbates\MAT_245_O2_site2_adsorbed.cif,data\substituted_slabs\MAT_245_110_slab.cif,multiple adsorption site structure
MAT_245,Pt,0.2,0.8,Ru0.20Pt0.80Ox,N2O,0,data\substituted_adsorbates\MAT_245_N2O_site0_adsorbed.cif,data\substituted_slabs\MAT_245_110_slab.cif,multiple adsorption site structure
MAT_245,Pt,0.2,0.8,Ru0.20Pt0.80Ox,N2O,1,data\substituted_adsorbates\MAT_245_N2O_site1_adsorbed.cif,data\substituted_slabs\MAT_245_110_slab.cif,multiple adsorption site structure
MAT_245,Pt,0.2,0.8,Ru0.20Pt0.80Ox,N2O,2,data\substituted_adsorbates\MAT_245_N2O_site2_adsorbed.cif,data\substituted_slabs\MAT_245_110_slab.cif,multiple adsorption site structure
