material_id,M_element,Ru_fraction,M_fraction,nominal_formula,vacancy_site_index,removed_atom_index,removed_species,vacancy_structure_file,parent_slab_file,notes
MAT_001,Li,1.0,0.0,RuO2,0,23,O,data\vacancies\MAT_001_vacancy_site0.cif,data\substituted_slabs\MAT_001_110_slab.cif,surface oxygen vacancy generated from highest-z oxygen atoms
MAT_001,Li,1.0,0.0,RuO2,1,19,O,data\vacancies\MAT_001_vacancy_site1.cif,data\substituted_slabs\MAT_001_110_slab.cif,surface oxygen vacancy generated from highest-z oxygen atoms
MAT_001,Li,1.0,0.0,RuO2,2,21,O,data\vacancies\MAT_001_vacancy_site2.cif,data\substituted_slabs\MAT_001_110_slab.cif,surface oxygen vacancy generated from highest-z oxygen atoms
MAT_002,Li,0.8,0.1999999999999999,Ru0.80Li0.20Ox,0,45,O,data\vacancies\MAT_002_vacancy_site0.cif,data\substituted_slabs\MAT_002_110_slab.cif,surface oxygen vacancy generated from highest-z oxygen atoms
MAT_002,Li,0.8,0.1999999999999999,Ru0.80Li0.20Ox,1,37,O,data\vacancies\MAT_002_vacancy_site1.cif,data\substituted_slabs\MAT_002_110_slab.cif,surface oxygen vacancy generated from highest-z oxygen atoms
MAT_002,Li,0.8,0.1999999999999999,Ru0.80Li0.20Ox,2,41,O,data\vacancies\MAT_002_vacancy_site2.cif,data\substituted_slabs\MAT_002_110_slab.cif,surface oxygen vacancy generated from highest-z oxygen atoms
MAT_003,Li,0.6,0.4,Ru0.60Li0.40Ox,0,45,O,data\vacancies\MAT_003_vacancy_site0.cif,data\substituted_slabs\MAT_003_110_slab.cif,surface oxygen vacancy generated from highest-z oxygen atoms
MAT_003,Li,0.6,0.4,Ru0.60Li0.40Ox,1,37,O,data\vacancies\MAT_003_vacancy_site1.cif,data\substituted_slabs\MAT_003_110_slab.cif,surface oxygen vacancy generated from highest-z oxygen atoms
MAT_003,Li,0.6,0.4,Ru0.60Li0.40Ox,2,41,O,data\vacancies\MAT_003_vacancy_site2.cif,data\substituted_slabs\MAT_003_110_slab.cif,surface oxygen vacancy generated from highest-z oxygen atoms
MAT_004,Li,0.4,0.6,Ru0.40Li0.60Ox,0,45,O,data\vacancies\MAT_004_vacancy_site0.cif,data\substituted_slabs\MAT_004_110_slab.cif,surface oxygen vacancy generated from highest-z oxygen atoms
MAT_004,Li,0.4,0.6,Ru0.40Li0.60Ox,1,37,O,data\vacancies\MAT_004_vacancy_site1.cif,data\substituted_slabs\MAT_004_110_slab.cif,surface oxygen vacancy generated from highest-z oxygen atoms
MAT_004,Li,0.4,0.6,Ru0.40Li0.60Ox,2,41,O,data\vacancies\MAT_004_vacancy_site2.cif,data\substituted_slabs\MAT_004_110_slab.cif,surface oxygen vacancy generated from highest-z oxygen atoms
MAT_005,Li,0.2,0.8,Ru0.20Li0.80Ox,0,45,O,data\vacancies\MAT_005_vacancy_site0.cif,data\substituted_slabs\MAT_005_110_slab.cif,surface oxygen vacancy generated from highest-z oxygen atoms
MAT_005,Li,0.2,0.8,Ru0.20Li0.80Ox,1,37,O,data\vacancies\MAT_005_vacancy_site1.cif,data\substituted_slabs\MAT_005_110_slab.cif,surface oxygen vacancy generated from highest-z oxygen atoms
MAT_005,Li,0.2,0.8,Ru0.20Li0.80Ox,2,41,O,data\vacancies\MAT_005_vacancy_site2.cif,data\substituted_slabs\MAT_005_110_slab.cif,surface oxygen vacancy generated from highest-z oxygen atoms
MAT_007,Na,0.8,0.1999999999999999,Ru0.80Na0.20Ox,0,45,O,data\vacancies\MAT_007_vacancy_site0.cif,data\substituted_slabs\MAT_007_110_slab.cif,surface oxygen vacancy generated from highest-z oxygen atoms
MAT_007,Na,0.8,0.1999999999999999,Ru0.80Na0.20Ox,1,37,O,data\vacancies\MAT_007_vacancy_site1.cif,data\substituted_slabs\MAT_007_110_slab.cif,surface oxygen vacancy generated from highest-z oxygen atoms
MAT_007,Na,0.8,0.1999999999999999,Ru0.80Na0.20Ox,2,41,O,data\vacancies\MAT_007_vacancy_site2.cif,data\substituted_slabs\MAT_007_110_slab.cif,surface oxygen vacancy generated from highest-z oxygen atoms
MAT_008,Na,0.6,0.4,Ru0.60Na0.40Ox,0,45,O,data\vacancies\MAT_008_vacancy_site0.cif,data\substituted_slabs\MAT_008_110_slab.cif,surface oxygen vacancy generated from highest-z oxygen atoms
MAT_008,Na,0.6,0.4,Ru0.60Na0.40Ox,1,37,O,data\vacancies\MAT_008_vacancy_site1.cif,data\substituted_slabs\MAT_008_110_slab.cif,surface oxygen vacancy generated from highest-z oxygen atoms
MAT_008,Na,0.6,0.4,Ru0.60Na0.40Ox,2,41,O,data\vacancies\MAT_008_vacancy_site2.cif,data\substituted_slabs\MAT_008_110_slab.cif,surface oxygen vacancy generated from highest-z oxygen atoms
MAT_009,Na,0.4,0.6,Ru0.40Na0.60Ox,0,45,O,data\vacancies\MAT_009_vacancy_site0.cif,data\substituted_slabs\MAT_009_110_slab.cif,surface oxygen vacancy generated from highest-z oxygen atoms
MAT_009,Na,0.4,0.6,Ru0.40Na0.60Ox,1,37,O,data\vacancies\MAT_009_vacancy_site1.cif,data\substituted_slabs\MAT_009_110_slab.cif,surface oxygen vacancy generated from highest-z oxygen atoms
MAT_009,Na,0.4,0.6,Ru0.40Na0.60Ox,2,41,O,data\vacancies\MAT_009_vacancy_site2.cif,data\substituted_slabs\MAT_009_110_slab.cif,surface oxygen vacancy generated from highest-z oxygen atoms
MAT_010,Na,0.2,0.8,Ru0.20Na0.80Ox,0,45,O,data\vacancies\MAT_010_vacancy_site0.cif,data\substituted_slabs\MAT_010_110_slab.cif,surface oxygen vacancy generated from highest-z oxygen atoms
MAT_010,Na,0.2,0.8,Ru0.20Na0.80Ox,1,37,O,data\vacancies\MAT_010_vacancy_site1.cif,data\substituted_slabs\MAT_010_110_slab.cif,surface oxygen vacancy generated from highest-z oxygen atoms
MAT_010,Na,0.2,0.8,Ru0.20Na0.80Ox,2,41,O,data\vacancies\MAT_010_vacancy_site2.cif,data\substituted_slabs\MAT_010_110_slab.cif,surface oxygen vacancy generated from highest-z oxygen atoms
MAT_012,Mg,0.8,0.1999999999999999,Ru0.80Mg0.20Ox,0,45,O,data\vacancies\MAT_012_vacancy_site0.cif,data\substituted_slabs\MAT_012_110_slab.cif,surface oxygen vacancy generated from highest-z oxygen atoms
MAT_012,Mg,0.8,0.1999999999999999,Ru0.80Mg0.20Ox,1,37,O,data\vacancies\MAT_012_vacancy_site1.cif,data\substituted_slabs\MAT_012_110_slab.cif,surface oxygen vacancy generated from highest-z oxygen atoms
MAT_012,Mg,0.8,0.1999999999999999,Ru0.80Mg0.20Ox,2,41,O,data\vacancies\MAT_012_vacancy_site2.cif,data\substituted_slabs\MAT_012_110_slab.cif,surface oxygen vacancy generated from highest-z oxygen atoms
MAT_013,Mg,0.6,0.4,Ru0.60Mg0.40Ox,0,45,O,data\vacancies\MAT_013_vacancy_site0.cif,data\substituted_slabs\MAT_013_110_slab.cif,surface oxygen vacancy generated from highest-z oxygen atoms
MAT_013,Mg,0.6,0.4,Ru0.60Mg0.40Ox,1,37,O,data\vacancies\MAT_013_vacancy_site1.cif,data\substituted_slabs\MAT_013_110_slab.cif,surface oxygen vacancy generated from highest-z oxygen atoms
MAT_013,Mg,0.6,0.4,Ru0.60Mg0.40Ox,2,41,O,data\vacancies\MAT_013_vacancy_site2.cif,data\substituted_slabs\MAT_013_110_slab.cif,surface oxygen vacancy generated from highest-z oxygen atoms
MAT_014,Mg,0.4,0.6,Ru0.40Mg0.60Ox,0,45,O,data\vacancies\MAT_014_vacancy_site0.cif,data\substituted_slabs\MAT_014_110_slab.cif,surface oxygen vacancy generated from highest-z oxygen atoms
MAT_014,Mg,0.4,0.6,Ru0.40Mg0.60Ox,1,37,O,data\vacancies\MAT_014_vacancy_site1.cif,data\substituted_slabs\MAT_014_110_slab.cif,surface oxygen vacancy generated from highest-z oxygen atoms
MAT_014,Mg,0.4,0.6,Ru0.40Mg0.60Ox,2,41,O,data\vacancies\MAT_014_vacancy_site2.cif,data\substituted_slabs\MAT_014_110_slab.cif,surface oxygen vacancy generated from highest-z oxygen atoms
MAT_015,Mg,0.2,0.8,Ru0.20Mg0.80Ox,0,45,O,data\vacancies\MAT_015_vacancy_site0.cif,data\substituted_slabs\MAT_015_110_slab.cif,surface oxygen vacancy generated from highest-z oxygen atoms
MAT_015,Mg,0.2,0.8,Ru0.20Mg0.80Ox,1,37,O,data\vacancies\MAT_015_vacancy_site1.cif,data\substituted_slabs\MAT_015_110_slab.cif,surface oxygen vacancy generated from highest-z oxygen atoms
MAT_015,Mg,0.2,0.8,Ru0.20Mg0.80Ox,2,41,O,data\vacancies\MAT_015_vacancy_site2.cif,data\substituted_slabs\MAT_015_110_slab.cif,surface oxygen vacancy generated from highest-z oxygen atoms
MAT_017,Al,0.8,0.1999999999999999,Ru0.80Al0.20Ox,0,45,O,data\vacancies\MAT_017_vacancy_site0.cif,data\substituted_slabs\MAT_017_110_slab.cif,surface oxygen vacancy generated from highest-z oxygen atoms
MAT_017,Al,0.8,0.1999999999999999,Ru0.80Al0.20Ox,1,37,O,data\vacancies\MAT_017_vacancy_site1.cif,data\substituted_slabs\MAT_017_110_slab.cif,surface oxygen vacancy generated from highest-z oxygen atoms
MAT_017,Al,0.8,0.1999999999999999,Ru0.80Al0.20Ox,2,41,O,data\vacancies\MAT_017_vacancy_site2.cif,data\substituted_slabs\MAT_017_110_slab.cif,surface oxygen vacancy generated from highest-z oxygen atoms
MAT_018,Al,0.6,0.4,Ru0.60Al0.40Ox,0,45,O,data\vacancies\MAT_018_vacancy_site0.cif,data\substituted_slabs\MAT_018_110_slab.cif,surface oxygen vacancy generated from highest-z oxygen atoms
MAT_018,Al,0.6,0.4,Ru0.60Al0.40Ox,1,37,O,data\vacancies\MAT_018_vacancy_site1.cif,data\substituted_slabs\MAT_018_110_slab.cif,surface oxygen vacancy generated from highest-z oxygen atoms
MAT_018,Al,0.6,0.4,Ru0.60Al0.40Ox,2,41,O,data\vacancies\MAT_018_vacancy_site2.cif,data\substituted_slabs\MAT_018_110_slab.cif,surface oxygen vacancy generated from highest-z oxygen atoms
MAT_019,Al,0.4,0.6,Ru0.40Al0.60Ox,0,45,O,data\vacancies\MAT_019_vacancy_site0.cif,data\substituted_slabs\MAT_019_110_slab.cif,surface oxygen vacancy generated from highest-z oxygen atoms
MAT_019,Al,0.4,0.6,Ru0.40Al0.60Ox,1,37,O,data\vacancies\MAT_019_vacancy_site1.cif,data\substituted_slabs\MAT_019_110_slab.cif,surface oxygen vacancy generated from highest-z oxygen atoms
MAT_019,Al,0.4,0.6,Ru0.40Al0.60Ox,2,41,O,data\vacancies\MAT_019_vacancy_site2.cif,data\substituted_slabs\MAT_019_110_slab.cif,surface oxygen vacancy generated from highest-z oxygen atoms
MAT_020,Al,0.2,0.8,Ru0.20Al0.80Ox,0,45,O,data\vacancies\MAT_020_vacancy_site0.cif,data\substituted_slabs\MAT_020_110_slab.cif,surface oxygen vacancy generated from highest-z oxygen atoms
MAT_020,Al,0.2,0.8,Ru0.20Al0.80Ox,1,37,O,data\vacancies\MAT_020_vacancy_site1.cif,data\substituted_slabs\MAT_020_110_slab.cif,surface oxygen vacancy generated from highest-z oxygen atoms
MAT_020,Al,0.2,0.8,Ru0.20Al0.80Ox,2,41,O,data\vacancies\MAT_020_vacancy_site2.cif,data\substituted_slabs\MAT_020_110_slab.cif,surface oxygen vacancy generated from highest-z oxygen atoms
MAT_022,Si,0.8,0.1999999999999999,Ru0.80Si0.20Ox,0,45,O,data\vacancies\MAT_022_vacancy_site0.cif,data\substituted_slabs\MAT_022_110_slab.cif,surface oxygen vacancy generated from highest-z oxygen atoms
MAT_022,Si,0.8,0.1999999999999999,Ru0.80Si0.20Ox,1,37,O,data\vacancies\MAT_022_vacancy_site1.cif,data\substituted_slabs\MAT_022_110_slab.cif,surface oxygen vacancy generated from highest-z oxygen atoms
MAT_022,Si,0.8,0.1999999999999999,Ru0.80Si0.20Ox,2,41,O,data\vacancies\MAT_022_vacancy_site2.cif,data\substituted_slabs\MAT_022_110_slab.cif,surface oxygen vacancy generated from highest-z oxygen atoms
MAT_023,Si,0.6,0.4,Ru0.60Si0.40Ox,0,45,O,data\vacancies\MAT_023_vacancy_site0.cif,data\substituted_slabs\MAT_023_110_slab.cif,surface oxygen vacancy generated from highest-z oxygen atoms
MAT_023,Si,0.6,0.4,Ru0.60Si0.40Ox,1,37,O,data\vacancies\MAT_023_vacancy_site1.cif,data\substituted_slabs\MAT_023_110_slab.cif,surface oxygen vacancy generated from highest-z oxygen atoms
MAT_023,Si,0.6,0.4,Ru0.60Si0.40Ox,2,41,O,data\vacancies\MAT_023_vacancy_site2.cif,data\substituted_slabs\MAT_023_110_slab.cif,surface oxygen vacancy generated from highest-z oxygen atoms
MAT_024,Si,0.4,0.6,Ru0.40Si0.60Ox,0,45,O,data\vacancies\MAT_024_vacancy_site0.cif,data\substituted_slabs\MAT_024_110_slab.cif,surface oxygen vacancy generated from highest-z oxygen atoms
MAT_024,Si,0.4,0.6,Ru0.40Si0.60Ox,1,37,O,data\vacancies\MAT_024_vacancy_site1.cif,data\substituted_slabs\MAT_024_110_slab.cif,surface oxygen vacancy generated from highest-z oxygen atoms
MAT_024,Si,0.4,0.6,Ru0.40Si0.60Ox,2,41,O,data\vacancies\MAT_024_vacancy_site2.cif,data\substituted_slabs\MAT_024_110_slab.cif,surface oxygen vacancy generated from highest-z oxygen atoms
MAT_025,Si,0.2,0.8,Ru0.20Si0.80Ox,0,45,O,data\vacancies\MAT_025_vacancy_site0.cif,data\substituted_slabs\MAT_025_110_slab.cif,surface oxygen vacancy generated from highest-z oxygen atoms
MAT_025,Si,0.2,0.8,Ru0.20Si0.80Ox,1,37,O,data\vacancies\MAT_025_vacancy_site1.cif,data\substituted_slabs\MAT_025_110_slab.cif,surface oxygen vacancy generated from highest-z oxygen atoms
MAT_025,Si,0.2,0.8,Ru0.20Si0.80Ox,2,41,O,data\vacancies\MAT_025_vacancy_site2.cif,data\substituted_slabs\MAT_025_110_slab.cif,surface oxygen vacancy generated from highest-z oxygen atoms
MAT_027,K,0.8,0.1999999999999999,Ru0.80K0.20Ox,0,45,O,data\vacancies\MAT_027_vacancy_site0.cif,data\substituted_slabs\MAT_027_110_slab.cif,surface oxygen vacancy generated from highest-z oxygen atoms
MAT_027,K,0.8,0.1999999999999999,Ru0.80K0.20Ox,1,37,O,data\vacancies\MAT_027_vacancy_site1.cif,data\substituted_slabs\MAT_027_110_slab.cif,surface oxygen vacancy generated from highest-z oxygen atoms
MAT_027,K,0.8,0.1999999999999999,Ru0.80K0.20Ox,2,41,O,data\vacancies\MAT_027_vacancy_site2.cif,data\substituted_slabs\MAT_027_110_slab.cif,surface oxygen vacancy generated from highest-z oxygen atoms
MAT_028,K,0.6,0.4,Ru0.60K0.40Ox,0,45,O,data\vacancies\MAT_028_vacancy_site0.cif,data\substituted_slabs\MAT_028_110_slab.cif,surface oxygen vacancy generated from highest-z oxygen atoms
MAT_028,K,0.6,0.4,Ru0.60K0.40Ox,1,37,O,data\vacancies\MAT_028_vacancy_site1.cif,data\substituted_slabs\MAT_028_110_slab.cif,surface oxygen vacancy generated from highest-z oxygen atoms
MAT_028,K,0.6,0.4,Ru0.60K0.40Ox,2,41,O,data\vacancies\MAT_028_vacancy_site2.cif,data\substituted_slabs\MAT_028_110_slab.cif,surface oxygen vacancy generated from highest-z oxygen atoms
MAT_029,K,0.4,0.6,Ru0.40K0.60Ox,0,45,O,data\vacancies\MAT_029_vacancy_site0.cif,data\substituted_slabs\MAT_029_110_slab.cif,surface oxygen vacancy generated from highest-z oxygen atoms
MAT_029,K,0.4,0.6,Ru0.40K0.60Ox,1,37,O,data\vacancies\MAT_029_vacancy_site1.cif,data\substituted_slabs\MAT_029_110_slab.cif,surface oxygen vacancy generated from highest-z oxygen atoms
MAT_029,K,0.4,0.6,Ru0.40K0.60Ox,2,41,O,data\vacancies\MAT_029_vacancy_site2.cif,data\substituted_slabs\MAT_029_110_slab.cif,surface oxygen vacancy generated from highest-z oxygen atoms
MAT_030,K,0.2,0.8,Ru0.20K0.80Ox,0,45,O,data\vacancies\MAT_030_vacancy_site0.cif,data\substituted_slabs\MAT_030_110_slab.cif,surface oxygen vacancy generated from highest-z oxygen atoms
MAT_030,K,0.2,0.8,Ru0.20K0.80Ox,1,37,O,data\vacancies\MAT_030_vacancy_site1.cif,data\substituted_slabs\MAT_030_110_slab.cif,surface oxygen vacancy generated from highest-z oxygen atoms
MAT_030,K,0.2,0.8,Ru0.20K0.80Ox,2,41,O,data\vacancies\MAT_030_vacancy_site2.cif,data\substituted_slabs\MAT_030_110_slab.cif,surface oxygen vacancy generated from highest-z oxygen atoms
MAT_032,Ca,0.8,0.1999999999999999,Ru0.80Ca0.20Ox,0,45,O,data\vacancies\MAT_032_vacancy_site0.cif,data\substituted_slabs\MAT_032_110_slab.cif,surface oxygen vacancy generated from highest-z oxygen atoms
MAT_032,Ca,0.8,0.1999999999999999,Ru0.80Ca0.20Ox,1,37,O,data\vacancies\MAT_032_vacancy_site1.cif,data\substituted_slabs\MAT_032_110_slab.cif,surface oxygen vacancy generated from highest-z oxygen atoms
MAT_032,Ca,0.8,0.1999999999999999,Ru0.80Ca0.20Ox,2,41,O,data\vacancies\MAT_032_vacancy_site2.cif,data\substituted_slabs\MAT_032_110_slab.cif,surface oxygen vacancy generated from highest-z oxygen atoms
MAT_033,Ca,0.6,0.4,Ru0.60Ca0.40Ox,0,45,O,data\vacancies\MAT_033_vacancy_site0.cif,data\substituted_slabs\MAT_033_110_slab.cif,surface oxygen vacancy generated from highest-z oxygen atoms
MAT_033,Ca,0.6,0.4,Ru0.60Ca0.40Ox,1,37,O,data\vacancies\MAT_033_vacancy_site1.cif,data\substituted_slabs\MAT_033_110_slab.cif,surface oxygen vacancy generated from highest-z oxygen atoms
MAT_033,Ca,0.6,0.4,Ru0.60Ca0.40Ox,2,41,O,data\vacancies\MAT_033_vacancy_site2.cif,data\substituted_slabs\MAT_033_110_slab.cif,surface oxygen vacancy generated from highest-z oxygen atoms
MAT_034,Ca,0.4,0.6,Ru0.40Ca0.60Ox,0,45,O,data\vacancies\MAT_034_vacancy_site0.cif,data\substituted_slabs\MAT_034_110_slab.cif,surface oxygen vacancy generated from highest-z oxygen atoms
MAT_034,Ca,0.4,0.6,Ru0.40Ca0.60Ox,1,37,O,data\vacancies\MAT_034_vacancy_site1.cif,data\substituted_slabs\MAT_034_110_slab.cif,surface oxygen vacancy generated from highest-z oxygen atoms
MAT_034,Ca,0.4,0.6,Ru0.40Ca0.60Ox,2,41,O,data\vacancies\MAT_034_vacancy_site2.cif,data\substituted_slabs\MAT_034_110_slab.cif,surface oxygen vacancy generated from highest-z oxygen atoms
MAT_035,Ca,0.2,0.8,Ru0.20Ca0.80Ox,0,45,O,data\vacancies\MAT_035_vacancy_site0.cif,data\substituted_slabs\MAT_035_110_slab.cif,surface oxygen vacancy generated from highest-z oxygen atoms
MAT_035,Ca,0.2,0.8,Ru0.20Ca0.80Ox,1,37,O,data\vacancies\MAT_035_vacancy_site1.cif,data\substituted_slabs\MAT_035_110_slab.cif,surface oxygen vacancy generated from highest-z oxygen atoms
MAT_035,Ca,0.2,0.8,Ru0.20Ca0.80Ox,2,41,O,data\vacancies\MAT_035_vacancy_site2.cif,data\substituted_slabs\MAT_035_110_slab.cif,surface oxygen vacancy generated from highest-z oxygen atoms
MAT_037,Sc,0.8,0.1999999999999999,Ru0.80Sc0.20Ox,0,45,O,data\vacancies\MAT_037_vacancy_site0.cif,data\substituted_slabs\MAT_037_110_slab.cif,surface oxygen vacancy generated from highest-z oxygen atoms
MAT_037,Sc,0.8,0.1999999999999999,Ru0.80Sc0.20Ox,1,37,O,data\vacancies\MAT_037_vacancy_site1.cif,data\substituted_slabs\MAT_037_110_slab.cif,surface oxygen vacancy generated from highest-z oxygen atoms
MAT_037,Sc,0.8,0.1999999999999999,Ru0.80Sc0.20Ox,2,41,O,data\vacancies\MAT_037_vacancy_site2.cif,data\substituted_slabs\MAT_037_110_slab.cif,surface oxygen vacancy generated from highest-z oxygen atoms
MAT_038,Sc,0.6,0.4,Ru0.60Sc0.40Ox,0,45,O,data\vacancies\MAT_038_vacancy_site0.cif,data\substituted_slabs\MAT_038_110_slab.cif,surface oxygen vacancy generated from highest-z oxygen atoms
MAT_038,Sc,0.6,0.4,Ru0.60Sc0.40Ox,1,37,O,data\vacancies\MAT_038_vacancy_site1.cif,data\substituted_slabs\MAT_038_110_slab.cif,surface oxygen vacancy generated from highest-z oxygen atoms
MAT_038,Sc,0.6,0.4,Ru0.60Sc0.40Ox,2,41,O,data\vacancies\MAT_038_vacancy_site2.cif,data\substituted_slabs\MAT_038_110_slab.cif,surface oxygen vacancy generated from highest-z oxygen atoms
MAT_039,Sc,0.4,0.6,Ru0.40Sc0.60Ox,0,45,O,data\vacancies\MAT_039_vacancy_site0.cif,data\substituted_slabs\MAT_039_110_slab.cif,surface oxygen vacancy generated from highest-z oxygen atoms
MAT_039,Sc,0.4,0.6,Ru0.40Sc0.60Ox,1,37,O,data\vacancies\MAT_039_vacancy_site1.cif,data\substituted_slabs\MAT_039_110_slab.cif,surface oxygen vacancy generated from highest-z oxygen atoms
MAT_039,Sc,0.4,0.6,Ru0.40Sc0.60Ox,2,41,O,data\vacancies\MAT_039_vacancy_site2.cif,data\substituted_slabs\MAT_039_110_slab.cif,surface oxygen vacancy generated from highest-z oxygen atoms
MAT_040,Sc,0.2,0.8,Ru0.20Sc0.80Ox,0,45,O,data\vacancies\MAT_040_vacancy_site0.cif,data\substituted_slabs\MAT_040_110_slab.cif,surface oxygen vacancy generated from highest-z oxygen atoms
MAT_040,Sc,0.2,0.8,Ru0.20Sc0.80Ox,1,37,O,data\vacancies\MAT_040_vacancy_site1.cif,data\substituted_slabs\MAT_040_110_slab.cif,surface oxygen vacancy generated from highest-z oxygen atoms
MAT_040,Sc,0.2,0.8,Ru0.20Sc0.80Ox,2,41,O,data\vacancies\MAT_040_vacancy_site2.cif,data\substituted_slabs\MAT_040_110_slab.cif,surface oxygen vacancy generated from highest-z oxygen atoms
MAT_042,Ti,0.8,0.1999999999999999,Ru0.80Ti0.20Ox,0,45,O,data\vacancies\MAT_042_vacancy_site0.cif,data\substituted_slabs\MAT_042_110_slab.cif,surface oxygen vacancy generated from highest-z oxygen atoms
MAT_042,Ti,0.8,0.1999999999999999,Ru0.80Ti0.20Ox,1,37,O,data\vacancies\MAT_042_vacancy_site1.cif,data\substituted_slabs\MAT_042_110_slab.cif,surface oxygen vacancy generated from highest-z oxygen atoms
MAT_042,Ti,0.8,0.1999999999999999,Ru0.80Ti0.20Ox,2,41,O,data\vacancies\MAT_042_vacancy_site2.cif,data\substituted_slabs\MAT_042_110_slab.cif,surface oxygen vacancy generated from highest-z oxygen atoms
MAT_043,Ti,0.6,0.4,Ru0.60Ti0.40Ox,0,45,O,data\vacancies\MAT_043_vacancy_site0.cif,data\substituted_slabs\MAT_043_110_slab.cif,surface oxygen vacancy generated from highest-z oxygen atoms
MAT_043,Ti,0.6,0.4,Ru0.60Ti0.40Ox,1,37,O,data\vacancies\MAT_043_vacancy_site1.cif,data\substituted_slabs\MAT_043_110_slab.cif,surface oxygen vacancy generated from highest-z oxygen atoms
MAT_043,Ti,0.6,0.4,Ru0.60Ti0.40Ox,2,41,O,data\vacancies\MAT_043_vacancy_site2.cif,data\substituted_slabs\MAT_043_110_slab.cif,surface oxygen vacancy generated from highest-z oxygen atoms
MAT_044,Ti,0.4,0.6,Ru0.40Ti0.60Ox,0,45,O,data\vacancies\MAT_044_vacancy_site0.cif,data\substituted_slabs\MAT_044_110_slab.cif,surface oxygen vacancy generated from highest-z oxygen atoms
MAT_044,Ti,0.4,0.6,Ru0.40Ti0.60Ox,1,37,O,data\vacancies\MAT_044_vacancy_site1.cif,data\substituted_slabs\MAT_044_110_slab.cif,surface oxygen vacancy generated from highest-z oxygen atoms
MAT_044,Ti,0.4,0.6,Ru0.40Ti0.60Ox,2,41,O,data\vacancies\MAT_044_vacancy_site2.cif,data\substituted_slabs\MAT_044_110_slab.cif,surface oxygen vacancy generated from highest-z oxygen atoms
MAT_045,Ti,0.2,0.8,Ru0.20Ti0.80Ox,0,45,O,data\vacancies\MAT_045_vacancy_site0.cif,data\substituted_slabs\MAT_045_110_slab.cif,surface oxygen vacancy generated from highest-z oxygen atoms
MAT_045,Ti,0.2,0.8,Ru0.20Ti0.80Ox,1,37,O,data\vacancies\MAT_045_vacancy_site1.cif,data\substituted_slabs\MAT_045_110_slab.cif,surface oxygen vacancy generated from highest-z oxygen atoms
MAT_045,Ti,0.2,0.8,Ru0.20Ti0.80Ox,2,41,O,data\vacancies\MAT_045_vacancy_site2.cif,data\substituted_slabs\MAT_045_110_slab.cif,surface oxygen vacancy generated from highest-z oxygen atoms
MAT_047,V,0.8,0.1999999999999999,Ru0.80V0.20Ox,0,45,O,data\vacancies\MAT_047_vacancy_site0.cif,data\substituted_slabs\MAT_047_110_slab.cif,surface oxygen vacancy generated from highest-z oxygen atoms
MAT_047,V,0.8,0.1999999999999999,Ru0.80V0.20Ox,1,37,O,data\vacancies\MAT_047_vacancy_site1.cif,data\substituted_slabs\MAT_047_110_slab.cif,surface oxygen vacancy generated from highest-z oxygen atoms
MAT_047,V,0.8,0.1999999999999999,Ru0.80V0.20Ox,2,41,O,data\vacancies\MAT_047_vacancy_site2.cif,data\substituted_slabs\MAT_047_110_slab.cif,surface oxygen vacancy generated from highest-z oxygen atoms
MAT_048,V,0.6,0.4,Ru0.60V0.40Ox,0,45,O,data\vacancies\MAT_048_vacancy_site0.cif,data\substituted_slabs\MAT_048_110_slab.cif,surface oxygen vacancy generated from highest-z oxygen atoms
MAT_048,V,0.6,0.4,Ru0.60V0.40Ox,1,37,O,data\vacancies\MAT_048_vacancy_site1.cif,data\substituted_slabs\MAT_048_110_slab.cif,surface oxygen vacancy generated from highest-z oxygen atoms
MAT_048,V,0.6,0.4,Ru0.60V0.40Ox,2,41,O,data\vacancies\MAT_048_vacancy_site2.cif,data\substituted_slabs\MAT_048_110_slab.cif,surface oxygen vacancy generated from highest-z oxygen atoms
MAT_049,V,0.4,0.6,Ru0.40V0.60Ox,0,45,O,data\vacancies\MAT_049_vacancy_site0.cif,data\substituted_slabs\MAT_049_110_slab.cif,surface oxygen vacancy generated from highest-z oxygen atoms
MAT_049,V,0.4,0.6,Ru0.40V0.60Ox,1,37,O,data\vacancies\MAT_049_vacancy_site1.cif,data\substituted_slabs\MAT_049_110_slab.cif,surface oxygen vacancy generated from highest-z oxygen atoms
MAT_049,V,0.4,0.6,Ru0.40V0.60Ox,2,41,O,data\vacancies\MAT_049_vacancy_site2.cif,data\substituted_slabs\MAT_049_110_slab.cif,surface oxygen vacancy generated from highest-z oxygen atoms
MAT_050,V,0.2,0.8,Ru0.20V0.80Ox,0,45,O,data\vacancies\MAT_050_vacancy_site0.cif,data\substituted_slabs\MAT_050_110_slab.cif,surface oxygen vacancy generated from highest-z oxygen atoms
MAT_050,V,0.2,0.8,Ru0.20V0.80Ox,1,37,O,data\vacancies\MAT_050_vacancy_site1.cif,data\substituted_slabs\MAT_050_110_slab.cif,surface oxygen vacancy generated from highest-z oxygen atoms
MAT_050,V,0.2,0.8,Ru0.20V0.80Ox,2,41,O,data\vacancies\MAT_050_vacancy_site2.cif,data\substituted_slabs\MAT_050_110_slab.cif,surface oxygen vacancy generated from highest-z oxygen atoms
MAT_052,Cr,0.8,0.1999999999999999,Ru0.80Cr0.20Ox,0,45,O,data\vacancies\MAT_052_vacancy_site0.cif,data\substituted_slabs\MAT_052_110_slab.cif,surface oxygen vacancy generated from highest-z oxygen atoms
MAT_052,Cr,0.8,0.1999999999999999,Ru0.80Cr0.20Ox,1,37,O,data\vacancies\MAT_052_vacancy_site1.cif,data\substituted_slabs\MAT_052_110_slab.cif,surface oxygen vacancy generated from highest-z oxygen atoms
MAT_052,Cr,0.8,0.1999999999999999,Ru0.80Cr0.20Ox,2,41,O,data\vacancies\MAT_052_vacancy_site2.cif,data\substituted_slabs\MAT_052_110_slab.cif,surface oxygen vacancy generated from highest-z oxygen atoms
MAT_053,Cr,0.6,0.4,Ru0.60Cr0.40Ox,0,45,O,data\vacancies\MAT_053_vacancy_site0.cif,data\substituted_slabs\MAT_053_110_slab.cif,surface oxygen vacancy generated from highest-z oxygen atoms
MAT_053,Cr,0.6,0.4,Ru0.60Cr0.40Ox,1,37,O,data\vacancies\MAT_053_vacancy_site1.cif,data\substituted_slabs\MAT_053_110_slab.cif,surface oxygen vacancy generated from highest-z oxygen atoms
MAT_053,Cr,0.6,0.4,Ru0.60Cr0.40Ox,2,41,O,data\vacancies\MAT_053_vacancy_site2.cif,data\substituted_slabs\MAT_053_110_slab.cif,surface oxygen vacancy generated from highest-z oxygen atoms
MAT_054,Cr,0.4,0.6,Ru0.40Cr0.60Ox,0,45,O,data\vacancies\MAT_054_vacancy_site0.cif,data\substituted_slabs\MAT_054_110_slab.cif,surface oxygen vacancy generated from highest-z oxygen atoms
MAT_054,Cr,0.4,0.6,Ru0.40Cr0.60Ox,1,37,O,data\vacancies\MAT_054_vacancy_site1.cif,data\substituted_slabs\MAT_054_110_slab.cif,surface oxygen vacancy generated from highest-z oxygen atoms
MAT_054,Cr,0.4,0.6,Ru0.40Cr0.60Ox,2,41,O,data\vacancies\MAT_054_vacancy_site2.cif,data\substituted_slabs\MAT_054_110_slab.cif,surface oxygen vacancy generated from highest-z oxygen atoms
MAT_055,Cr,0.2,0.8,Ru0.20Cr0.80Ox,0,45,O,data\vacancies\MAT_055_vacancy_site0.cif,data\substituted_slabs\MAT_055_110_slab.cif,surface oxygen vacancy generated from highest-z oxygen atoms
MAT_055,Cr,0.2,0.8,Ru0.20Cr0.80Ox,1,37,O,data\vacancies\MAT_055_vacancy_site1.cif,data\substituted_slabs\MAT_055_110_slab.cif,surface oxygen vacancy generated from highest-z oxygen atoms
MAT_055,Cr,0.2,0.8,Ru0.20Cr0.80Ox,2,41,O,data\vacancies\MAT_055_vacancy_site2.cif,data\substituted_slabs\MAT_055_110_slab.cif,surface oxygen vacancy generated from highest-z oxygen atoms
MAT_057,Mn,0.8,0.1999999999999999,Ru0.80Mn0.20Ox,0,45,O,data\vacancies\MAT_057_vacancy_site0.cif,data\substituted_slabs\MAT_057_110_slab.cif,surface oxygen vacancy generated from highest-z oxygen atoms
MAT_057,Mn,0.8,0.1999999999999999,Ru0.80Mn0.20Ox,1,37,O,data\vacancies\MAT_057_vacancy_site1.cif,data\substituted_slabs\MAT_057_110_slab.cif,surface oxygen vacancy generated from highest-z oxygen atoms
MAT_057,Mn,0.8,0.1999999999999999,Ru0.80Mn0.20Ox,2,41,O,data\vacancies\MAT_057_vacancy_site2.cif,data\substituted_slabs\MAT_057_110_slab.cif,surface oxygen vacancy generated from highest-z oxygen atoms
MAT_058,Mn,0.6,0.4,Ru0.60Mn0.40Ox,0,45,O,data\vacancies\MAT_058_vacancy_site0.cif,data\substituted_slabs\MAT_058_110_slab.cif,surface oxygen vacancy generated from highest-z oxygen atoms
MAT_058,Mn,0.6,0.4,Ru0.60Mn0.40Ox,1,37,O,data\vacancies\MAT_058_vacancy_site1.cif,data\substituted_slabs\MAT_058_110_slab.cif,surface oxygen vacancy generated from highest-z oxygen atoms
MAT_058,Mn,0.6,0.4,Ru0.60Mn0.40Ox,2,41,O,data\vacancies\MAT_058_vacancy_site2.cif,data\substituted_slabs\MAT_058_110_slab.cif,surface oxygen vacancy generated from highest-z oxygen atoms
MAT_059,Mn,0.4,0.6,Ru0.40Mn0.60Ox,0,45,O,data\vacancies\MAT_059_vacancy_site0.cif,data\substituted_slabs\MAT_059_110_slab.cif,surface oxygen vacancy generated from highest-z oxygen atoms
MAT_059,Mn,0.4,0.6,Ru0.40Mn0.60Ox,1,37,O,data\vacancies\MAT_059_vacancy_site1.cif,data\substituted_slabs\MAT_059_110_slab.cif,surface oxygen vacancy generated from highest-z oxygen atoms
MAT_059,Mn,0.4,0.6,Ru0.40Mn0.60Ox,2,41,O,data\vacancies\MAT_059_vacancy_site2.cif,data\substituted_slabs\MAT_059_110_slab.cif,surface oxygen vacancy generated from highest-z oxygen atoms
MAT_060,Mn,0.2,0.8,Ru0.20Mn0.80Ox,0,45,O,data\vacancies\MAT_060_vacancy_site0.cif,data\substituted_slabs\MAT_060_110_slab.cif,surface oxygen vacancy generated from highest-z oxygen atoms
MAT_060,Mn,0.2,0.8,Ru0.20Mn0.80Ox,1,37,O,data\vacancies\MAT_060_vacancy_site1.cif,data\substituted_slabs\MAT_060_110_slab.cif,surface oxygen vacancy generated from highest-z oxygen atoms
MAT_060,Mn,0.2,0.8,Ru0.20Mn0.80Ox,2,41,O,data\vacancies\MAT_060_vacancy_site2.cif,data\substituted_slabs\MAT_060_110_slab.cif,surface oxygen vacancy generated from highest-z oxygen atoms
MAT_062,Fe,0.8,0.1999999999999999,Ru0.80Fe0.20Ox,0,45,O,data\vacancies\MAT_062_vacancy_site0.cif,data\substituted_slabs\MAT_062_110_slab.cif,surface oxygen vacancy generated from highest-z oxygen atoms
MAT_062,Fe,0.8,0.1999999999999999,Ru0.80Fe0.20Ox,1,37,O,data\vacancies\MAT_062_vacancy_site1.cif,data\substituted_slabs\MAT_062_110_slab.cif,surface oxygen vacancy generated from highest-z oxygen atoms
MAT_062,Fe,0.8,0.1999999999999999,Ru0.80Fe0.20Ox,2,41,O,data\vacancies\MAT_062_vacancy_site2.cif,data\substituted_slabs\MAT_062_110_slab.cif,surface oxygen vacancy generated from highest-z oxygen atoms
MAT_063,Fe,0.6,0.4,Ru0.60Fe0.40Ox,0,45,O,data\vacancies\MAT_063_vacancy_site0.cif,data\substituted_slabs\MAT_063_110_slab.cif,surface oxygen vacancy generated from highest-z oxygen atoms
MAT_063,Fe,0.6,0.4,Ru0.60Fe0.40Ox,1,37,O,data\vacancies\MAT_063_vacancy_site1.cif,data\substituted_slabs\MAT_063_110_slab.cif,surface oxygen vacancy generated from highest-z oxygen atoms
MAT_063,Fe,0.6,0.4,Ru0.60Fe0.40Ox,2,41,O,data\vacancies\MAT_063_vacancy_site2.cif,data\substituted_slabs\MAT_063_110_slab.cif,surface oxygen vacancy generated from highest-z oxygen atoms
MAT_064,Fe,0.4,0.6,Ru0.40Fe0.60Ox,0,45,O,data\vacancies\MAT_064_vacancy_site0.cif,data\substituted_slabs\MAT_064_110_slab.cif,surface oxygen vacancy generated from highest-z oxygen atoms
MAT_064,Fe,0.4,0.6,Ru0.40Fe0.60Ox,1,37,O,data\vacancies\MAT_064_vacancy_site1.cif,data\substituted_slabs\MAT_064_110_slab.cif,surface oxygen vacancy generated from highest-z oxygen atoms
MAT_064,Fe,0.4,0.6,Ru0.40Fe0.60Ox,2,41,O,data\vacancies\MAT_064_vacancy_site2.cif,data\substituted_slabs\MAT_064_110_slab.cif,surface oxygen vacancy generated from highest-z oxygen atoms
MAT_065,Fe,0.2,0.8,Ru0.20Fe0.80Ox,0,45,O,data\vacancies\MAT_065_vacancy_site0.cif,data\substituted_slabs\MAT_065_110_slab.cif,surface oxygen vacancy generated from highest-z oxygen atoms
MAT_065,Fe,0.2,0.8,Ru0.20Fe0.80Ox,1,37,O,data\vacancies\MAT_065_vacancy_site1.cif,data\substituted_slabs\MAT_065_110_slab.cif,surface oxygen vacancy generated from highest-z oxygen atoms
MAT_065,Fe,0.2,0.8,Ru0.20Fe0.80Ox,2,41,O,data\vacancies\MAT_065_vacancy_site2.cif,data\substituted_slabs\MAT_065_110_slab.cif,surface oxygen vacancy generated from highest-z oxygen atoms
MAT_067,Co,0.8,0.1999999999999999,Ru0.80Co0.20Ox,0,45,O,data\vacancies\MAT_067_vacancy_site0.cif,data\substituted_slabs\MAT_067_110_slab.cif,surface oxygen vacancy generated from highest-z oxygen atoms
MAT_067,Co,0.8,0.1999999999999999,Ru0.80Co0.20Ox,1,37,O,data\vacancies\MAT_067_vacancy_site1.cif,data\substituted_slabs\MAT_067_110_slab.cif,surface oxygen vacancy generated from highest-z oxygen atoms
MAT_067,Co,0.8,0.1999999999999999,Ru0.80Co0.20Ox,2,41,O,data\vacancies\MAT_067_vacancy_site2.cif,data\substituted_slabs\MAT_067_110_slab.cif,surface oxygen vacancy generated from highest-z oxygen atoms
MAT_068,Co,0.6,0.4,Ru0.60Co0.40Ox,0,45,O,data\vacancies\MAT_068_vacancy_site0.cif,data\substituted_slabs\MAT_068_110_slab.cif,surface oxygen vacancy generated from highest-z oxygen atoms
MAT_068,Co,0.6,0.4,Ru0.60Co0.40Ox,1,37,O,data\vacancies\MAT_068_vacancy_site1.cif,data\substituted_slabs\MAT_068_110_slab.cif,surface oxygen vacancy generated from highest-z oxygen atoms
MAT_068,Co,0.6,0.4,Ru0.60Co0.40Ox,2,41,O,data\vacancies\MAT_068_vacancy_site2.cif,data\substituted_slabs\MAT_068_110_slab.cif,surface oxygen vacancy generated from highest-z oxygen atoms
MAT_069,Co,0.4,0.6,Ru0.40Co0.60Ox,0,45,O,data\vacancies\MAT_069_vacancy_site0.cif,data\substituted_slabs\MAT_069_110_slab.cif,surface oxygen vacancy generated from highest-z oxygen atoms
MAT_069,Co,0.4,0.6,Ru0.40Co0.60Ox,1,37,O,data\vacancies\MAT_069_vacancy_site1.cif,data\substituted_slabs\MAT_069_110_slab.cif,surface oxygen vacancy generated from highest-z oxygen atoms
MAT_069,Co,0.4,0.6,Ru0.40Co0.60Ox,2,41,O,data\vacancies\MAT_069_vacancy_site2.cif,data\substituted_slabs\MAT_069_110_slab.cif,surface oxygen vacancy generated from highest-z oxygen atoms
MAT_070,Co,0.2,0.8,Ru0.20Co0.80Ox,0,45,O,data\vacancies\MAT_070_vacancy_site0.cif,data\substituted_slabs\MAT_070_110_slab.cif,surface oxygen vacancy generated from highest-z oxygen atoms
MAT_070,Co,0.2,0.8,Ru0.20Co0.80Ox,1,37,O,data\vacancies\MAT_070_vacancy_site1.cif,data\substituted_slabs\MAT_070_110_slab.cif,surface oxygen vacancy generated from highest-z oxygen atoms
MAT_070,Co,0.2,0.8,Ru0.20Co0.80Ox,2,41,O,data\vacancies\MAT_070_vacancy_site2.cif,data\substituted_slabs\MAT_070_110_slab.cif,surface oxygen vacancy generated from highest-z oxygen atoms
MAT_072,Ni,0.8,0.1999999999999999,Ru0.80Ni0.20Ox,0,45,O,data\vacancies\MAT_072_vacancy_site0.cif,data\substituted_slabs\MAT_072_110_slab.cif,surface oxygen vacancy generated from highest-z oxygen atoms
MAT_072,Ni,0.8,0.1999999999999999,Ru0.80Ni0.20Ox,1,37,O,data\vacancies\MAT_072_vacancy_site1.cif,data\substituted_slabs\MAT_072_110_slab.cif,surface oxygen vacancy generated from highest-z oxygen atoms
MAT_072,Ni,0.8,0.1999999999999999,Ru0.80Ni0.20Ox,2,41,O,data\vacancies\MAT_072_vacancy_site2.cif,data\substituted_slabs\MAT_072_110_slab.cif,surface oxygen vacancy generated from highest-z oxygen atoms
MAT_073,Ni,0.6,0.4,Ru0.60Ni0.40Ox,0,45,O,data\vacancies\MAT_073_vacancy_site0.cif,data\substituted_slabs\MAT_073_110_slab.cif,surface oxygen vacancy generated from highest-z oxygen atoms
MAT_073,Ni,0.6,0.4,Ru0.60Ni0.40Ox,1,37,O,data\vacancies\MAT_073_vacancy_site1.cif,data\substituted_slabs\MAT_073_110_slab.cif,surface oxygen vacancy generated from highest-z oxygen atoms
MAT_073,Ni,0.6,0.4,Ru0.60Ni0.40Ox,2,41,O,data\vacancies\MAT_073_vacancy_site2.cif,data\substituted_slabs\MAT_073_110_slab.cif,surface oxygen vacancy generated from highest-z oxygen atoms
MAT_074,Ni,0.4,0.6,Ru0.40Ni0.60Ox,0,45,O,data\vacancies\MAT_074_vacancy_site0.cif,data\substituted_slabs\MAT_074_110_slab.cif,surface oxygen vacancy generated from highest-z oxygen atoms
MAT_074,Ni,0.4,0.6,Ru0.40Ni0.60Ox,1,37,O,data\vacancies\MAT_074_vacancy_site1.cif,data\substituted_slabs\MAT_074_110_slab.cif,surface oxygen vacancy generated from highest-z oxygen atoms
MAT_074,Ni,0.4,0.6,Ru0.40Ni0.60Ox,2,41,O,data\vacancies\MAT_074_vacancy_site2.cif,data\substituted_slabs\MAT_074_110_slab.cif,surface oxygen vacancy generated from highest-z oxygen atoms
MAT_075,Ni,0.2,0.8,Ru0.20Ni0.80Ox,0,45,O,data\vacancies\MAT_075_vacancy_site0.cif,data\substituted_slabs\MAT_075_110_slab.cif,surface oxygen vacancy generated from highest-z oxygen atoms
MAT_075,Ni,0.2,0.8,Ru0.20Ni0.80Ox,1,37,O,data\vacancies\MAT_075_vacancy_site1.cif,data\substituted_slabs\MAT_075_110_slab.cif,surface oxygen vacancy generated from highest-z oxygen atoms
MAT_075,Ni,0.2,0.8,Ru0.20Ni0.80Ox,2,41,O,data\vacancies\MAT_075_vacancy_site2.cif,data\substituted_slabs\MAT_075_110_slab.cif,surface oxygen vacancy generated from highest-z oxygen atoms
MAT_077,Cu,0.8,0.1999999999999999,Ru0.80Cu0.20Ox,0,45,O,data\vacancies\MAT_077_vacancy_site0.cif,data\substituted_slabs\MAT_077_110_slab.cif,surface oxygen vacancy generated from highest-z oxygen atoms
MAT_077,Cu,0.8,0.1999999999999999,Ru0.80Cu0.20Ox,1,37,O,data\vacancies\MAT_077_vacancy_site1.cif,data\substituted_slabs\MAT_077_110_slab.cif,surface oxygen vacancy generated from highest-z oxygen atoms
MAT_077,Cu,0.8,0.1999999999999999,Ru0.80Cu0.20Ox,2,41,O,data\vacancies\MAT_077_vacancy_site2.cif,data\substituted_slabs\MAT_077_110_slab.cif,surface oxygen vacancy generated from highest-z oxygen atoms
MAT_078,Cu,0.6,0.4,Ru0.60Cu0.40Ox,0,45,O,data\vacancies\MAT_078_vacancy_site0.cif,data\substituted_slabs\MAT_078_110_slab.cif,surface oxygen vacancy generated from highest-z oxygen atoms
MAT_078,Cu,0.6,0.4,Ru0.60Cu0.40Ox,1,37,O,data\vacancies\MAT_078_vacancy_site1.cif,data\substituted_slabs\MAT_078_110_slab.cif,surface oxygen vacancy generated from highest-z oxygen atoms
MAT_078,Cu,0.6,0.4,Ru0.60Cu0.40Ox,2,41,O,data\vacancies\MAT_078_vacancy_site2.cif,data\substituted_slabs\MAT_078_110_slab.cif,surface oxygen vacancy generated from highest-z oxygen atoms
MAT_079,Cu,0.4,0.6,Ru0.40Cu0.60Ox,0,45,O,data\vacancies\MAT_079_vacancy_site0.cif,data\substituted_slabs\MAT_079_110_slab.cif,surface oxygen vacancy generated from highest-z oxygen atoms
MAT_079,Cu,0.4,0.6,Ru0.40Cu0.60Ox,1,37,O,data\vacancies\MAT_079_vacancy_site1.cif,data\substituted_slabs\MAT_079_110_slab.cif,surface oxygen vacancy generated from highest-z oxygen atoms
MAT_079,Cu,0.4,0.6,Ru0.40Cu0.60Ox,2,41,O,data\vacancies\MAT_079_vacancy_site2.cif,data\substituted_slabs\MAT_079_110_slab.cif,surface oxygen vacancy generated from highest-z oxygen atoms
MAT_080,Cu,0.2,0.8,Ru0.20Cu0.80Ox,0,45,O,data\vacancies\MAT_080_vacancy_site0.cif,data\substituted_slabs\MAT_080_110_slab.cif,surface oxygen vacancy generated from highest-z oxygen atoms
MAT_080,Cu,0.2,0.8,Ru0.20Cu0.80Ox,1,37,O,data\vacancies\MAT_080_vacancy_site1.cif,data\substituted_slabs\MAT_080_110_slab.cif,surface oxygen vacancy generated from highest-z oxygen atoms
MAT_080,Cu,0.2,0.8,Ru0.20Cu0.80Ox,2,41,O,data\vacancies\MAT_080_vacancy_site2.cif,data\substituted_slabs\MAT_080_110_slab.cif,surface oxygen vacancy generated from highest-z oxygen atoms
MAT_082,Zn,0.8,0.1999999999999999,Ru0.80Zn0.20Ox,0,45,O,data\vacancies\MAT_082_vacancy_site0.cif,data\substituted_slabs\MAT_082_110_slab.cif,surface oxygen vacancy generated from highest-z oxygen atoms
MAT_082,Zn,0.8,0.1999999999999999,Ru0.80Zn0.20Ox,1,37,O,data\vacancies\MAT_082_vacancy_site1.cif,data\substituted_slabs\MAT_082_110_slab.cif,surface oxygen vacancy generated from highest-z oxygen atoms
MAT_082,Zn,0.8,0.1999999999999999,Ru0.80Zn0.20Ox,2,41,O,data\vacancies\MAT_082_vacancy_site2.cif,data\substituted_slabs\MAT_082_110_slab.cif,surface oxygen vacancy generated from highest-z oxygen atoms
MAT_083,Zn,0.6,0.4,Ru0.60Zn0.40Ox,0,45,O,data\vacancies\MAT_083_vacancy_site0.cif,data\substituted_slabs\MAT_083_110_slab.cif,surface oxygen vacancy generated from highest-z oxygen atoms
MAT_083,Zn,0.6,0.4,Ru0.60Zn0.40Ox,1,37,O,data\vacancies\MAT_083_vacancy_site1.cif,data\substituted_slabs\MAT_083_110_slab.cif,surface oxygen vacancy generated from highest-z oxygen atoms
MAT_083,Zn,0.6,0.4,Ru0.60Zn0.40Ox,2,41,O,data\vacancies\MAT_083_vacancy_site2.cif,data\substituted_slabs\MAT_083_110_slab.cif,surface oxygen vacancy generated from highest-z oxygen atoms
MAT_084,Zn,0.4,0.6,Ru0.40Zn0.60Ox,0,45,O,data\vacancies\MAT_084_vacancy_site0.cif,data\substituted_slabs\MAT_084_110_slab.cif,surface oxygen vacancy generated from highest-z oxygen atoms
MAT_084,Zn,0.4,0.6,Ru0.40Zn0.60Ox,1,37,O,data\vacancies\MAT_084_vacancy_site1.cif,data\substituted_slabs\MAT_084_110_slab.cif,surface oxygen vacancy generated from highest-z oxygen atoms
MAT_084,Zn,0.4,0.6,Ru0.40Zn0.60Ox,2,41,O,data\vacancies\MAT_084_vacancy_site2.cif,data\substituted_slabs\MAT_084_110_slab.cif,surface oxygen vacancy generated from highest-z oxygen atoms
MAT_085,Zn,0.2,0.8,Ru0.20Zn0.80Ox,0,45,O,data\vacancies\MAT_085_vacancy_site0.cif,data\substituted_slabs\MAT_085_110_slab.cif,surface oxygen vacancy generated from highest-z oxygen atoms
MAT_085,Zn,0.2,0.8,Ru0.20Zn0.80Ox,1,37,O,data\vacancies\MAT_085_vacancy_site1.cif,data\substituted_slabs\MAT_085_110_slab.cif,surface oxygen vacancy generated from highest-z oxygen atoms
MAT_085,Zn,0.2,0.8,Ru0.20Zn0.80Ox,2,41,O,data\vacancies\MAT_085_vacancy_site2.cif,data\substituted_slabs\MAT_085_110_slab.cif,surface oxygen vacancy generated from highest-z oxygen atoms
MAT_087,Ga,0.8,0.1999999999999999,Ru0.80Ga0.20Ox,0,45,O,data\vacancies\MAT_087_vacancy_site0.cif,data\substituted_slabs\MAT_087_110_slab.cif,surface oxygen vacancy generated from highest-z oxygen atoms
MAT_087,Ga,0.8,0.1999999999999999,Ru0.80Ga0.20Ox,1,37,O,data\vacancies\MAT_087_vacancy_site1.cif,data\substituted_slabs\MAT_087_110_slab.cif,surface oxygen vacancy generated from highest-z oxygen atoms
MAT_087,Ga,0.8,0.1999999999999999,Ru0.80Ga0.20Ox,2,41,O,data\vacancies\MAT_087_vacancy_site2.cif,data\substituted_slabs\MAT_087_110_slab.cif,surface oxygen vacancy generated from highest-z oxygen atoms
MAT_088,Ga,0.6,0.4,Ru0.60Ga0.40Ox,0,45,O,data\vacancies\MAT_088_vacancy_site0.cif,data\substituted_slabs\MAT_088_110_slab.cif,surface oxygen vacancy generated from highest-z oxygen atoms
MAT_088,Ga,0.6,0.4,Ru0.60Ga0.40Ox,1,37,O,data\vacancies\MAT_088_vacancy_site1.cif,data\substituted_slabs\MAT_088_110_slab.cif,surface oxygen vacancy generated from highest-z oxygen atoms
MAT_088,Ga,0.6,0.4,Ru0.60Ga0.40Ox,2,41,O,data\vacancies\MAT_088_vacancy_site2.cif,data\substituted_slabs\MAT_088_110_slab.cif,surface oxygen vacancy generated from highest-z oxygen atoms
MAT_089,Ga,0.4,0.6,Ru0.40Ga0.60Ox,0,45,O,data\vacancies\MAT_089_vacancy_site0.cif,data\substituted_slabs\MAT_089_110_slab.cif,surface oxygen vacancy generated from highest-z oxygen atoms
MAT_089,Ga,0.4,0.6,Ru0.40Ga0.60Ox,1,37,O,data\vacancies\MAT_089_vacancy_site1.cif,data\substituted_slabs\MAT_089_110_slab.cif,surface oxygen vacancy generated from highest-z oxygen atoms
MAT_089,Ga,0.4,0.6,Ru0.40Ga0.60Ox,2,41,O,data\vacancies\MAT_089_vacancy_site2.cif,data\substituted_slabs\MAT_089_110_slab.cif,surface oxygen vacancy generated from highest-z oxygen atoms
MAT_090,Ga,0.2,0.8,Ru0.20Ga0.80Ox,0,45,O,data\vacancies\MAT_090_vacancy_site0.cif,data\substituted_slabs\MAT_090_110_slab.cif,surface oxygen vacancy generated from highest-z oxygen atoms
MAT_090,Ga,0.2,0.8,Ru0.20Ga0.80Ox,1,37,O,data\vacancies\MAT_090_vacancy_site1.cif,data\substituted_slabs\MAT_090_110_slab.cif,surface oxygen vacancy generated from highest-z oxygen atoms
MAT_090,Ga,0.2,0.8,Ru0.20Ga0.80Ox,2,41,O,data\vacancies\MAT_090_vacancy_site2.cif,data\substituted_slabs\MAT_090_110_slab.cif,surface oxygen vacancy generated from highest-z oxygen atoms
MAT_092,Ge,0.8,0.1999999999999999,Ru0.80Ge0.20Ox,0,45,O,data\vacancies\MAT_092_vacancy_site0.cif,data\substituted_slabs\MAT_092_110_slab.cif,surface oxygen vacancy generated from highest-z oxygen atoms
MAT_092,Ge,0.8,0.1999999999999999,Ru0.80Ge0.20Ox,1,37,O,data\vacancies\MAT_092_vacancy_site1.cif,data\substituted_slabs\MAT_092_110_slab.cif,surface oxygen vacancy generated from highest-z oxygen atoms
MAT_092,Ge,0.8,0.1999999999999999,Ru0.80Ge0.20Ox,2,41,O,data\vacancies\MAT_092_vacancy_site2.cif,data\substituted_slabs\MAT_092_110_slab.cif,surface oxygen vacancy generated from highest-z oxygen atoms
MAT_093,Ge,0.6,0.4,Ru0.60Ge0.40Ox,0,45,O,data\vacancies\MAT_093_vacancy_site0.cif,data\substituted_slabs\MAT_093_110_slab.cif,surface oxygen vacancy generated from highest-z oxygen atoms
MAT_093,Ge,0.6,0.4,Ru0.60Ge0.40Ox,1,37,O,data\vacancies\MAT_093_vacancy_site1.cif,data\substituted_slabs\MAT_093_110_slab.cif,surface oxygen vacancy generated from highest-z oxygen atoms
MAT_093,Ge,0.6,0.4,Ru0.60Ge0.40Ox,2,41,O,data\vacancies\MAT_093_vacancy_site2.cif,data\substituted_slabs\MAT_093_110_slab.cif,surface oxygen vacancy generated from highest-z oxygen atoms
MAT_094,Ge,0.4,0.6,Ru0.40Ge0.60Ox,0,45,O,data\vacancies\MAT_094_vacancy_site0.cif,data\substituted_slabs\MAT_094_110_slab.cif,surface oxygen vacancy generated from highest-z oxygen atoms
MAT_094,Ge,0.4,0.6,Ru0.40Ge0.60Ox,1,37,O,data\vacancies\MAT_094_vacancy_site1.cif,data\substituted_slabs\MAT_094_110_slab.cif,surface oxygen vacancy generated from highest-z oxygen atoms
MAT_094,Ge,0.4,0.6,Ru0.40Ge0.60Ox,2,41,O,data\vacancies\MAT_094_vacancy_site2.cif,data\substituted_slabs\MAT_094_110_slab.cif,surface oxygen vacancy generated from highest-z oxygen atoms
MAT_095,Ge,0.2,0.8,Ru0.20Ge0.80Ox,0,45,O,data\vacancies\MAT_095_vacancy_site0.cif,data\substituted_slabs\MAT_095_110_slab.cif,surface oxygen vacancy generated from highest-z oxygen atoms
MAT_095,Ge,0.2,0.8,Ru0.20Ge0.80Ox,1,37,O,data\vacancies\MAT_095_vacancy_site1.cif,data\substituted_slabs\MAT_095_110_slab.cif,surface oxygen vacancy generated from highest-z oxygen atoms
MAT_095,Ge,0.2,0.8,Ru0.20Ge0.80Ox,2,41,O,data\vacancies\MAT_095_vacancy_site2.cif,data\substituted_slabs\MAT_095_110_slab.cif,surface oxygen vacancy generated from highest-z oxygen atoms
MAT_097,Sr,0.8,0.1999999999999999,Ru0.80Sr0.20Ox,0,45,O,data\vacancies\MAT_097_vacancy_site0.cif,data\substituted_slabs\MAT_097_110_slab.cif,surface oxygen vacancy generated from highest-z oxygen atoms
MAT_097,Sr,0.8,0.1999999999999999,Ru0.80Sr0.20Ox,1,37,O,data\vacancies\MAT_097_vacancy_site1.cif,data\substituted_slabs\MAT_097_110_slab.cif,surface oxygen vacancy generated from highest-z oxygen atoms
MAT_097,Sr,0.8,0.1999999999999999,Ru0.80Sr0.20Ox,2,41,O,data\vacancies\MAT_097_vacancy_site2.cif,data\substituted_slabs\MAT_097_110_slab.cif,surface oxygen vacancy generated from highest-z oxygen atoms
MAT_098,Sr,0.6,0.4,Ru0.60Sr0.40Ox,0,45,O,data\vacancies\MAT_098_vacancy_site0.cif,data\substituted_slabs\MAT_098_110_slab.cif,surface oxygen vacancy generated from highest-z oxygen atoms
MAT_098,Sr,0.6,0.4,Ru0.60Sr0.40Ox,1,37,O,data\vacancies\MAT_098_vacancy_site1.cif,data\substituted_slabs\MAT_098_110_slab.cif,surface oxygen vacancy generated from highest-z oxygen atoms
MAT_098,Sr,0.6,0.4,Ru0.60Sr0.40Ox,2,41,O,data\vacancies\MAT_098_vacancy_site2.cif,data\substituted_slabs\MAT_098_110_slab.cif,surface oxygen vacancy generated from highest-z oxygen atoms
MAT_099,Sr,0.4,0.6,Ru0.40Sr0.60Ox,0,45,O,data\vacancies\MAT_099_vacancy_site0.cif,data\substituted_slabs\MAT_099_110_slab.cif,surface oxygen vacancy generated from highest-z oxygen atoms
MAT_099,Sr,0.4,0.6,Ru0.40Sr0.60Ox,1,37,O,data\vacancies\MAT_099_vacancy_site1.cif,data\substituted_slabs\MAT_099_110_slab.cif,surface oxygen vacancy generated from highest-z oxygen atoms
MAT_099,Sr,0.4,0.6,Ru0.40Sr0.60Ox,2,41,O,data\vacancies\MAT_099_vacancy_site2.cif,data\substituted_slabs\MAT_099_110_slab.cif,surface oxygen vacancy generated from highest-z oxygen atoms
MAT_100,Sr,0.2,0.8,Ru0.20Sr0.80Ox,0,45,O,data\vacancies\MAT_100_vacancy_site0.cif,data\substituted_slabs\MAT_100_110_slab.cif,surface oxygen vacancy generated from highest-z oxygen atoms
MAT_100,Sr,0.2,0.8,Ru0.20Sr0.80Ox,1,37,O,data\vacancies\MAT_100_vacancy_site1.cif,data\substituted_slabs\MAT_100_110_slab.cif,surface oxygen vacancy generated from highest-z oxygen atoms
MAT_100,Sr,0.2,0.8,Ru0.20Sr0.80Ox,2,41,O,data\vacancies\MAT_100_vacancy_site2.cif,data\substituted_slabs\MAT_100_110_slab.cif,surface oxygen vacancy generated from highest-z oxygen atoms
MAT_102,Y,0.8,0.1999999999999999,Ru0.80Y0.20Ox,0,45,O,data\vacancies\MAT_102_vacancy_site0.cif,data\substituted_slabs\MAT_102_110_slab.cif,surface oxygen vacancy generated from highest-z oxygen atoms
MAT_102,Y,0.8,0.1999999999999999,Ru0.80Y0.20Ox,1,37,O,data\vacancies\MAT_102_vacancy_site1.cif,data\substituted_slabs\MAT_102_110_slab.cif,surface oxygen vacancy generated from highest-z oxygen atoms
MAT_102,Y,0.8,0.1999999999999999,Ru0.80Y0.20Ox,2,41,O,data\vacancies\MAT_102_vacancy_site2.cif,data\substituted_slabs\MAT_102_110_slab.cif,surface oxygen vacancy generated from highest-z oxygen atoms
MAT_103,Y,0.6,0.4,Ru0.60Y0.40Ox,0,45,O,data\vacancies\MAT_103_vacancy_site0.cif,data\substituted_slabs\MAT_103_110_slab.cif,surface oxygen vacancy generated from highest-z oxygen atoms
MAT_103,Y,0.6,0.4,Ru0.60Y0.40Ox,1,37,O,data\vacancies\MAT_103_vacancy_site1.cif,data\substituted_slabs\MAT_103_110_slab.cif,surface oxygen vacancy generated from highest-z oxygen atoms
MAT_103,Y,0.6,0.4,Ru0.60Y0.40Ox,2,41,O,data\vacancies\MAT_103_vacancy_site2.cif,data\substituted_slabs\MAT_103_110_slab.cif,surface oxygen vacancy generated from highest-z oxygen atoms
MAT_104,Y,0.4,0.6,Ru0.40Y0.60Ox,0,45,O,data\vacancies\MAT_104_vacancy_site0.cif,data\substituted_slabs\MAT_104_110_slab.cif,surface oxygen vacancy generated from highest-z oxygen atoms
MAT_104,Y,0.4,0.6,Ru0.40Y0.60Ox,1,37,O,data\vacancies\MAT_104_vacancy_site1.cif,data\substituted_slabs\MAT_104_110_slab.cif,surface oxygen vacancy generated from highest-z oxygen atoms
MAT_104,Y,0.4,0.6,Ru0.40Y0.60Ox,2,41,O,data\vacancies\MAT_104_vacancy_site2.cif,data\substituted_slabs\MAT_104_110_slab.cif,surface oxygen vacancy generated from highest-z oxygen atoms
MAT_105,Y,0.2,0.8,Ru0.20Y0.80Ox,0,45,O,data\vacancies\MAT_105_vacancy_site0.cif,data\substituted_slabs\MAT_105_110_slab.cif,surface oxygen vacancy generated from highest-z oxygen atoms
MAT_105,Y,0.2,0.8,Ru0.20Y0.80Ox,1,37,O,data\vacancies\MAT_105_vacancy_site1.cif,data\substituted_slabs\MAT_105_110_slab.cif,surface oxygen vacancy generated from highest-z oxygen atoms
MAT_105,Y,0.2,0.8,Ru0.20Y0.80Ox,2,41,O,data\vacancies\MAT_105_vacancy_site2.cif,data\substituted_slabs\MAT_105_110_slab.cif,surface oxygen vacancy generated from highest-z oxygen atoms
MAT_107,Zr,0.8,0.1999999999999999,Ru0.80Zr0.20Ox,0,45,O,data\vacancies\MAT_107_vacancy_site0.cif,data\substituted_slabs\MAT_107_110_slab.cif,surface oxygen vacancy generated from highest-z oxygen atoms
MAT_107,Zr,0.8,0.1999999999999999,Ru0.80Zr0.20Ox,1,37,O,data\vacancies\MAT_107_vacancy_site1.cif,data\substituted_slabs\MAT_107_110_slab.cif,surface oxygen vacancy generated from highest-z oxygen atoms
MAT_107,Zr,0.8,0.1999999999999999,Ru0.80Zr0.20Ox,2,41,O,data\vacancies\MAT_107_vacancy_site2.cif,data\substituted_slabs\MAT_107_110_slab.cif,surface oxygen vacancy generated from highest-z oxygen atoms
MAT_108,Zr,0.6,0.4,Ru0.60Zr0.40Ox,0,45,O,data\vacancies\MAT_108_vacancy_site0.cif,data\substituted_slabs\MAT_108_110_slab.cif,surface oxygen vacancy generated from highest-z oxygen atoms
MAT_108,Zr,0.6,0.4,Ru0.60Zr0.40Ox,1,37,O,data\vacancies\MAT_108_vacancy_site1.cif,data\substituted_slabs\MAT_108_110_slab.cif,surface oxygen vacancy generated from highest-z oxygen atoms
MAT_108,Zr,0.6,0.4,Ru0.60Zr0.40Ox,2,41,O,data\vacancies\MAT_108_vacancy_site2.cif,data\substituted_slabs\MAT_108_110_slab.cif,surface oxygen vacancy generated from highest-z oxygen atoms
MAT_109,Zr,0.4,0.6,Ru0.40Zr0.60Ox,0,45,O,data\vacancies\MAT_109_vacancy_site0.cif,data\substituted_slabs\MAT_109_110_slab.cif,surface oxygen vacancy generated from highest-z oxygen atoms
MAT_109,Zr,0.4,0.6,Ru0.40Zr0.60Ox,1,37,O,data\vacancies\MAT_109_vacancy_site1.cif,data\substituted_slabs\MAT_109_110_slab.cif,surface oxygen vacancy generated from highest-z oxygen atoms
MAT_109,Zr,0.4,0.6,Ru0.40Zr0.60Ox,2,41,O,data\vacancies\MAT_109_vacancy_site2.cif,data\substituted_slabs\MAT_109_110_slab.cif,surface oxygen vacancy generated from highest-z oxygen atoms
MAT_110,Zr,0.2,0.8,Ru0.20Zr0.80Ox,0,45,O,data\vacancies\MAT_110_vacancy_site0.cif,data\substituted_slabs\MAT_110_110_slab.cif,surface oxygen vacancy generated from highest-z oxygen atoms
MAT_110,Zr,0.2,0.8,Ru0.20Zr0.80Ox,1,37,O,data\vacancies\MAT_110_vacancy_site1.cif,data\substituted_slabs\MAT_110_110_slab.cif,surface oxygen vacancy generated from highest-z oxygen atoms
MAT_110,Zr,0.2,0.8,Ru0.20Zr0.80Ox,2,41,O,data\vacancies\MAT_110_vacancy_site2.cif,data\substituted_slabs\MAT_110_110_slab.cif,surface oxygen vacancy generated from highest-z oxygen atoms
MAT_112,Nb,0.8,0.1999999999999999,Ru0.80Nb0.20Ox,0,45,O,data\vacancies\MAT_112_vacancy_site0.cif,data\substituted_slabs\MAT_112_110_slab.cif,surface oxygen vacancy generated from highest-z oxygen atoms
MAT_112,Nb,0.8,0.1999999999999999,Ru0.80Nb0.20Ox,1,37,O,data\vacancies\MAT_112_vacancy_site1.cif,data\substituted_slabs\MAT_112_110_slab.cif,surface oxygen vacancy generated from highest-z oxygen atoms
MAT_112,Nb,0.8,0.1999999999999999,Ru0.80Nb0.20Ox,2,41,O,data\vacancies\MAT_112_vacancy_site2.cif,data\substituted_slabs\MAT_112_110_slab.cif,surface oxygen vacancy generated from highest-z oxygen atoms
MAT_113,Nb,0.6,0.4,Ru0.60Nb0.40Ox,0,45,O,data\vacancies\MAT_113_vacancy_site0.cif,data\substituted_slabs\MAT_113_110_slab.cif,surface oxygen vacancy generated from highest-z oxygen atoms
MAT_113,Nb,0.6,0.4,Ru0.60Nb0.40Ox,1,37,O,data\vacancies\MAT_113_vacancy_site1.cif,data\substituted_slabs\MAT_113_110_slab.cif,surface oxygen vacancy generated from highest-z oxygen atoms
MAT_113,Nb,0.6,0.4,Ru0.60Nb0.40Ox,2,41,O,data\vacancies\MAT_113_vacancy_site2.cif,data\substituted_slabs\MAT_113_110_slab.cif,surface oxygen vacancy generated from highest-z oxygen atoms
MAT_114,Nb,0.4,0.6,Ru0.40Nb0.60Ox,0,45,O,data\vacancies\MAT_114_vacancy_site0.cif,data\substituted_slabs\MAT_114_110_slab.cif,surface oxygen vacancy generated from highest-z oxygen atoms
MAT_114,Nb,0.4,0.6,Ru0.40Nb0.60Ox,1,37,O,data\vacancies\MAT_114_vacancy_site1.cif,data\substituted_slabs\MAT_114_110_slab.cif,surface oxygen vacancy generated from highest-z oxygen atoms
MAT_114,Nb,0.4,0.6,Ru0.40Nb0.60Ox,2,41,O,data\vacancies\MAT_114_vacancy_site2.cif,data\substituted_slabs\MAT_114_110_slab.cif,surface oxygen vacancy generated from highest-z oxygen atoms
MAT_115,Nb,0.2,0.8,Ru0.20Nb0.80Ox,0,45,O,data\vacancies\MAT_115_vacancy_site0.cif,data\substituted_slabs\MAT_115_110_slab.cif,surface oxygen vacancy generated from highest-z oxygen atoms
MAT_115,Nb,0.2,0.8,Ru0.20Nb0.80Ox,1,37,O,data\vacancies\MAT_115_vacancy_site1.cif,data\substituted_slabs\MAT_115_110_slab.cif,surface oxygen vacancy generated from highest-z oxygen atoms
MAT_115,Nb,0.2,0.8,Ru0.20Nb0.80Ox,2,41,O,data\vacancies\MAT_115_vacancy_site2.cif,data\substituted_slabs\MAT_115_110_slab.cif,surface oxygen vacancy generated from highest-z oxygen atoms
MAT_117,Mo,0.8,0.1999999999999999,Ru0.80Mo0.20Ox,0,45,O,data\vacancies\MAT_117_vacancy_site0.cif,data\substituted_slabs\MAT_117_110_slab.cif,surface oxygen vacancy generated from highest-z oxygen atoms
MAT_117,Mo,0.8,0.1999999999999999,Ru0.80Mo0.20Ox,1,37,O,data\vacancies\MAT_117_vacancy_site1.cif,data\substituted_slabs\MAT_117_110_slab.cif,surface oxygen vacancy generated from highest-z oxygen atoms
MAT_117,Mo,0.8,0.1999999999999999,Ru0.80Mo0.20Ox,2,41,O,data\vacancies\MAT_117_vacancy_site2.cif,data\substituted_slabs\MAT_117_110_slab.cif,surface oxygen vacancy generated from highest-z oxygen atoms
MAT_118,Mo,0.6,0.4,Ru0.60Mo0.40Ox,0,45,O,data\vacancies\MAT_118_vacancy_site0.cif,data\substituted_slabs\MAT_118_110_slab.cif,surface oxygen vacancy generated from highest-z oxygen atoms
MAT_118,Mo,0.6,0.4,Ru0.60Mo0.40Ox,1,37,O,data\vacancies\MAT_118_vacancy_site1.cif,data\substituted_slabs\MAT_118_110_slab.cif,surface oxygen vacancy generated from highest-z oxygen atoms
MAT_118,Mo,0.6,0.4,Ru0.60Mo0.40Ox,2,41,O,data\vacancies\MAT_118_vacancy_site2.cif,data\substituted_slabs\MAT_118_110_slab.cif,surface oxygen vacancy generated from highest-z oxygen atoms
MAT_119,Mo,0.4,0.6,Ru0.40Mo0.60Ox,0,45,O,data\vacancies\MAT_119_vacancy_site0.cif,data\substituted_slabs\MAT_119_110_slab.cif,surface oxygen vacancy generated from highest-z oxygen atoms
MAT_119,Mo,0.4,0.6,Ru0.40Mo0.60Ox,1,37,O,data\vacancies\MAT_119_vacancy_site1.cif,data\substituted_slabs\MAT_119_110_slab.cif,surface oxygen vacancy generated from highest-z oxygen atoms
MAT_119,Mo,0.4,0.6,Ru0.40Mo0.60Ox,2,41,O,data\vacancies\MAT_119_vacancy_site2.cif,data\substituted_slabs\MAT_119_110_slab.cif,surface oxygen vacancy generated from highest-z oxygen atoms
MAT_120,Mo,0.2,0.8,Ru0.20Mo0.80Ox,0,45,O,data\vacancies\MAT_120_vacancy_site0.cif,data\substituted_slabs\MAT_120_110_slab.cif,surface oxygen vacancy generated from highest-z oxygen atoms
MAT_120,Mo,0.2,0.8,Ru0.20Mo0.80Ox,1,37,O,data\vacancies\MAT_120_vacancy_site1.cif,data\substituted_slabs\MAT_120_110_slab.cif,surface oxygen vacancy generated from highest-z oxygen atoms
MAT_120,Mo,0.2,0.8,Ru0.20Mo0.80Ox,2,41,O,data\vacancies\MAT_120_vacancy_site2.cif,data\substituted_slabs\MAT_120_110_slab.cif,surface oxygen vacancy generated from highest-z oxygen atoms
MAT_122,Rh,0.8,0.1999999999999999,Ru0.80Rh0.20Ox,0,45,O,data\vacancies\MAT_122_vacancy_site0.cif,data\substituted_slabs\MAT_122_110_slab.cif,surface oxygen vacancy generated from highest-z oxygen atoms
MAT_122,Rh,0.8,0.1999999999999999,Ru0.80Rh0.20Ox,1,37,O,data\vacancies\MAT_122_vacancy_site1.cif,data\substituted_slabs\MAT_122_110_slab.cif,surface oxygen vacancy generated from highest-z oxygen atoms
MAT_122,Rh,0.8,0.1999999999999999,Ru0.80Rh0.20Ox,2,41,O,data\vacancies\MAT_122_vacancy_site2.cif,data\substituted_slabs\MAT_122_110_slab.cif,surface oxygen vacancy generated from highest-z oxygen atoms
MAT_123,Rh,0.6,0.4,Ru0.60Rh0.40Ox,0,45,O,data\vacancies\MAT_123_vacancy_site0.cif,data\substituted_slabs\MAT_123_110_slab.cif,surface oxygen vacancy generated from highest-z oxygen atoms
MAT_123,Rh,0.6,0.4,Ru0.60Rh0.40Ox,1,37,O,data\vacancies\MAT_123_vacancy_site1.cif,data\substituted_slabs\MAT_123_110_slab.cif,surface oxygen vacancy generated from highest-z oxygen atoms
MAT_123,Rh,0.6,0.4,Ru0.60Rh0.40Ox,2,41,O,data\vacancies\MAT_123_vacancy_site2.cif,data\substituted_slabs\MAT_123_110_slab.cif,surface oxygen vacancy generated from highest-z oxygen atoms
MAT_124,Rh,0.4,0.6,Ru0.40Rh0.60Ox,0,45,O,data\vacancies\MAT_124_vacancy_site0.cif,data\substituted_slabs\MAT_124_110_slab.cif,surface oxygen vacancy generated from highest-z oxygen atoms
MAT_124,Rh,0.4,0.6,Ru0.40Rh0.60Ox,1,37,O,data\vacancies\MAT_124_vacancy_site1.cif,data\substituted_slabs\MAT_124_110_slab.cif,surface oxygen vacancy generated from highest-z oxygen atoms
MAT_124,Rh,0.4,0.6,Ru0.40Rh0.60Ox,2,41,O,data\vacancies\MAT_124_vacancy_site2.cif,data\substituted_slabs\MAT_124_110_slab.cif,surface oxygen vacancy generated from highest-z oxygen atoms
MAT_125,Rh,0.2,0.8,Ru0.20Rh0.80Ox,0,45,O,data\vacancies\MAT_125_vacancy_site0.cif,data\substituted_slabs\MAT_125_110_slab.cif,surface oxygen vacancy generated from highest-z oxygen atoms
MAT_125,Rh,0.2,0.8,Ru0.20Rh0.80Ox,1,37,O,data\vacancies\MAT_125_vacancy_site1.cif,data\substituted_slabs\MAT_125_110_slab.cif,surface oxygen vacancy generated from highest-z oxygen atoms
MAT_125,Rh,0.2,0.8,Ru0.20Rh0.80Ox,2,41,O,data\vacancies\MAT_125_vacancy_site2.cif,data\substituted_slabs\MAT_125_110_slab.cif,surface oxygen vacancy generated from highest-z oxygen atoms
MAT_127,Pd,0.8,0.1999999999999999,Ru0.80Pd0.20Ox,0,45,O,data\vacancies\MAT_127_vacancy_site0.cif,data\substituted_slabs\MAT_127_110_slab.cif,surface oxygen vacancy generated from highest-z oxygen atoms
MAT_127,Pd,0.8,0.1999999999999999,Ru0.80Pd0.20Ox,1,37,O,data\vacancies\MAT_127_vacancy_site1.cif,data\substituted_slabs\MAT_127_110_slab.cif,surface oxygen vacancy generated from highest-z oxygen atoms
MAT_127,Pd,0.8,0.1999999999999999,Ru0.80Pd0.20Ox,2,41,O,data\vacancies\MAT_127_vacancy_site2.cif,data\substituted_slabs\MAT_127_110_slab.cif,surface oxygen vacancy generated from highest-z oxygen atoms
MAT_128,Pd,0.6,0.4,Ru0.60Pd0.40Ox,0,45,O,data\vacancies\MAT_128_vacancy_site0.cif,data\substituted_slabs\MAT_128_110_slab.cif,surface oxygen vacancy generated from highest-z oxygen atoms
MAT_128,Pd,0.6,0.4,Ru0.60Pd0.40Ox,1,37,O,data\vacancies\MAT_128_vacancy_site1.cif,data\substituted_slabs\MAT_128_110_slab.cif,surface oxygen vacancy generated from highest-z oxygen atoms
MAT_128,Pd,0.6,0.4,Ru0.60Pd0.40Ox,2,41,O,data\vacancies\MAT_128_vacancy_site2.cif,data\substituted_slabs\MAT_128_110_slab.cif,surface oxygen vacancy generated from highest-z oxygen atoms
MAT_129,Pd,0.4,0.6,Ru0.40Pd0.60Ox,0,45,O,data\vacancies\MAT_129_vacancy_site0.cif,data\substituted_slabs\MAT_129_110_slab.cif,surface oxygen vacancy generated from highest-z oxygen atoms
MAT_129,Pd,0.4,0.6,Ru0.40Pd0.60Ox,1,37,O,data\vacancies\MAT_129_vacancy_site1.cif,data\substituted_slabs\MAT_129_110_slab.cif,surface oxygen vacancy generated from highest-z oxygen atoms
MAT_129,Pd,0.4,0.6,Ru0.40Pd0.60Ox,2,41,O,data\vacancies\MAT_129_vacancy_site2.cif,data\substituted_slabs\MAT_129_110_slab.cif,surface oxygen vacancy generated from highest-z oxygen atoms
MAT_130,Pd,0.2,0.8,Ru0.20Pd0.80Ox,0,45,O,data\vacancies\MAT_130_vacancy_site0.cif,data\substituted_slabs\MAT_130_110_slab.cif,surface oxygen vacancy generated from highest-z oxygen atoms
MAT_130,Pd,0.2,0.8,Ru0.20Pd0.80Ox,1,37,O,data\vacancies\MAT_130_vacancy_site1.cif,data\substituted_slabs\MAT_130_110_slab.cif,surface oxygen vacancy generated from highest-z oxygen atoms
MAT_130,Pd,0.2,0.8,Ru0.20Pd0.80Ox,2,41,O,data\vacancies\MAT_130_vacancy_site2.cif,data\substituted_slabs\MAT_130_110_slab.cif,surface oxygen vacancy generated from highest-z oxygen atoms
MAT_132,Ag,0.8,0.1999999999999999,Ru0.80Ag0.20Ox,0,45,O,data\vacancies\MAT_132_vacancy_site0.cif,data\substituted_slabs\MAT_132_110_slab.cif,surface oxygen vacancy generated from highest-z oxygen atoms
MAT_132,Ag,0.8,0.1999999999999999,Ru0.80Ag0.20Ox,1,37,O,data\vacancies\MAT_132_vacancy_site1.cif,data\substituted_slabs\MAT_132_110_slab.cif,surface oxygen vacancy generated from highest-z oxygen atoms
MAT_132,Ag,0.8,0.1999999999999999,Ru0.80Ag0.20Ox,2,41,O,data\vacancies\MAT_132_vacancy_site2.cif,data\substituted_slabs\MAT_132_110_slab.cif,surface oxygen vacancy generated from highest-z oxygen atoms
MAT_133,Ag,0.6,0.4,Ru0.60Ag0.40Ox,0,45,O,data\vacancies\MAT_133_vacancy_site0.cif,data\substituted_slabs\MAT_133_110_slab.cif,surface oxygen vacancy generated from highest-z oxygen atoms
MAT_133,Ag,0.6,0.4,Ru0.60Ag0.40Ox,1,37,O,data\vacancies\MAT_133_vacancy_site1.cif,data\substituted_slabs\MAT_133_110_slab.cif,surface oxygen vacancy generated from highest-z oxygen atoms
MAT_133,Ag,0.6,0.4,Ru0.60Ag0.40Ox,2,41,O,data\vacancies\MAT_133_vacancy_site2.cif,data\substituted_slabs\MAT_133_110_slab.cif,surface oxygen vacancy generated from highest-z oxygen atoms
MAT_134,Ag,0.4,0.6,Ru0.40Ag0.60Ox,0,45,O,data\vacancies\MAT_134_vacancy_site0.cif,data\substituted_slabs\MAT_134_110_slab.cif,surface oxygen vacancy generated from highest-z oxygen atoms
MAT_134,Ag,0.4,0.6,Ru0.40Ag0.60Ox,1,37,O,data\vacancies\MAT_134_vacancy_site1.cif,data\substituted_slabs\MAT_134_110_slab.cif,surface oxygen vacancy generated from highest-z oxygen atoms
MAT_134,Ag,0.4,0.6,Ru0.40Ag0.60Ox,2,41,O,data\vacancies\MAT_134_vacancy_site2.cif,data\substituted_slabs\MAT_134_110_slab.cif,surface oxygen vacancy generated from highest-z oxygen atoms
MAT_135,Ag,0.2,0.8,Ru0.20Ag0.80Ox,0,45,O,data\vacancies\MAT_135_vacancy_site0.cif,data\substituted_slabs\MAT_135_110_slab.cif,surface oxygen vacancy generated from highest-z oxygen atoms
MAT_135,Ag,0.2,0.8,Ru0.20Ag0.80Ox,1,37,O,data\vacancies\MAT_135_vacancy_site1.cif,data\substituted_slabs\MAT_135_110_slab.cif,surface oxygen vacancy generated from highest-z oxygen atoms
MAT_135,Ag,0.2,0.8,Ru0.20Ag0.80Ox,2,41,O,data\vacancies\MAT_135_vacancy_site2.cif,data\substituted_slabs\MAT_135_110_slab.cif,surface oxygen vacancy generated from highest-z oxygen atoms
MAT_137,Cd,0.8,0.1999999999999999,Ru0.80Cd0.20Ox,0,45,O,data\vacancies\MAT_137_vacancy_site0.cif,data\substituted_slabs\MAT_137_110_slab.cif,surface oxygen vacancy generated from highest-z oxygen atoms
MAT_137,Cd,0.8,0.1999999999999999,Ru0.80Cd0.20Ox,1,37,O,data\vacancies\MAT_137_vacancy_site1.cif,data\substituted_slabs\MAT_137_110_slab.cif,surface oxygen vacancy generated from highest-z oxygen atoms
MAT_137,Cd,0.8,0.1999999999999999,Ru0.80Cd0.20Ox,2,41,O,data\vacancies\MAT_137_vacancy_site2.cif,data\substituted_slabs\MAT_137_110_slab.cif,surface oxygen vacancy generated from highest-z oxygen atoms
MAT_138,Cd,0.6,0.4,Ru0.60Cd0.40Ox,0,45,O,data\vacancies\MAT_138_vacancy_site0.cif,data\substituted_slabs\MAT_138_110_slab.cif,surface oxygen vacancy generated from highest-z oxygen atoms
MAT_138,Cd,0.6,0.4,Ru0.60Cd0.40Ox,1,37,O,data\vacancies\MAT_138_vacancy_site1.cif,data\substituted_slabs\MAT_138_110_slab.cif,surface oxygen vacancy generated from highest-z oxygen atoms
MAT_138,Cd,0.6,0.4,Ru0.60Cd0.40Ox,2,41,O,data\vacancies\MAT_138_vacancy_site2.cif,data\substituted_slabs\MAT_138_110_slab.cif,surface oxygen vacancy generated from highest-z oxygen atoms
MAT_139,Cd,0.4,0.6,Ru0.40Cd0.60Ox,0,45,O,data\vacancies\MAT_139_vacancy_site0.cif,data\substituted_slabs\MAT_139_110_slab.cif,surface oxygen vacancy generated from highest-z oxygen atoms
MAT_139,Cd,0.4,0.6,Ru0.40Cd0.60Ox,1,37,O,data\vacancies\MAT_139_vacancy_site1.cif,data\substituted_slabs\MAT_139_110_slab.cif,surface oxygen vacancy generated from highest-z oxygen atoms
MAT_139,Cd,0.4,0.6,Ru0.40Cd0.60Ox,2,41,O,data\vacancies\MAT_139_vacancy_site2.cif,data\substituted_slabs\MAT_139_110_slab.cif,surface oxygen vacancy generated from highest-z oxygen atoms
MAT_140,Cd,0.2,0.8,Ru0.20Cd0.80Ox,0,45,O,data\vacancies\MAT_140_vacancy_site0.cif,data\substituted_slabs\MAT_140_110_slab.cif,surface oxygen vacancy generated from highest-z oxygen atoms
MAT_140,Cd,0.2,0.8,Ru0.20Cd0.80Ox,1,37,O,data\vacancies\MAT_140_vacancy_site1.cif,data\substituted_slabs\MAT_140_110_slab.cif,surface oxygen vacancy generated from highest-z oxygen atoms
MAT_140,Cd,0.2,0.8,Ru0.20Cd0.80Ox,2,41,O,data\vacancies\MAT_140_vacancy_site2.cif,data\substituted_slabs\MAT_140_110_slab.cif,surface oxygen vacancy generated from highest-z oxygen atoms
MAT_142,In,0.8,0.1999999999999999,Ru0.80In0.20Ox,0,45,O,data\vacancies\MAT_142_vacancy_site0.cif,data\substituted_slabs\MAT_142_110_slab.cif,surface oxygen vacancy generated from highest-z oxygen atoms
MAT_142,In,0.8,0.1999999999999999,Ru0.80In0.20Ox,1,37,O,data\vacancies\MAT_142_vacancy_site1.cif,data\substituted_slabs\MAT_142_110_slab.cif,surface oxygen vacancy generated from highest-z oxygen atoms
MAT_142,In,0.8,0.1999999999999999,Ru0.80In0.20Ox,2,41,O,data\vacancies\MAT_142_vacancy_site2.cif,data\substituted_slabs\MAT_142_110_slab.cif,surface oxygen vacancy generated from highest-z oxygen atoms
MAT_143,In,0.6,0.4,Ru0.60In0.40Ox,0,45,O,data\vacancies\MAT_143_vacancy_site0.cif,data\substituted_slabs\MAT_143_110_slab.cif,surface oxygen vacancy generated from highest-z oxygen atoms
MAT_143,In,0.6,0.4,Ru0.60In0.40Ox,1,37,O,data\vacancies\MAT_143_vacancy_site1.cif,data\substituted_slabs\MAT_143_110_slab.cif,surface oxygen vacancy generated from highest-z oxygen atoms
MAT_143,In,0.6,0.4,Ru0.60In0.40Ox,2,41,O,data\vacancies\MAT_143_vacancy_site2.cif,data\substituted_slabs\MAT_143_110_slab.cif,surface oxygen vacancy generated from highest-z oxygen atoms
MAT_144,In,0.4,0.6,Ru0.40In0.60Ox,0,45,O,data\vacancies\MAT_144_vacancy_site0.cif,data\substituted_slabs\MAT_144_110_slab.cif,surface oxygen vacancy generated from highest-z oxygen atoms
MAT_144,In,0.4,0.6,Ru0.40In0.60Ox,1,37,O,data\vacancies\MAT_144_vacancy_site1.cif,data\substituted_slabs\MAT_144_110_slab.cif,surface oxygen vacancy generated from highest-z oxygen atoms
MAT_144,In,0.4,0.6,Ru0.40In0.60Ox,2,41,O,data\vacancies\MAT_144_vacancy_site2.cif,data\substituted_slabs\MAT_144_110_slab.cif,surface oxygen vacancy generated from highest-z oxygen atoms
MAT_145,In,0.2,0.8,Ru0.20In0.80Ox,0,45,O,data\vacancies\MAT_145_vacancy_site0.cif,data\substituted_slabs\MAT_145_110_slab.cif,surface oxygen vacancy generated from highest-z oxygen atoms
MAT_145,In,0.2,0.8,Ru0.20In0.80Ox,1,37,O,data\vacancies\MAT_145_vacancy_site1.cif,data\substituted_slabs\MAT_145_110_slab.cif,surface oxygen vacancy generated from highest-z oxygen atoms
MAT_145,In,0.2,0.8,Ru0.20In0.80Ox,2,41,O,data\vacancies\MAT_145_vacancy_site2.cif,data\substituted_slabs\MAT_145_110_slab.cif,surface oxygen vacancy generated from highest-z oxygen atoms
MAT_147,Sn,0.8,0.1999999999999999,Ru0.80Sn0.20Ox,0,45,O,data\vacancies\MAT_147_vacancy_site0.cif,data\substituted_slabs\MAT_147_110_slab.cif,surface oxygen vacancy generated from highest-z oxygen atoms
MAT_147,Sn,0.8,0.1999999999999999,Ru0.80Sn0.20Ox,1,37,O,data\vacancies\MAT_147_vacancy_site1.cif,data\substituted_slabs\MAT_147_110_slab.cif,surface oxygen vacancy generated from highest-z oxygen atoms
MAT_147,Sn,0.8,0.1999999999999999,Ru0.80Sn0.20Ox,2,41,O,data\vacancies\MAT_147_vacancy_site2.cif,data\substituted_slabs\MAT_147_110_slab.cif,surface oxygen vacancy generated from highest-z oxygen atoms
MAT_148,Sn,0.6,0.4,Ru0.60Sn0.40Ox,0,45,O,data\vacancies\MAT_148_vacancy_site0.cif,data\substituted_slabs\MAT_148_110_slab.cif,surface oxygen vacancy generated from highest-z oxygen atoms
MAT_148,Sn,0.6,0.4,Ru0.60Sn0.40Ox,1,37,O,data\vacancies\MAT_148_vacancy_site1.cif,data\substituted_slabs\MAT_148_110_slab.cif,surface oxygen vacancy generated from highest-z oxygen atoms
MAT_148,Sn,0.6,0.4,Ru0.60Sn0.40Ox,2,41,O,data\vacancies\MAT_148_vacancy_site2.cif,data\substituted_slabs\MAT_148_110_slab.cif,surface oxygen vacancy generated from highest-z oxygen atoms
MAT_149,Sn,0.4,0.6,Ru0.40Sn0.60Ox,0,45,O,data\vacancies\MAT_149_vacancy_site0.cif,data\substituted_slabs\MAT_149_110_slab.cif,surface oxygen vacancy generated from highest-z oxygen atoms
MAT_149,Sn,0.4,0.6,Ru0.40Sn0.60Ox,1,37,O,data\vacancies\MAT_149_vacancy_site1.cif,data\substituted_slabs\MAT_149_110_slab.cif,surface oxygen vacancy generated from highest-z oxygen atoms
MAT_149,Sn,0.4,0.6,Ru0.40Sn0.60Ox,2,41,O,data\vacancies\MAT_149_vacancy_site2.cif,data\substituted_slabs\MAT_149_110_slab.cif,surface oxygen vacancy generated from highest-z oxygen atoms
MAT_150,Sn,0.2,0.8,Ru0.20Sn0.80Ox,0,45,O,data\vacancies\MAT_150_vacancy_site0.cif,data\substituted_slabs\MAT_150_110_slab.cif,surface oxygen vacancy generated from highest-z oxygen atoms
MAT_150,Sn,0.2,0.8,Ru0.20Sn0.80Ox,1,37,O,data\vacancies\MAT_150_vacancy_site1.cif,data\substituted_slabs\MAT_150_110_slab.cif,surface oxygen vacancy generated from highest-z oxygen atoms
MAT_150,Sn,0.2,0.8,Ru0.20Sn0.80Ox,2,41,O,data\vacancies\MAT_150_vacancy_site2.cif,data\substituted_slabs\MAT_150_110_slab.cif,surface oxygen vacancy generated from highest-z oxygen atoms
MAT_152,Ba,0.8,0.1999999999999999,Ru0.80Ba0.20Ox,0,45,O,data\vacancies\MAT_152_vacancy_site0.cif,data\substituted_slabs\MAT_152_110_slab.cif,surface oxygen vacancy generated from highest-z oxygen atoms
MAT_152,Ba,0.8,0.1999999999999999,Ru0.80Ba0.20Ox,1,37,O,data\vacancies\MAT_152_vacancy_site1.cif,data\substituted_slabs\MAT_152_110_slab.cif,surface oxygen vacancy generated from highest-z oxygen atoms
MAT_152,Ba,0.8,0.1999999999999999,Ru0.80Ba0.20Ox,2,41,O,data\vacancies\MAT_152_vacancy_site2.cif,data\substituted_slabs\MAT_152_110_slab.cif,surface oxygen vacancy generated from highest-z oxygen atoms
MAT_153,Ba,0.6,0.4,Ru0.60Ba0.40Ox,0,45,O,data\vacancies\MAT_153_vacancy_site0.cif,data\substituted_slabs\MAT_153_110_slab.cif,surface oxygen vacancy generated from highest-z oxygen atoms
MAT_153,Ba,0.6,0.4,Ru0.60Ba0.40Ox,1,37,O,data\vacancies\MAT_153_vacancy_site1.cif,data\substituted_slabs\MAT_153_110_slab.cif,surface oxygen vacancy generated from highest-z oxygen atoms
MAT_153,Ba,0.6,0.4,Ru0.60Ba0.40Ox,2,41,O,data\vacancies\MAT_153_vacancy_site2.cif,data\substituted_slabs\MAT_153_110_slab.cif,surface oxygen vacancy generated from highest-z oxygen atoms
MAT_154,Ba,0.4,0.6,Ru0.40Ba0.60Ox,0,45,O,data\vacancies\MAT_154_vacancy_site0.cif,data\substituted_slabs\MAT_154_110_slab.cif,surface oxygen vacancy generated from highest-z oxygen atoms
MAT_154,Ba,0.4,0.6,Ru0.40Ba0.60Ox,1,37,O,data\vacancies\MAT_154_vacancy_site1.cif,data\substituted_slabs\MAT_154_110_slab.cif,surface oxygen vacancy generated from highest-z oxygen atoms
MAT_154,Ba,0.4,0.6,Ru0.40Ba0.60Ox,2,41,O,data\vacancies\MAT_154_vacancy_site2.cif,data\substituted_slabs\MAT_154_110_slab.cif,surface oxygen vacancy generated from highest-z oxygen atoms
MAT_155,Ba,0.2,0.8,Ru0.20Ba0.80Ox,0,45,O,data\vacancies\MAT_155_vacancy_site0.cif,data\substituted_slabs\MAT_155_110_slab.cif,surface oxygen vacancy generated from highest-z oxygen atoms
MAT_155,Ba,0.2,0.8,Ru0.20Ba0.80Ox,1,37,O,data\vacancies\MAT_155_vacancy_site1.cif,data\substituted_slabs\MAT_155_110_slab.cif,surface oxygen vacancy generated from highest-z oxygen atoms
MAT_155,Ba,0.2,0.8,Ru0.20Ba0.80Ox,2,41,O,data\vacancies\MAT_155_vacancy_site2.cif,data\substituted_slabs\MAT_155_110_slab.cif,surface oxygen vacancy generated from highest-z oxygen atoms
MAT_157,La,0.8,0.1999999999999999,Ru0.80La0.20Ox,0,45,O,data\vacancies\MAT_157_vacancy_site0.cif,data\substituted_slabs\MAT_157_110_slab.cif,surface oxygen vacancy generated from highest-z oxygen atoms
MAT_157,La,0.8,0.1999999999999999,Ru0.80La0.20Ox,1,37,O,data\vacancies\MAT_157_vacancy_site1.cif,data\substituted_slabs\MAT_157_110_slab.cif,surface oxygen vacancy generated from highest-z oxygen atoms
MAT_157,La,0.8,0.1999999999999999,Ru0.80La0.20Ox,2,41,O,data\vacancies\MAT_157_vacancy_site2.cif,data\substituted_slabs\MAT_157_110_slab.cif,surface oxygen vacancy generated from highest-z oxygen atoms
MAT_158,La,0.6,0.4,Ru0.60La0.40Ox,0,45,O,data\vacancies\MAT_158_vacancy_site0.cif,data\substituted_slabs\MAT_158_110_slab.cif,surface oxygen vacancy generated from highest-z oxygen atoms
MAT_158,La,0.6,0.4,Ru0.60La0.40Ox,1,37,O,data\vacancies\MAT_158_vacancy_site1.cif,data\substituted_slabs\MAT_158_110_slab.cif,surface oxygen vacancy generated from highest-z oxygen atoms
MAT_158,La,0.6,0.4,Ru0.60La0.40Ox,2,41,O,data\vacancies\MAT_158_vacancy_site2.cif,data\substituted_slabs\MAT_158_110_slab.cif,surface oxygen vacancy generated from highest-z oxygen atoms
MAT_159,La,0.4,0.6,Ru0.40La0.60Ox,0,45,O,data\vacancies\MAT_159_vacancy_site0.cif,data\substituted_slabs\MAT_159_110_slab.cif,surface oxygen vacancy generated from highest-z oxygen atoms
MAT_159,La,0.4,0.6,Ru0.40La0.60Ox,1,37,O,data\vacancies\MAT_159_vacancy_site1.cif,data\substituted_slabs\MAT_159_110_slab.cif,surface oxygen vacancy generated from highest-z oxygen atoms
MAT_159,La,0.4,0.6,Ru0.40La0.60Ox,2,41,O,data\vacancies\MAT_159_vacancy_site2.cif,data\substituted_slabs\MAT_159_110_slab.cif,surface oxygen vacancy generated from highest-z oxygen atoms
MAT_160,La,0.2,0.8,Ru0.20La0.80Ox,0,45,O,data\vacancies\MAT_160_vacancy_site0.cif,data\substituted_slabs\MAT_160_110_slab.cif,surface oxygen vacancy generated from highest-z oxygen atoms
MAT_160,La,0.2,0.8,Ru0.20La0.80Ox,1,37,O,data\vacancies\MAT_160_vacancy_site1.cif,data\substituted_slabs\MAT_160_110_slab.cif,surface oxygen vacancy generated from highest-z oxygen atoms
MAT_160,La,0.2,0.8,Ru0.20La0.80Ox,2,41,O,data\vacancies\MAT_160_vacancy_site2.cif,data\substituted_slabs\MAT_160_110_slab.cif,surface oxygen vacancy generated from highest-z oxygen atoms
MAT_162,Ce,0.8,0.1999999999999999,Ru0.80Ce0.20Ox,0,45,O,data\vacancies\MAT_162_vacancy_site0.cif,data\substituted_slabs\MAT_162_110_slab.cif,surface oxygen vacancy generated from highest-z oxygen atoms
MAT_162,Ce,0.8,0.1999999999999999,Ru0.80Ce0.20Ox,1,37,O,data\vacancies\MAT_162_vacancy_site1.cif,data\substituted_slabs\MAT_162_110_slab.cif,surface oxygen vacancy generated from highest-z oxygen atoms
MAT_162,Ce,0.8,0.1999999999999999,Ru0.80Ce0.20Ox,2,41,O,data\vacancies\MAT_162_vacancy_site2.cif,data\substituted_slabs\MAT_162_110_slab.cif,surface oxygen vacancy generated from highest-z oxygen atoms
MAT_163,Ce,0.6,0.4,Ru0.60Ce0.40Ox,0,45,O,data\vacancies\MAT_163_vacancy_site0.cif,data\substituted_slabs\MAT_163_110_slab.cif,surface oxygen vacancy generated from highest-z oxygen atoms
MAT_163,Ce,0.6,0.4,Ru0.60Ce0.40Ox,1,37,O,data\vacancies\MAT_163_vacancy_site1.cif,data\substituted_slabs\MAT_163_110_slab.cif,surface oxygen vacancy generated from highest-z oxygen atoms
MAT_163,Ce,0.6,0.4,Ru0.60Ce0.40Ox,2,41,O,data\vacancies\MAT_163_vacancy_site2.cif,data\substituted_slabs\MAT_163_110_slab.cif,surface oxygen vacancy generated from highest-z oxygen atoms
MAT_164,Ce,0.4,0.6,Ru0.40Ce0.60Ox,0,45,O,data\vacancies\MAT_164_vacancy_site0.cif,data\substituted_slabs\MAT_164_110_slab.cif,surface oxygen vacancy generated from highest-z oxygen atoms
MAT_164,Ce,0.4,0.6,Ru0.40Ce0.60Ox,1,37,O,data\vacancies\MAT_164_vacancy_site1.cif,data\substituted_slabs\MAT_164_110_slab.cif,surface oxygen vacancy generated from highest-z oxygen atoms
MAT_164,Ce,0.4,0.6,Ru0.40Ce0.60Ox,2,41,O,data\vacancies\MAT_164_vacancy_site2.cif,data\substituted_slabs\MAT_164_110_slab.cif,surface oxygen vacancy generated from highest-z oxygen atoms
MAT_165,Ce,0.2,0.8,Ru0.20Ce0.80Ox,0,45,O,data\vacancies\MAT_165_vacancy_site0.cif,data\substituted_slabs\MAT_165_110_slab.cif,surface oxygen vacancy generated from highest-z oxygen atoms
MAT_165,Ce,0.2,0.8,Ru0.20Ce0.80Ox,1,37,O,data\vacancies\MAT_165_vacancy_site1.cif,data\substituted_slabs\MAT_165_110_slab.cif,surface oxygen vacancy generated from highest-z oxygen atoms
MAT_165,Ce,0.2,0.8,Ru0.20Ce0.80Ox,2,41,O,data\vacancies\MAT_165_vacancy_site2.cif,data\substituted_slabs\MAT_165_110_slab.cif,surface oxygen vacancy generated from highest-z oxygen atoms
MAT_167,Pr,0.8,0.1999999999999999,Ru0.80Pr0.20Ox,0,45,O,data\vacancies\MAT_167_vacancy_site0.cif,data\substituted_slabs\MAT_167_110_slab.cif,surface oxygen vacancy generated from highest-z oxygen atoms
MAT_167,Pr,0.8,0.1999999999999999,Ru0.80Pr0.20Ox,1,37,O,data\vacancies\MAT_167_vacancy_site1.cif,data\substituted_slabs\MAT_167_110_slab.cif,surface oxygen vacancy generated from highest-z oxygen atoms
MAT_167,Pr,0.8,0.1999999999999999,Ru0.80Pr0.20Ox,2,41,O,data\vacancies\MAT_167_vacancy_site2.cif,data\substituted_slabs\MAT_167_110_slab.cif,surface oxygen vacancy generated from highest-z oxygen atoms
MAT_168,Pr,0.6,0.4,Ru0.60Pr0.40Ox,0,45,O,data\vacancies\MAT_168_vacancy_site0.cif,data\substituted_slabs\MAT_168_110_slab.cif,surface oxygen vacancy generated from highest-z oxygen atoms
MAT_168,Pr,0.6,0.4,Ru0.60Pr0.40Ox,1,37,O,data\vacancies\MAT_168_vacancy_site1.cif,data\substituted_slabs\MAT_168_110_slab.cif,surface oxygen vacancy generated from highest-z oxygen atoms
MAT_168,Pr,0.6,0.4,Ru0.60Pr0.40Ox,2,41,O,data\vacancies\MAT_168_vacancy_site2.cif,data\substituted_slabs\MAT_168_110_slab.cif,surface oxygen vacancy generated from highest-z oxygen atoms
MAT_169,Pr,0.4,0.6,Ru0.40Pr0.60Ox,0,45,O,data\vacancies\MAT_169_vacancy_site0.cif,data\substituted_slabs\MAT_169_110_slab.cif,surface oxygen vacancy generated from highest-z oxygen atoms
MAT_169,Pr,0.4,0.6,Ru0.40Pr0.60Ox,1,37,O,data\vacancies\MAT_169_vacancy_site1.cif,data\substituted_slabs\MAT_169_110_slab.cif,surface oxygen vacancy generated from highest-z oxygen atoms
MAT_169,Pr,0.4,0.6,Ru0.40Pr0.60Ox,2,41,O,data\vacancies\MAT_169_vacancy_site2.cif,data\substituted_slabs\MAT_169_110_slab.cif,surface oxygen vacancy generated from highest-z oxygen atoms
MAT_170,Pr,0.2,0.8,Ru0.20Pr0.80Ox,0,45,O,data\vacancies\MAT_170_vacancy_site0.cif,data\substituted_slabs\MAT_170_110_slab.cif,surface oxygen vacancy generated from highest-z oxygen atoms
MAT_170,Pr,0.2,0.8,Ru0.20Pr0.80Ox,1,37,O,data\vacancies\MAT_170_vacancy_site1.cif,data\substituted_slabs\MAT_170_110_slab.cif,surface oxygen vacancy generated from highest-z oxygen atoms
MAT_170,Pr,0.2,0.8,Ru0.20Pr0.80Ox,2,41,O,data\vacancies\MAT_170_vacancy_site2.cif,data\substituted_slabs\MAT_170_110_slab.cif,surface oxygen vacancy generated from highest-z oxygen atoms
MAT_172,Nd,0.8,0.1999999999999999,Ru0.80Nd0.20Ox,0,45,O,data\vacancies\MAT_172_vacancy_site0.cif,data\substituted_slabs\MAT_172_110_slab.cif,surface oxygen vacancy generated from highest-z oxygen atoms
MAT_172,Nd,0.8,0.1999999999999999,Ru0.80Nd0.20Ox,1,37,O,data\vacancies\MAT_172_vacancy_site1.cif,data\substituted_slabs\MAT_172_110_slab.cif,surface oxygen vacancy generated from highest-z oxygen atoms
MAT_172,Nd,0.8,0.1999999999999999,Ru0.80Nd0.20Ox,2,41,O,data\vacancies\MAT_172_vacancy_site2.cif,data\substituted_slabs\MAT_172_110_slab.cif,surface oxygen vacancy generated from highest-z oxygen atoms
MAT_173,Nd,0.6,0.4,Ru0.60Nd0.40Ox,0,45,O,data\vacancies\MAT_173_vacancy_site0.cif,data\substituted_slabs\MAT_173_110_slab.cif,surface oxygen vacancy generated from highest-z oxygen atoms
MAT_173,Nd,0.6,0.4,Ru0.60Nd0.40Ox,1,37,O,data\vacancies\MAT_173_vacancy_site1.cif,data\substituted_slabs\MAT_173_110_slab.cif,surface oxygen vacancy generated from highest-z oxygen atoms
MAT_173,Nd,0.6,0.4,Ru0.60Nd0.40Ox,2,41,O,data\vacancies\MAT_173_vacancy_site2.cif,data\substituted_slabs\MAT_173_110_slab.cif,surface oxygen vacancy generated from highest-z oxygen atoms
MAT_174,Nd,0.4,0.6,Ru0.40Nd0.60Ox,0,45,O,data\vacancies\MAT_174_vacancy_site0.cif,data\substituted_slabs\MAT_174_110_slab.cif,surface oxygen vacancy generated from highest-z oxygen atoms
MAT_174,Nd,0.4,0.6,Ru0.40Nd0.60Ox,1,37,O,data\vacancies\MAT_174_vacancy_site1.cif,data\substituted_slabs\MAT_174_110_slab.cif,surface oxygen vacancy generated from highest-z oxygen atoms
MAT_174,Nd,0.4,0.6,Ru0.40Nd0.60Ox,2,41,O,data\vacancies\MAT_174_vacancy_site2.cif,data\substituted_slabs\MAT_174_110_slab.cif,surface oxygen vacancy generated from highest-z oxygen atoms
MAT_175,Nd,0.2,0.8,Ru0.20Nd0.80Ox,0,45,O,data\vacancies\MAT_175_vacancy_site0.cif,data\substituted_slabs\MAT_175_110_slab.cif,surface oxygen vacancy generated from highest-z oxygen atoms
MAT_175,Nd,0.2,0.8,Ru0.20Nd0.80Ox,1,37,O,data\vacancies\MAT_175_vacancy_site1.cif,data\substituted_slabs\MAT_175_110_slab.cif,surface oxygen vacancy generated from highest-z oxygen atoms
MAT_175,Nd,0.2,0.8,Ru0.20Nd0.80Ox,2,41,O,data\vacancies\MAT_175_vacancy_site2.cif,data\substituted_slabs\MAT_175_110_slab.cif,surface oxygen vacancy generated from highest-z oxygen atoms
MAT_177,Sm,0.8,0.1999999999999999,Ru0.80Sm0.20Ox,0,45,O,data\vacancies\MAT_177_vacancy_site0.cif,data\substituted_slabs\MAT_177_110_slab.cif,surface oxygen vacancy generated from highest-z oxygen atoms
MAT_177,Sm,0.8,0.1999999999999999,Ru0.80Sm0.20Ox,1,37,O,data\vacancies\MAT_177_vacancy_site1.cif,data\substituted_slabs\MAT_177_110_slab.cif,surface oxygen vacancy generated from highest-z oxygen atoms
MAT_177,Sm,0.8,0.1999999999999999,Ru0.80Sm0.20Ox,2,41,O,data\vacancies\MAT_177_vacancy_site2.cif,data\substituted_slabs\MAT_177_110_slab.cif,surface oxygen vacancy generated from highest-z oxygen atoms
MAT_178,Sm,0.6,0.4,Ru0.60Sm0.40Ox,0,45,O,data\vacancies\MAT_178_vacancy_site0.cif,data\substituted_slabs\MAT_178_110_slab.cif,surface oxygen vacancy generated from highest-z oxygen atoms
MAT_178,Sm,0.6,0.4,Ru0.60Sm0.40Ox,1,37,O,data\vacancies\MAT_178_vacancy_site1.cif,data\substituted_slabs\MAT_178_110_slab.cif,surface oxygen vacancy generated from highest-z oxygen atoms
MAT_178,Sm,0.6,0.4,Ru0.60Sm0.40Ox,2,41,O,data\vacancies\MAT_178_vacancy_site2.cif,data\substituted_slabs\MAT_178_110_slab.cif,surface oxygen vacancy generated from highest-z oxygen atoms
MAT_179,Sm,0.4,0.6,Ru0.40Sm0.60Ox,0,45,O,data\vacancies\MAT_179_vacancy_site0.cif,data\substituted_slabs\MAT_179_110_slab.cif,surface oxygen vacancy generated from highest-z oxygen atoms
MAT_179,Sm,0.4,0.6,Ru0.40Sm0.60Ox,1,37,O,data\vacancies\MAT_179_vacancy_site1.cif,data\substituted_slabs\MAT_179_110_slab.cif,surface oxygen vacancy generated from highest-z oxygen atoms
MAT_179,Sm,0.4,0.6,Ru0.40Sm0.60Ox,2,41,O,data\vacancies\MAT_179_vacancy_site2.cif,data\substituted_slabs\MAT_179_110_slab.cif,surface oxygen vacancy generated from highest-z oxygen atoms
MAT_180,Sm,0.2,0.8,Ru0.20Sm0.80Ox,0,45,O,data\vacancies\MAT_180_vacancy_site0.cif,data\substituted_slabs\MAT_180_110_slab.cif,surface oxygen vacancy generated from highest-z oxygen atoms
MAT_180,Sm,0.2,0.8,Ru0.20Sm0.80Ox,1,37,O,data\vacancies\MAT_180_vacancy_site1.cif,data\substituted_slabs\MAT_180_110_slab.cif,surface oxygen vacancy generated from highest-z oxygen atoms
MAT_180,Sm,0.2,0.8,Ru0.20Sm0.80Ox,2,41,O,data\vacancies\MAT_180_vacancy_site2.cif,data\substituted_slabs\MAT_180_110_slab.cif,surface oxygen vacancy generated from highest-z oxygen atoms
MAT_182,Gd,0.8,0.1999999999999999,Ru0.80Gd0.20Ox,0,45,O,data\vacancies\MAT_182_vacancy_site0.cif,data\substituted_slabs\MAT_182_110_slab.cif,surface oxygen vacancy generated from highest-z oxygen atoms
MAT_182,Gd,0.8,0.1999999999999999,Ru0.80Gd0.20Ox,1,37,O,data\vacancies\MAT_182_vacancy_site1.cif,data\substituted_slabs\MAT_182_110_slab.cif,surface oxygen vacancy generated from highest-z oxygen atoms
MAT_182,Gd,0.8,0.1999999999999999,Ru0.80Gd0.20Ox,2,41,O,data\vacancies\MAT_182_vacancy_site2.cif,data\substituted_slabs\MAT_182_110_slab.cif,surface oxygen vacancy generated from highest-z oxygen atoms
MAT_183,Gd,0.6,0.4,Ru0.60Gd0.40Ox,0,45,O,data\vacancies\MAT_183_vacancy_site0.cif,data\substituted_slabs\MAT_183_110_slab.cif,surface oxygen vacancy generated from highest-z oxygen atoms
MAT_183,Gd,0.6,0.4,Ru0.60Gd0.40Ox,1,37,O,data\vacancies\MAT_183_vacancy_site1.cif,data\substituted_slabs\MAT_183_110_slab.cif,surface oxygen vacancy generated from highest-z oxygen atoms
MAT_183,Gd,0.6,0.4,Ru0.60Gd0.40Ox,2,41,O,data\vacancies\MAT_183_vacancy_site2.cif,data\substituted_slabs\MAT_183_110_slab.cif,surface oxygen vacancy generated from highest-z oxygen atoms
MAT_184,Gd,0.4,0.6,Ru0.40Gd0.60Ox,0,45,O,data\vacancies\MAT_184_vacancy_site0.cif,data\substituted_slabs\MAT_184_110_slab.cif,surface oxygen vacancy generated from highest-z oxygen atoms
MAT_184,Gd,0.4,0.6,Ru0.40Gd0.60Ox,1,37,O,data\vacancies\MAT_184_vacancy_site1.cif,data\substituted_slabs\MAT_184_110_slab.cif,surface oxygen vacancy generated from highest-z oxygen atoms
MAT_184,Gd,0.4,0.6,Ru0.40Gd0.60Ox,2,41,O,data\vacancies\MAT_184_vacancy_site2.cif,data\substituted_slabs\MAT_184_110_slab.cif,surface oxygen vacancy generated from highest-z oxygen atoms
MAT_185,Gd,0.2,0.8,Ru0.20Gd0.80Ox,0,45,O,data\vacancies\MAT_185_vacancy_site0.cif,data\substituted_slabs\MAT_185_110_slab.cif,surface oxygen vacancy generated from highest-z oxygen atoms
MAT_185,Gd,0.2,0.8,Ru0.20Gd0.80Ox,1,37,O,data\vacancies\MAT_185_vacancy_site1.cif,data\substituted_slabs\MAT_185_110_slab.cif,surface oxygen vacancy generated from highest-z oxygen atoms
MAT_185,Gd,0.2,0.8,Ru0.20Gd0.80Ox,2,41,O,data\vacancies\MAT_185_vacancy_site2.cif,data\substituted_slabs\MAT_185_110_slab.cif,surface oxygen vacancy generated from highest-z oxygen atoms
MAT_187,Tb,0.8,0.1999999999999999,Ru0.80Tb0.20Ox,0,45,O,data\vacancies\MAT_187_vacancy_site0.cif,data\substituted_slabs\MAT_187_110_slab.cif,surface oxygen vacancy generated from highest-z oxygen atoms
MAT_187,Tb,0.8,0.1999999999999999,Ru0.80Tb0.20Ox,1,37,O,data\vacancies\MAT_187_vacancy_site1.cif,data\substituted_slabs\MAT_187_110_slab.cif,surface oxygen vacancy generated from highest-z oxygen atoms
MAT_187,Tb,0.8,0.1999999999999999,Ru0.80Tb0.20Ox,2,41,O,data\vacancies\MAT_187_vacancy_site2.cif,data\substituted_slabs\MAT_187_110_slab.cif,surface oxygen vacancy generated from highest-z oxygen atoms
MAT_188,Tb,0.6,0.4,Ru0.60Tb0.40Ox,0,45,O,data\vacancies\MAT_188_vacancy_site0.cif,data\substituted_slabs\MAT_188_110_slab.cif,surface oxygen vacancy generated from highest-z oxygen atoms
MAT_188,Tb,0.6,0.4,Ru0.60Tb0.40Ox,1,37,O,data\vacancies\MAT_188_vacancy_site1.cif,data\substituted_slabs\MAT_188_110_slab.cif,surface oxygen vacancy generated from highest-z oxygen atoms
MAT_188,Tb,0.6,0.4,Ru0.60Tb0.40Ox,2,41,O,data\vacancies\MAT_188_vacancy_site2.cif,data\substituted_slabs\MAT_188_110_slab.cif,surface oxygen vacancy generated from highest-z oxygen atoms
MAT_189,Tb,0.4,0.6,Ru0.40Tb0.60Ox,0,45,O,data\vacancies\MAT_189_vacancy_site0.cif,data\substituted_slabs\MAT_189_110_slab.cif,surface oxygen vacancy generated from highest-z oxygen atoms
MAT_189,Tb,0.4,0.6,Ru0.40Tb0.60Ox,1,37,O,data\vacancies\MAT_189_vacancy_site1.cif,data\substituted_slabs\MAT_189_110_slab.cif,surface oxygen vacancy generated from highest-z oxygen atoms
MAT_189,Tb,0.4,0.6,Ru0.40Tb0.60Ox,2,41,O,data\vacancies\MAT_189_vacancy_site2.cif,data\substituted_slabs\MAT_189_110_slab.cif,surface oxygen vacancy generated from highest-z oxygen atoms
MAT_190,Tb,0.2,0.8,Ru0.20Tb0.80Ox,0,45,O,data\vacancies\MAT_190_vacancy_site0.cif,data\substituted_slabs\MAT_190_110_slab.cif,surface oxygen vacancy generated from highest-z oxygen atoms
MAT_190,Tb,0.2,0.8,Ru0.20Tb0.80Ox,1,37,O,data\vacancies\MAT_190_vacancy_site1.cif,data\substituted_slabs\MAT_190_110_slab.cif,surface oxygen vacancy generated from highest-z oxygen atoms
MAT_190,Tb,0.2,0.8,Ru0.20Tb0.80Ox,2,41,O,data\vacancies\MAT_190_vacancy_site2.cif,data\substituted_slabs\MAT_190_110_slab.cif,surface oxygen vacancy generated from highest-z oxygen atoms
MAT_192,Dy,0.8,0.1999999999999999,Ru0.80Dy0.20Ox,0,45,O,data\vacancies\MAT_192_vacancy_site0.cif,data\substituted_slabs\MAT_192_110_slab.cif,surface oxygen vacancy generated from highest-z oxygen atoms
MAT_192,Dy,0.8,0.1999999999999999,Ru0.80Dy0.20Ox,1,37,O,data\vacancies\MAT_192_vacancy_site1.cif,data\substituted_slabs\MAT_192_110_slab.cif,surface oxygen vacancy generated from highest-z oxygen atoms
MAT_192,Dy,0.8,0.1999999999999999,Ru0.80Dy0.20Ox,2,41,O,data\vacancies\MAT_192_vacancy_site2.cif,data\substituted_slabs\MAT_192_110_slab.cif,surface oxygen vacancy generated from highest-z oxygen atoms
MAT_193,Dy,0.6,0.4,Ru0.60Dy0.40Ox,0,45,O,data\vacancies\MAT_193_vacancy_site0.cif,data\substituted_slabs\MAT_193_110_slab.cif,surface oxygen vacancy generated from highest-z oxygen atoms
MAT_193,Dy,0.6,0.4,Ru0.60Dy0.40Ox,1,37,O,data\vacancies\MAT_193_vacancy_site1.cif,data\substituted_slabs\MAT_193_110_slab.cif,surface oxygen vacancy generated from highest-z oxygen atoms
MAT_193,Dy,0.6,0.4,Ru0.60Dy0.40Ox,2,41,O,data\vacancies\MAT_193_vacancy_site2.cif,data\substituted_slabs\MAT_193_110_slab.cif,surface oxygen vacancy generated from highest-z oxygen atoms
MAT_194,Dy,0.4,0.6,Ru0.40Dy0.60Ox,0,45,O,data\vacancies\MAT_194_vacancy_site0.cif,data\substituted_slabs\MAT_194_110_slab.cif,surface oxygen vacancy generated from highest-z oxygen atoms
MAT_194,Dy,0.4,0.6,Ru0.40Dy0.60Ox,1,37,O,data\vacancies\MAT_194_vacancy_site1.cif,data\substituted_slabs\MAT_194_110_slab.cif,surface oxygen vacancy generated from highest-z oxygen atoms
MAT_194,Dy,0.4,0.6,Ru0.40Dy0.60Ox,2,41,O,data\vacancies\MAT_194_vacancy_site2.cif,data\substituted_slabs\MAT_194_110_slab.cif,surface oxygen vacancy generated from highest-z oxygen atoms
MAT_195,Dy,0.2,0.8,Ru0.20Dy0.80Ox,0,45,O,data\vacancies\MAT_195_vacancy_site0.cif,data\substituted_slabs\MAT_195_110_slab.cif,surface oxygen vacancy generated from highest-z oxygen atoms
MAT_195,Dy,0.2,0.8,Ru0.20Dy0.80Ox,1,37,O,data\vacancies\MAT_195_vacancy_site1.cif,data\substituted_slabs\MAT_195_110_slab.cif,surface oxygen vacancy generated from highest-z oxygen atoms
MAT_195,Dy,0.2,0.8,Ru0.20Dy0.80Ox,2,41,O,data\vacancies\MAT_195_vacancy_site2.cif,data\substituted_slabs\MAT_195_110_slab.cif,surface oxygen vacancy generated from highest-z oxygen atoms
MAT_197,Ho,0.8,0.1999999999999999,Ru0.80Ho0.20Ox,0,45,O,data\vacancies\MAT_197_vacancy_site0.cif,data\substituted_slabs\MAT_197_110_slab.cif,surface oxygen vacancy generated from highest-z oxygen atoms
MAT_197,Ho,0.8,0.1999999999999999,Ru0.80Ho0.20Ox,1,37,O,data\vacancies\MAT_197_vacancy_site1.cif,data\substituted_slabs\MAT_197_110_slab.cif,surface oxygen vacancy generated from highest-z oxygen atoms
MAT_197,Ho,0.8,0.1999999999999999,Ru0.80Ho0.20Ox,2,41,O,data\vacancies\MAT_197_vacancy_site2.cif,data\substituted_slabs\MAT_197_110_slab.cif,surface oxygen vacancy generated from highest-z oxygen atoms
MAT_198,Ho,0.6,0.4,Ru0.60Ho0.40Ox,0,45,O,data\vacancies\MAT_198_vacancy_site0.cif,data\substituted_slabs\MAT_198_110_slab.cif,surface oxygen vacancy generated from highest-z oxygen atoms
MAT_198,Ho,0.6,0.4,Ru0.60Ho0.40Ox,1,37,O,data\vacancies\MAT_198_vacancy_site1.cif,data\substituted_slabs\MAT_198_110_slab.cif,surface oxygen vacancy generated from highest-z oxygen atoms
MAT_198,Ho,0.6,0.4,Ru0.60Ho0.40Ox,2,41,O,data\vacancies\MAT_198_vacancy_site2.cif,data\substituted_slabs\MAT_198_110_slab.cif,surface oxygen vacancy generated from highest-z oxygen atoms
MAT_199,Ho,0.4,0.6,Ru0.40Ho0.60Ox,0,45,O,data\vacancies\MAT_199_vacancy_site0.cif,data\substituted_slabs\MAT_199_110_slab.cif,surface oxygen vacancy generated from highest-z oxygen atoms
MAT_199,Ho,0.4,0.6,Ru0.40Ho0.60Ox,1,37,O,data\vacancies\MAT_199_vacancy_site1.cif,data\substituted_slabs\MAT_199_110_slab.cif,surface oxygen vacancy generated from highest-z oxygen atoms
MAT_199,Ho,0.4,0.6,Ru0.40Ho0.60Ox,2,41,O,data\vacancies\MAT_199_vacancy_site2.cif,data\substituted_slabs\MAT_199_110_slab.cif,surface oxygen vacancy generated from highest-z oxygen atoms
MAT_200,Ho,0.2,0.8,Ru0.20Ho0.80Ox,0,45,O,data\vacancies\MAT_200_vacancy_site0.cif,data\substituted_slabs\MAT_200_110_slab.cif,surface oxygen vacancy generated from highest-z oxygen atoms
MAT_200,Ho,0.2,0.8,Ru0.20Ho0.80Ox,1,37,O,data\vacancies\MAT_200_vacancy_site1.cif,data\substituted_slabs\MAT_200_110_slab.cif,surface oxygen vacancy generated from highest-z oxygen atoms
MAT_200,Ho,0.2,0.8,Ru0.20Ho0.80Ox,2,41,O,data\vacancies\MAT_200_vacancy_site2.cif,data\substituted_slabs\MAT_200_110_slab.cif,surface oxygen vacancy generated from highest-z oxygen atoms
MAT_202,Er,0.8,0.1999999999999999,Ru0.80Er0.20Ox,0,45,O,data\vacancies\MAT_202_vacancy_site0.cif,data\substituted_slabs\MAT_202_110_slab.cif,surface oxygen vacancy generated from highest-z oxygen atoms
MAT_202,Er,0.8,0.1999999999999999,Ru0.80Er0.20Ox,1,37,O,data\vacancies\MAT_202_vacancy_site1.cif,data\substituted_slabs\MAT_202_110_slab.cif,surface oxygen vacancy generated from highest-z oxygen atoms
MAT_202,Er,0.8,0.1999999999999999,Ru0.80Er0.20Ox,2,41,O,data\vacancies\MAT_202_vacancy_site2.cif,data\substituted_slabs\MAT_202_110_slab.cif,surface oxygen vacancy generated from highest-z oxygen atoms
MAT_203,Er,0.6,0.4,Ru0.60Er0.40Ox,0,45,O,data\vacancies\MAT_203_vacancy_site0.cif,data\substituted_slabs\MAT_203_110_slab.cif,surface oxygen vacancy generated from highest-z oxygen atoms
MAT_203,Er,0.6,0.4,Ru0.60Er0.40Ox,1,37,O,data\vacancies\MAT_203_vacancy_site1.cif,data\substituted_slabs\MAT_203_110_slab.cif,surface oxygen vacancy generated from highest-z oxygen atoms
MAT_203,Er,0.6,0.4,Ru0.60Er0.40Ox,2,41,O,data\vacancies\MAT_203_vacancy_site2.cif,data\substituted_slabs\MAT_203_110_slab.cif,surface oxygen vacancy generated from highest-z oxygen atoms
MAT_204,Er,0.4,0.6,Ru0.40Er0.60Ox,0,45,O,data\vacancies\MAT_204_vacancy_site0.cif,data\substituted_slabs\MAT_204_110_slab.cif,surface oxygen vacancy generated from highest-z oxygen atoms
MAT_204,Er,0.4,0.6,Ru0.40Er0.60Ox,1,37,O,data\vacancies\MAT_204_vacancy_site1.cif,data\substituted_slabs\MAT_204_110_slab.cif,surface oxygen vacancy generated from highest-z oxygen atoms
MAT_204,Er,0.4,0.6,Ru0.40Er0.60Ox,2,41,O,data\vacancies\MAT_204_vacancy_site2.cif,data\substituted_slabs\MAT_204_110_slab.cif,surface oxygen vacancy generated from highest-z oxygen atoms
MAT_205,Er,0.2,0.8,Ru0.20Er0.80Ox,0,45,O,data\vacancies\MAT_205_vacancy_site0.cif,data\substituted_slabs\MAT_205_110_slab.cif,surface oxygen vacancy generated from highest-z oxygen atoms
MAT_205,Er,0.2,0.8,Ru0.20Er0.80Ox,1,37,O,data\vacancies\MAT_205_vacancy_site1.cif,data\substituted_slabs\MAT_205_110_slab.cif,surface oxygen vacancy generated from highest-z oxygen atoms
MAT_205,Er,0.2,0.8,Ru0.20Er0.80Ox,2,41,O,data\vacancies\MAT_205_vacancy_site2.cif,data\substituted_slabs\MAT_205_110_slab.cif,surface oxygen vacancy generated from highest-z oxygen atoms
MAT_207,Yb,0.8,0.1999999999999999,Ru0.80Yb0.20Ox,0,45,O,data\vacancies\MAT_207_vacancy_site0.cif,data\substituted_slabs\MAT_207_110_slab.cif,surface oxygen vacancy generated from highest-z oxygen atoms
MAT_207,Yb,0.8,0.1999999999999999,Ru0.80Yb0.20Ox,1,37,O,data\vacancies\MAT_207_vacancy_site1.cif,data\substituted_slabs\MAT_207_110_slab.cif,surface oxygen vacancy generated from highest-z oxygen atoms
MAT_207,Yb,0.8,0.1999999999999999,Ru0.80Yb0.20Ox,2,41,O,data\vacancies\MAT_207_vacancy_site2.cif,data\substituted_slabs\MAT_207_110_slab.cif,surface oxygen vacancy generated from highest-z oxygen atoms
MAT_208,Yb,0.6,0.4,Ru0.60Yb0.40Ox,0,45,O,data\vacancies\MAT_208_vacancy_site0.cif,data\substituted_slabs\MAT_208_110_slab.cif,surface oxygen vacancy generated from highest-z oxygen atoms
MAT_208,Yb,0.6,0.4,Ru0.60Yb0.40Ox,1,37,O,data\vacancies\MAT_208_vacancy_site1.cif,data\substituted_slabs\MAT_208_110_slab.cif,surface oxygen vacancy generated from highest-z oxygen atoms
MAT_208,Yb,0.6,0.4,Ru0.60Yb0.40Ox,2,41,O,data\vacancies\MAT_208_vacancy_site2.cif,data\substituted_slabs\MAT_208_110_slab.cif,surface oxygen vacancy generated from highest-z oxygen atoms
MAT_209,Yb,0.4,0.6,Ru0.40Yb0.60Ox,0,45,O,data\vacancies\MAT_209_vacancy_site0.cif,data\substituted_slabs\MAT_209_110_slab.cif,surface oxygen vacancy generated from highest-z oxygen atoms
MAT_209,Yb,0.4,0.6,Ru0.40Yb0.60Ox,1,37,O,data\vacancies\MAT_209_vacancy_site1.cif,data\substituted_slabs\MAT_209_110_slab.cif,surface oxygen vacancy generated from highest-z oxygen atoms
MAT_209,Yb,0.4,0.6,Ru0.40Yb0.60Ox,2,41,O,data\vacancies\MAT_209_vacancy_site2.cif,data\substituted_slabs\MAT_209_110_slab.cif,surface oxygen vacancy generated from highest-z oxygen atoms
MAT_210,Yb,0.2,0.8,Ru0.20Yb0.80Ox,0,45,O,data\vacancies\MAT_210_vacancy_site0.cif,data\substituted_slabs\MAT_210_110_slab.cif,surface oxygen vacancy generated from highest-z oxygen atoms
MAT_210,Yb,0.2,0.8,Ru0.20Yb0.80Ox,1,37,O,data\vacancies\MAT_210_vacancy_site1.cif,data\substituted_slabs\MAT_210_110_slab.cif,surface oxygen vacancy generated from highest-z oxygen atoms
MAT_210,Yb,0.2,0.8,Ru0.20Yb0.80Ox,2,41,O,data\vacancies\MAT_210_vacancy_site2.cif,data\substituted_slabs\MAT_210_110_slab.cif,surface oxygen vacancy generated from highest-z oxygen atoms
MAT_212,Hf,0.8,0.1999999999999999,Ru0.80Hf0.20Ox,0,45,O,data\vacancies\MAT_212_vacancy_site0.cif,data\substituted_slabs\MAT_212_110_slab.cif,surface oxygen vacancy generated from highest-z oxygen atoms
MAT_212,Hf,0.8,0.1999999999999999,Ru0.80Hf0.20Ox,1,37,O,data\vacancies\MAT_212_vacancy_site1.cif,data\substituted_slabs\MAT_212_110_slab.cif,surface oxygen vacancy generated from highest-z oxygen atoms
MAT_212,Hf,0.8,0.1999999999999999,Ru0.80Hf0.20Ox,2,41,O,data\vacancies\MAT_212_vacancy_site2.cif,data\substituted_slabs\MAT_212_110_slab.cif,surface oxygen vacancy generated from highest-z oxygen atoms
MAT_213,Hf,0.6,0.4,Ru0.60Hf0.40Ox,0,45,O,data\vacancies\MAT_213_vacancy_site0.cif,data\substituted_slabs\MAT_213_110_slab.cif,surface oxygen vacancy generated from highest-z oxygen atoms
MAT_213,Hf,0.6,0.4,Ru0.60Hf0.40Ox,1,37,O,data\vacancies\MAT_213_vacancy_site1.cif,data\substituted_slabs\MAT_213_110_slab.cif,surface oxygen vacancy generated from highest-z oxygen atoms
MAT_213,Hf,0.6,0.4,Ru0.60Hf0.40Ox,2,41,O,data\vacancies\MAT_213_vacancy_site2.cif,data\substituted_slabs\MAT_213_110_slab.cif,surface oxygen vacancy generated from highest-z oxygen atoms
MAT_214,Hf,0.4,0.6,Ru0.40Hf0.60Ox,0,45,O,data\vacancies\MAT_214_vacancy_site0.cif,data\substituted_slabs\MAT_214_110_slab.cif,surface oxygen vacancy generated from highest-z oxygen atoms
MAT_214,Hf,0.4,0.6,Ru0.40Hf0.60Ox,1,37,O,data\vacancies\MAT_214_vacancy_site1.cif,data\substituted_slabs\MAT_214_110_slab.cif,surface oxygen vacancy generated from highest-z oxygen atoms
MAT_214,Hf,0.4,0.6,Ru0.40Hf0.60Ox,2,41,O,data\vacancies\MAT_214_vacancy_site2.cif,data\substituted_slabs\MAT_214_110_slab.cif,surface oxygen vacancy generated from highest-z oxygen atoms
MAT_215,Hf,0.2,0.8,Ru0.20Hf0.80Ox,0,45,O,data\vacancies\MAT_215_vacancy_site0.cif,data\substituted_slabs\MAT_215_110_slab.cif,surface oxygen vacancy generated from highest-z oxygen atoms
MAT_215,Hf,0.2,0.8,Ru0.20Hf0.80Ox,1,37,O,data\vacancies\MAT_215_vacancy_site1.cif,data\substituted_slabs\MAT_215_110_slab.cif,surface oxygen vacancy generated from highest-z oxygen atoms
MAT_215,Hf,0.2,0.8,Ru0.20Hf0.80Ox,2,41,O,data\vacancies\MAT_215_vacancy_site2.cif,data\substituted_slabs\MAT_215_110_slab.cif,surface oxygen vacancy generated from highest-z oxygen atoms
MAT_217,Ta,0.8,0.1999999999999999,Ru0.80Ta0.20Ox,0,45,O,data\vacancies\MAT_217_vacancy_site0.cif,data\substituted_slabs\MAT_217_110_slab.cif,surface oxygen vacancy generated from highest-z oxygen atoms
MAT_217,Ta,0.8,0.1999999999999999,Ru0.80Ta0.20Ox,1,37,O,data\vacancies\MAT_217_vacancy_site1.cif,data\substituted_slabs\MAT_217_110_slab.cif,surface oxygen vacancy generated from highest-z oxygen atoms
MAT_217,Ta,0.8,0.1999999999999999,Ru0.80Ta0.20Ox,2,41,O,data\vacancies\MAT_217_vacancy_site2.cif,data\substituted_slabs\MAT_217_110_slab.cif,surface oxygen vacancy generated from highest-z oxygen atoms
MAT_218,Ta,0.6,0.4,Ru0.60Ta0.40Ox,0,45,O,data\vacancies\MAT_218_vacancy_site0.cif,data\substituted_slabs\MAT_218_110_slab.cif,surface oxygen vacancy generated from highest-z oxygen atoms
MAT_218,Ta,0.6,0.4,Ru0.60Ta0.40Ox,1,37,O,data\vacancies\MAT_218_vacancy_site1.cif,data\substituted_slabs\MAT_218_110_slab.cif,surface oxygen vacancy generated from highest-z oxygen atoms
MAT_218,Ta,0.6,0.4,Ru0.60Ta0.40Ox,2,41,O,data\vacancies\MAT_218_vacancy_site2.cif,data\substituted_slabs\MAT_218_110_slab.cif,surface oxygen vacancy generated from highest-z oxygen atoms
MAT_219,Ta,0.4,0.6,Ru0.40Ta0.60Ox,0,45,O,data\vacancies\MAT_219_vacancy_site0.cif,data\substituted_slabs\MAT_219_110_slab.cif,surface oxygen vacancy generated from highest-z oxygen atoms
MAT_219,Ta,0.4,0.6,Ru0.40Ta0.60Ox,1,37,O,data\vacancies\MAT_219_vacancy_site1.cif,data\substituted_slabs\MAT_219_110_slab.cif,surface oxygen vacancy generated from highest-z oxygen atoms
MAT_219,Ta,0.4,0.6,Ru0.40Ta0.60Ox,2,41,O,data\vacancies\MAT_219_vacancy_site2.cif,data\substituted_slabs\MAT_219_110_slab.cif,surface oxygen vacancy generated from highest-z oxygen atoms
MAT_220,Ta,0.2,0.8,Ru0.20Ta0.80Ox,0,45,O,data\vacancies\MAT_220_vacancy_site0.cif,data\substituted_slabs\MAT_220_110_slab.cif,surface oxygen vacancy generated from highest-z oxygen atoms
MAT_220,Ta,0.2,0.8,Ru0.20Ta0.80Ox,1,37,O,data\vacancies\MAT_220_vacancy_site1.cif,data\substituted_slabs\MAT_220_110_slab.cif,surface oxygen vacancy generated from highest-z oxygen atoms
MAT_220,Ta,0.2,0.8,Ru0.20Ta0.80Ox,2,41,O,data\vacancies\MAT_220_vacancy_site2.cif,data\substituted_slabs\MAT_220_110_slab.cif,surface oxygen vacancy generated from highest-z oxygen atoms
MAT_222,W,0.8,0.1999999999999999,Ru0.80W0.20Ox,0,45,O,data\vacancies\MAT_222_vacancy_site0.cif,data\substituted_slabs\MAT_222_110_slab.cif,surface oxygen vacancy generated from highest-z oxygen atoms
MAT_222,W,0.8,0.1999999999999999,Ru0.80W0.20Ox,1,37,O,data\vacancies\MAT_222_vacancy_site1.cif,data\substituted_slabs\MAT_222_110_slab.cif,surface oxygen vacancy generated from highest-z oxygen atoms
MAT_222,W,0.8,0.1999999999999999,Ru0.80W0.20Ox,2,41,O,data\vacancies\MAT_222_vacancy_site2.cif,data\substituted_slabs\MAT_222_110_slab.cif,surface oxygen vacancy generated from highest-z oxygen atoms
MAT_223,W,0.6,0.4,Ru0.60W0.40Ox,0,45,O,data\vacancies\MAT_223_vacancy_site0.cif,data\substituted_slabs\MAT_223_110_slab.cif,surface oxygen vacancy generated from highest-z oxygen atoms
MAT_223,W,0.6,0.4,Ru0.60W0.40Ox,1,37,O,data\vacancies\MAT_223_vacancy_site1.cif,data\substituted_slabs\MAT_223_110_slab.cif,surface oxygen vacancy generated from highest-z oxygen atoms
MAT_223,W,0.6,0.4,Ru0.60W0.40Ox,2,41,O,data\vacancies\MAT_223_vacancy_site2.cif,data\substituted_slabs\MAT_223_110_slab.cif,surface oxygen vacancy generated from highest-z oxygen atoms
MAT_224,W,0.4,0.6,Ru0.40W0.60Ox,0,45,O,data\vacancies\MAT_224_vacancy_site0.cif,data\substituted_slabs\MAT_224_110_slab.cif,surface oxygen vacancy generated from highest-z oxygen atoms
MAT_224,W,0.4,0.6,Ru0.40W0.60Ox,1,37,O,data\vacancies\MAT_224_vacancy_site1.cif,data\substituted_slabs\MAT_224_110_slab.cif,surface oxygen vacancy generated from highest-z oxygen atoms
MAT_224,W,0.4,0.6,Ru0.40W0.60Ox,2,41,O,data\vacancies\MAT_224_vacancy_site2.cif,data\substituted_slabs\MAT_224_110_slab.cif,surface oxygen vacancy generated from highest-z oxygen atoms
MAT_225,W,0.2,0.8,Ru0.20W0.80Ox,0,45,O,data\vacancies\MAT_225_vacancy_site0.cif,data\substituted_slabs\MAT_225_110_slab.cif,surface oxygen vacancy generated from highest-z oxygen atoms
MAT_225,W,0.2,0.8,Ru0.20W0.80Ox,1,37,O,data\vacancies\MAT_225_vacancy_site1.cif,data\substituted_slabs\MAT_225_110_slab.cif,surface oxygen vacancy generated from highest-z oxygen atoms
MAT_225,W,0.2,0.8,Ru0.20W0.80Ox,2,41,O,data\vacancies\MAT_225_vacancy_site2.cif,data\substituted_slabs\MAT_225_110_slab.cif,surface oxygen vacancy generated from highest-z oxygen atoms
MAT_227,Re,0.8,0.1999999999999999,Ru0.80Re0.20Ox,0,45,O,data\vacancies\MAT_227_vacancy_site0.cif,data\substituted_slabs\MAT_227_110_slab.cif,surface oxygen vacancy generated from highest-z oxygen atoms
MAT_227,Re,0.8,0.1999999999999999,Ru0.80Re0.20Ox,1,37,O,data\vacancies\MAT_227_vacancy_site1.cif,data\substituted_slabs\MAT_227_110_slab.cif,surface oxygen vacancy generated from highest-z oxygen atoms
MAT_227,Re,0.8,0.1999999999999999,Ru0.80Re0.20Ox,2,41,O,data\vacancies\MAT_227_vacancy_site2.cif,data\substituted_slabs\MAT_227_110_slab.cif,surface oxygen vacancy generated from highest-z oxygen atoms
MAT_228,Re,0.6,0.4,Ru0.60Re0.40Ox,0,45,O,data\vacancies\MAT_228_vacancy_site0.cif,data\substituted_slabs\MAT_228_110_slab.cif,surface oxygen vacancy generated from highest-z oxygen atoms
MAT_228,Re,0.6,0.4,Ru0.60Re0.40Ox,1,37,O,data\vacancies\MAT_228_vacancy_site1.cif,data\substituted_slabs\MAT_228_110_slab.cif,surface oxygen vacancy generated from highest-z oxygen atoms
MAT_228,Re,0.6,0.4,Ru0.60Re0.40Ox,2,41,O,data\vacancies\MAT_228_vacancy_site2.cif,data\substituted_slabs\MAT_228_110_slab.cif,surface oxygen vacancy generated from highest-z oxygen atoms
MAT_229,Re,0.4,0.6,Ru0.40Re0.60Ox,0,45,O,data\vacancies\MAT_229_vacancy_site0.cif,data\substituted_slabs\MAT_229_110_slab.cif,surface oxygen vacancy generated from highest-z oxygen atoms
MAT_229,Re,0.4,0.6,Ru0.40Re0.60Ox,1,37,O,data\vacancies\MAT_229_vacancy_site1.cif,data\substituted_slabs\MAT_229_110_slab.cif,surface oxygen vacancy generated from highest-z oxygen atoms
MAT_229,Re,0.4,0.6,Ru0.40Re0.60Ox,2,41,O,data\vacancies\MAT_229_vacancy_site2.cif,data\substituted_slabs\MAT_229_110_slab.cif,surface oxygen vacancy generated from highest-z oxygen atoms
MAT_230,Re,0.2,0.8,Ru0.20Re0.80Ox,0,45,O,data\vacancies\MAT_230_vacancy_site0.cif,data\substituted_slabs\MAT_230_110_slab.cif,surface oxygen vacancy generated from highest-z oxygen atoms
MAT_230,Re,0.2,0.8,Ru0.20Re0.80Ox,1,37,O,data\vacancies\MAT_230_vacancy_site1.cif,data\substituted_slabs\MAT_230_110_slab.cif,surface oxygen vacancy generated from highest-z oxygen atoms
MAT_230,Re,0.2,0.8,Ru0.20Re0.80Ox,2,41,O,data\vacancies\MAT_230_vacancy_site2.cif,data\substituted_slabs\MAT_230_110_slab.cif,surface oxygen vacancy generated from highest-z oxygen atoms
MAT_232,Os,0.8,0.1999999999999999,Ru0.80Os0.20Ox,0,45,O,data\vacancies\MAT_232_vacancy_site0.cif,data\substituted_slabs\MAT_232_110_slab.cif,surface oxygen vacancy generated from highest-z oxygen atoms
MAT_232,Os,0.8,0.1999999999999999,Ru0.80Os0.20Ox,1,37,O,data\vacancies\MAT_232_vacancy_site1.cif,data\substituted_slabs\MAT_232_110_slab.cif,surface oxygen vacancy generated from highest-z oxygen atoms
MAT_232,Os,0.8,0.1999999999999999,Ru0.80Os0.20Ox,2,41,O,data\vacancies\MAT_232_vacancy_site2.cif,data\substituted_slabs\MAT_232_110_slab.cif,surface oxygen vacancy generated from highest-z oxygen atoms
MAT_233,Os,0.6,0.4,Ru0.60Os0.40Ox,0,45,O,data\vacancies\MAT_233_vacancy_site0.cif,data\substituted_slabs\MAT_233_110_slab.cif,surface oxygen vacancy generated from highest-z oxygen atoms
MAT_233,Os,0.6,0.4,Ru0.60Os0.40Ox,1,37,O,data\vacancies\MAT_233_vacancy_site1.cif,data\substituted_slabs\MAT_233_110_slab.cif,surface oxygen vacancy generated from highest-z oxygen atoms
MAT_233,Os,0.6,0.4,Ru0.60Os0.40Ox,2,41,O,data\vacancies\MAT_233_vacancy_site2.cif,data\substituted_slabs\MAT_233_110_slab.cif,surface oxygen vacancy generated from highest-z oxygen atoms
MAT_234,Os,0.4,0.6,Ru0.40Os0.60Ox,0,45,O,data\vacancies\MAT_234_vacancy_site0.cif,data\substituted_slabs\MAT_234_110_slab.cif,surface oxygen vacancy generated from highest-z oxygen atoms
MAT_234,Os,0.4,0.6,Ru0.40Os0.60Ox,1,37,O,data\vacancies\MAT_234_vacancy_site1.cif,data\substituted_slabs\MAT_234_110_slab.cif,surface oxygen vacancy generated from highest-z oxygen atoms
MAT_234,Os,0.4,0.6,Ru0.40Os0.60Ox,2,41,O,data\vacancies\MAT_234_vacancy_site2.cif,data\substituted_slabs\MAT_234_110_slab.cif,surface oxygen vacancy generated from highest-z oxygen atoms
MAT_235,Os,0.2,0.8,Ru0.20Os0.80Ox,0,45,O,data\vacancies\MAT_235_vacancy_site0.cif,data\substituted_slabs\MAT_235_110_slab.cif,surface oxygen vacancy generated from highest-z oxygen atoms
MAT_235,Os,0.2,0.8,Ru0.20Os0.80Ox,1,37,O,data\vacancies\MAT_235_vacancy_site1.cif,data\substituted_slabs\MAT_235_110_slab.cif,surface oxygen vacancy generated from highest-z oxygen atoms
MAT_235,Os,0.2,0.8,Ru0.20Os0.80Ox,2,41,O,data\vacancies\MAT_235_vacancy_site2.cif,data\substituted_slabs\MAT_235_110_slab.cif,surface oxygen vacancy generated from highest-z oxygen atoms
MAT_237,Ir,0.8,0.1999999999999999,Ru0.80Ir0.20Ox,0,45,O,data\vacancies\MAT_237_vacancy_site0.cif,data\substituted_slabs\MAT_237_110_slab.cif,surface oxygen vacancy generated from highest-z oxygen atoms
MAT_237,Ir,0.8,0.1999999999999999,Ru0.80Ir0.20Ox,1,37,O,data\vacancies\MAT_237_vacancy_site1.cif,data\substituted_slabs\MAT_237_110_slab.cif,surface oxygen vacancy generated from highest-z oxygen atoms
MAT_237,Ir,0.8,0.1999999999999999,Ru0.80Ir0.20Ox,2,41,O,data\vacancies\MAT_237_vacancy_site2.cif,data\substituted_slabs\MAT_237_110_slab.cif,surface oxygen vacancy generated from highest-z oxygen atoms
MAT_238,Ir,0.6,0.4,Ru0.60Ir0.40Ox,0,45,O,data\vacancies\MAT_238_vacancy_site0.cif,data\substituted_slabs\MAT_238_110_slab.cif,surface oxygen vacancy generated from highest-z oxygen atoms
MAT_238,Ir,0.6,0.4,Ru0.60Ir0.40Ox,1,37,O,data\vacancies\MAT_238_vacancy_site1.cif,data\substituted_slabs\MAT_238_110_slab.cif,surface oxygen vacancy generated from highest-z oxygen atoms
MAT_238,Ir,0.6,0.4,Ru0.60Ir0.40Ox,2,41,O,data\vacancies\MAT_238_vacancy_site2.cif,data\substituted_slabs\MAT_238_110_slab.cif,surface oxygen vacancy generated from highest-z oxygen atoms
MAT_239,Ir,0.4,0.6,Ru0.40Ir0.60Ox,0,45,O,data\vacancies\MAT_239_vacancy_site0.cif,data\substituted_slabs\MAT_239_110_slab.cif,surface oxygen vacancy generated from highest-z oxygen atoms
MAT_239,Ir,0.4,0.6,Ru0.40Ir0.60Ox,1,37,O,data\vacancies\MAT_239_vacancy_site1.cif,data\substituted_slabs\MAT_239_110_slab.cif,surface oxygen vacancy generated from highest-z oxygen atoms
MAT_239,Ir,0.4,0.6,Ru0.40Ir0.60Ox,2,41,O,data\vacancies\MAT_239_vacancy_site2.cif,data\substituted_slabs\MAT_239_110_slab.cif,surface oxygen vacancy generated from highest-z oxygen atoms
MAT_240,Ir,0.2,0.8,Ru0.20Ir0.80Ox,0,45,O,data\vacancies\MAT_240_vacancy_site0.cif,data\substituted_slabs\MAT_240_110_slab.cif,surface oxygen vacancy generated from highest-z oxygen atoms
MAT_240,Ir,0.2,0.8,Ru0.20Ir0.80Ox,1,37,O,data\vacancies\MAT_240_vacancy_site1.cif,data\substituted_slabs\MAT_240_110_slab.cif,surface oxygen vacancy generated from highest-z oxygen atoms
MAT_240,Ir,0.2,0.8,Ru0.20Ir0.80Ox,2,41,O,data\vacancies\MAT_240_vacancy_site2.cif,data\substituted_slabs\MAT_240_110_slab.cif,surface oxygen vacancy generated from highest-z oxygen atoms
MAT_242,Pt,0.8,0.1999999999999999,Ru0.80Pt0.20Ox,0,45,O,data\vacancies\MAT_242_vacancy_site0.cif,data\substituted_slabs\MAT_242_110_slab.cif,surface oxygen vacancy generated from highest-z oxygen atoms
MAT_242,Pt,0.8,0.1999999999999999,Ru0.80Pt0.20Ox,1,37,O,data\vacancies\MAT_242_vacancy_site1.cif,data\substituted_slabs\MAT_242_110_slab.cif,surface oxygen vacancy generated from highest-z oxygen atoms
MAT_242,Pt,0.8,0.1999999999999999,Ru0.80Pt0.20Ox,2,41,O,data\vacancies\MAT_242_vacancy_site2.cif,data\substituted_slabs\MAT_242_110_slab.cif,surface oxygen vacancy generated from highest-z oxygen atoms
MAT_243,Pt,0.6,0.4,Ru0.60Pt0.40Ox,0,45,O,data\vacancies\MAT_243_vacancy_site0.cif,data\substituted_slabs\MAT_243_110_slab.cif,surface oxygen vacancy generated from highest-z oxygen atoms
MAT_243,Pt,0.6,0.4,Ru0.60Pt0.40Ox,1,37,O,data\vacancies\MAT_243_vacancy_site1.cif,data\substituted_slabs\MAT_243_110_slab.cif,surface oxygen vacancy generated from highest-z oxygen atoms
MAT_243,Pt,0.6,0.4,Ru0.60Pt0.40Ox,2,41,O,data\vacancies\MAT_243_vacancy_site2.cif,data\substituted_slabs\MAT_243_110_slab.cif,surface oxygen vacancy generated from highest-z oxygen atoms
MAT_244,Pt,0.4,0.6,Ru0.40Pt0.60Ox,0,45,O,data\vacancies\MAT_244_vacancy_site0.cif,data\substituted_slabs\MAT_244_110_slab.cif,surface oxygen vacancy generated from highest-z oxygen atoms
MAT_244,Pt,0.4,0.6,Ru0.40Pt0.60Ox,1,37,O,data\vacancies\MAT_244_vacancy_site1.cif,data\substituted_slabs\MAT_244_110_slab.cif,surface oxygen vacancy generated from highest-z oxygen atoms
MAT_244,Pt,0.4,0.6,Ru0.40Pt0.60Ox,2,41,O,data\vacancies\MAT_244_vacancy_site2.cif,data\substituted_slabs\MAT_244_110_slab.cif,surface oxygen vacancy generated from highest-z oxygen atoms
MAT_245,Pt,0.2,0.8,Ru0.20Pt0.80Ox,0,45,O,data\vacancies\MAT_245_vacancy_site0.cif,data\substituted_slabs\MAT_245_110_slab.cif,surface oxygen vacancy generated from highest-z oxygen atoms
MAT_245,Pt,0.2,0.8,Ru0.20Pt0.80Ox,1,37,O,data\vacancies\MAT_245_vacancy_site1.cif,data\substituted_slabs\MAT_245_110_slab.cif,surface oxygen vacancy generated from highest-z oxygen atoms
MAT_245,Pt,0.2,0.8,Ru0.20Pt0.80Ox,2,41,O,data\vacancies\MAT_245_vacancy_site2.cif,data\substituted_slabs\MAT_245_110_slab.cif,surface oxygen vacancy generated from highest-z oxygen atoms
