material_id,nominal_formula,adsorbate,adsorbate_structure_file,predicted_energy_eV,backend,status
MAT_001,RuO2,O,data\substituted_adsorbates\MAT_001_O_site0_adsorbed.cif,-351.77190947301403,uma-s-1p2,success
MAT_001,RuO2,O,data\substituted_adsorbates\MAT_001_O_site1_adsorbed.cif,-351.44343315830815,uma-s-1p2,success
MAT_001,RuO2,O,data\substituted_adsorbates\MAT_001_O_site2_adsorbed.cif,-349.011133384541,uma-s-1p2,success
MAT_001,RuO2,O2,data\substituted_adsorbates\MAT_001_O2_site0_adsorbed.cif,-356.00264225516565,uma-s-1p2,success
MAT_001,RuO2,O2,data\substituted_adsorbates\MAT_001_O2_site1_adsorbed.cif,-356.03241509730253,uma-s-1p2,success
MAT_001,RuO2,O2,data\substituted_adsorbates\MAT_001_O2_site2_adsorbed.cif,-354.92243987520703,uma-s-1p2,success
MAT_001,RuO2,N2O,data\substituted_adsorbates\MAT_001_N2O_site0_adsorbed.cif,-367.71582539886344,uma-s-1p2,success
MAT_001,RuO2,N2O,data\substituted_adsorbates\MAT_001_N2O_site1_adsorbed.cif,-367.5518271173239,uma-s-1p2,success
MAT_001,RuO2,N2O,data\substituted_adsorbates\MAT_001_N2O_site2_adsorbed.cif,-365.92136704401594,uma-s-1p2,success
MAT_002,Ru0.80Li0.20Ox,O,data\substituted_adsorbates\MAT_002_O_site0_adsorbed.cif,-627.8010977120931,uma-s-1p2,success
MAT_002,Ru0.80Li0.20Ox,O,data\substituted_adsorbates\MAT_002_O_site1_adsorbed.cif,-631.3185129168262,uma-s-1p2,success
MAT_002,Ru0.80Li0.20Ox,O,data\substituted_adsorbates\MAT_002_O_site2_adsorbed.cif,-630.7079691195092,uma-s-1p2,success
MAT_002,Ru0.80Li0.20Ox,O2,data\substituted_adsorbates\MAT_002_O2_site0_adsorbed.cif,-634.7741098660537,uma-s-1p2,success
MAT_002,Ru0.80Li0.20Ox,O2,data\substituted_adsorbates\MAT_002_O2_site1_adsorbed.cif,-635.5814540718916,uma-s-1p2,success
MAT_002,Ru0.80Li0.20Ox,O2,data\substituted_adsorbates\MAT_002_O2_site2_adsorbed.cif,-635.3768486668766,uma-s-1p2,success
MAT_002,Ru0.80Li0.20Ox,N2O,data\substituted_adsorbates\MAT_002_N2O_site0_adsorbed.cif,-646.5406810874184,uma-s-1p2,success
MAT_002,Ru0.80Li0.20Ox,N2O,data\substituted_adsorbates\MAT_002_N2O_site1_adsorbed.cif,-647.317336247146,uma-s-1p2,success
MAT_002,Ru0.80Li0.20Ox,N2O,data\substituted_adsorbates\MAT_002_N2O_site2_adsorbed.cif,-647.0290600196832,uma-s-1p2,success
MAT_003,Ru0.60Li0.40Ox,O,data\substituted_adsorbates\MAT_003_O_site0_adsorbed.cif,-592.0865369692683,uma-s-1p2,success
MAT_003,Ru0.60Li0.40Ox,O,data\substituted_adsorbates\MAT_003_O_site1_adsorbed.cif,-595.708808327959,uma-s-1p2,success
MAT_003,Ru0.60Li0.40Ox,O,data\substituted_adsorbates\MAT_003_O_site2_adsorbed.cif,-594.9679257878238,uma-s-1p2,success
MAT_003,Ru0.60Li0.40Ox,O2,data\substituted_adsorbates\MAT_003_O2_site0_adsorbed.cif,-598.9180781284326,uma-s-1p2,success
MAT_003,Ru0.60Li0.40Ox,O2,data\substituted_adsorbates\MAT_003_O2_site1_adsorbed.cif,-599.8012904724192,uma-s-1p2,success
MAT_003,Ru0.60Li0.40Ox,O2,data\substituted_adsorbates\MAT_003_O2_site2_adsorbed.cif,-599.4045302802168,uma-s-1p2,success
MAT_003,Ru0.60Li0.40Ox,N2O,data\substituted_adsorbates\MAT_003_N2O_site0_adsorbed.cif,-610.6097658815781,uma-s-1p2,success
MAT_003,Ru0.60Li0.40Ox,N2O,data\substituted_adsorbates\MAT_003_N2O_site1_adsorbed.cif,-611.3992596878763,uma-s-1p2,success
MAT_003,Ru0.60Li0.40Ox,N2O,data\substituted_adsorbates\MAT_003_N2O_site2_adsorbed.cif,-610.8221262946902,uma-s-1p2,success
MAT_004,Ru0.40Li0.60Ox,O,data\substituted_adsorbates\MAT_004_O_site0_adsorbed.cif,-510.39672037936367,uma-s-1p2,success
MAT_004,Ru0.40Li0.60Ox,O,data\substituted_adsorbates\MAT_004_O_site1_adsorbed.cif,-510.3143400664451,uma-s-1p2,success
MAT_004,Ru0.40Li0.60Ox,O,data\substituted_adsorbates\MAT_004_O_site2_adsorbed.cif,-512.8136907030846,uma-s-1p2,success
MAT_004,Ru0.40Li0.60Ox,O2,data\substituted_adsorbates\MAT_004_O2_site0_adsorbed.cif,-517.2589190613025,uma-s-1p2,success
MAT_004,Ru0.40Li0.60Ox,O2,data\substituted_adsorbates\MAT_004_O2_site1_adsorbed.cif,-517.2422292659519,uma-s-1p2,success
MAT_004,Ru0.40Li0.60Ox,O2,data\substituted_adsorbates\MAT_004_O2_site2_adsorbed.cif,-517.4570368458039,uma-s-1p2,success
MAT_004,Ru0.40Li0.60Ox,N2O,data\substituted_adsorbates\MAT_004_N2O_site0_adsorbed.cif,-528.7387016412007,uma-s-1p2,success
MAT_004,Ru0.40Li0.60Ox,N2O,data\substituted_adsorbates\MAT_004_N2O_site1_adsorbed.cif,-528.7185659410392,uma-s-1p2,success
MAT_004,Ru0.40Li0.60Ox,N2O,data\substituted_adsorbates\MAT_004_N2O_site2_adsorbed.cif,-528.7962676719781,uma-s-1p2,success
MAT_005,Ru0.20Li0.80Ox,O,data\substituted_adsorbates\MAT_005_O_site0_adsorbed.cif,-465.1683553437526,uma-s-1p2,success
MAT_005,Ru0.20Li0.80Ox,O,data\substituted_adsorbates\MAT_005_O_site1_adsorbed.cif,-465.11290664828437,uma-s-1p2,success
MAT_005,Ru0.20Li0.80Ox,O,data\substituted_adsorbates\MAT_005_O_site2_adsorbed.cif,-465.23256309718727,uma-s-1p2,success
MAT_005,Ru0.20Li0.80Ox,O2,data\substituted_adsorbates\MAT_005_O2_site0_adsorbed.cif,-472.18189680646753,uma-s-1p2,success
MAT_005,Ru0.20Li0.80Ox,O2,data\substituted_adsorbates\MAT_005_O2_site1_adsorbed.cif,-472.17895442264364,uma-s-1p2,success
MAT_005,Ru0.20Li0.80Ox,O2,data\substituted_adsorbates\MAT_005_O2_site2_adsorbed.cif,-472.3310836445344,uma-s-1p2,success
MAT_005,Ru0.20Li0.80Ox,N2O,data\substituted_adsorbates\MAT_005_N2O_site0_adsorbed.cif,-483.5419245729564,uma-s-1p2,success
MAT_005,Ru0.20Li0.80Ox,N2O,data\substituted_adsorbates\MAT_005_N2O_site1_adsorbed.cif,-483.5493801906017,uma-s-1p2,success
MAT_005,Ru0.20Li0.80Ox,N2O,data\substituted_adsorbates\MAT_005_N2O_site2_adsorbed.cif,-483.68626885070444,uma-s-1p2,success
MAT_007,Ru0.80Na0.20Ox,O,data\substituted_adsorbates\MAT_007_O_site0_adsorbed.cif,-605.1951937950021,uma-s-1p2,success
MAT_007,Ru0.80Na0.20Ox,O,data\substituted_adsorbates\MAT_007_O_site1_adsorbed.cif,-609.0216230978153,uma-s-1p2,success
MAT_007,Ru0.80Na0.20Ox,O,data\substituted_adsorbates\MAT_007_O_site2_adsorbed.cif,-608.5376313960164,uma-s-1p2,success
MAT_007,Ru0.80Na0.20Ox,O2,data\substituted_adsorbates\MAT_007_O2_site0_adsorbed.cif,-612.1901294354653,uma-s-1p2,success
MAT_007,Ru0.80Na0.20Ox,O2,data\substituted_adsorbates\MAT_007_O2_site1_adsorbed.cif,-613.3226433203015,uma-s-1p2,success
MAT_007,Ru0.80Na0.20Ox,O2,data\substituted_adsorbates\MAT_007_O2_site2_adsorbed.cif,-613.1049529612521,uma-s-1p2,success
MAT_007,Ru0.80Na0.20Ox,N2O,data\substituted_adsorbates\MAT_007_N2O_site0_adsorbed.cif,-623.8206677986796,uma-s-1p2,success
MAT_007,Ru0.80Na0.20Ox,N2O,data\substituted_adsorbates\MAT_007_N2O_site1_adsorbed.cif,-624.9932541926113,uma-s-1p2,success
MAT_007,Ru0.80Na0.20Ox,N2O,data\substituted_adsorbates\MAT_007_N2O_site2_adsorbed.cif,-624.6714703113639,uma-s-1p2,success
MAT_008,Ru0.60Na0.40Ox,O,data\substituted_adsorbates\MAT_008_O_site0_adsorbed.cif,-558.160309127143,uma-s-1p2,success
MAT_008,Ru0.60Na0.40Ox,O,data\substituted_adsorbates\MAT_008_O_site1_adsorbed.cif,-561.968914241954,uma-s-1p2,success
MAT_008,Ru0.60Na0.40Ox,O,data\substituted_adsorbates\MAT_008_O_site2_adsorbed.cif,-561.5735482630822,uma-s-1p2,success
MAT_008,Ru0.60Na0.40Ox,O2,data\substituted_adsorbates\MAT_008_O2_site0_adsorbed.cif,-565.0450313488201,uma-s-1p2,success
MAT_008,Ru0.60Na0.40Ox,O2,data\substituted_adsorbates\MAT_008_O2_site1_adsorbed.cif,-566.2723365921295,uma-s-1p2,success
MAT_008,Ru0.60Na0.40Ox,O2,data\substituted_adsorbates\MAT_008_O2_site2_adsorbed.cif,-565.9138739034934,uma-s-1p2,success
MAT_008,Ru0.60Na0.40Ox,N2O,data\substituted_adsorbates\MAT_008_N2O_site0_adsorbed.cif,-576.5790946884657,uma-s-1p2,success
MAT_008,Ru0.60Na0.40Ox,N2O,data\substituted_adsorbates\MAT_008_N2O_site1_adsorbed.cif,-577.750817703946,uma-s-1p2,success
MAT_008,Ru0.60Na0.40Ox,N2O,data\substituted_adsorbates\MAT_008_N2O_site2_adsorbed.cif,-577.1765882671598,uma-s-1p2,success
MAT_009,Ru0.40Na0.60Ox,O,data\substituted_adsorbates\MAT_009_O_site0_adsorbed.cif,-454.4365019528808,uma-s-1p2,success
MAT_009,Ru0.40Na0.60Ox,O,data\substituted_adsorbates\MAT_009_O_site1_adsorbed.cif,-454.20619774756574,uma-s-1p2,success
MAT_009,Ru0.40Na0.60Ox,O,data\substituted_adsorbates\MAT_009_O_site2_adsorbed.cif,-457.37144423975576,uma-s-1p2,success
MAT_009,Ru0.40Na0.60Ox,O2,data\substituted_adsorbates\MAT_009_O2_site0_adsorbed.cif,-461.49083932663314,uma-s-1p2,success
MAT_009,Ru0.40Na0.60Ox,O2,data\substituted_adsorbates\MAT_009_O2_site1_adsorbed.cif,-461.4523325532106,uma-s-1p2,success
MAT_009,Ru0.40Na0.60Ox,O2,data\substituted_adsorbates\MAT_009_O2_site2_adsorbed.cif,-461.984084353608,uma-s-1p2,success
MAT_009,Ru0.40Na0.60Ox,N2O,data\substituted_adsorbates\MAT_009_N2O_site0_adsorbed.cif,-472.62068909363575,uma-s-1p2,success
MAT_009,Ru0.40Na0.60Ox,N2O,data\substituted_adsorbates\MAT_009_N2O_site1_adsorbed.cif,-472.59646599340203,uma-s-1p2,success
MAT_009,Ru0.40Na0.60Ox,N2O,data\substituted_adsorbates\MAT_009_N2O_site2_adsorbed.cif,-473.0524784986313,uma-s-1p2,success
MAT_010,Ru0.20Na0.80Ox,O,data\substituted_adsorbates\MAT_010_O_site0_adsorbed.cif,-398.84204930176486,uma-s-1p2,success
MAT_010,Ru0.20Na0.80Ox,O,data\substituted_adsorbates\MAT_010_O_site1_adsorbed.cif,-398.6544784490596,uma-s-1p2,success
MAT_010,Ru0.20Na0.80Ox,O,data\substituted_adsorbates\MAT_010_O_site2_adsorbed.cif,-398.8754544590887,uma-s-1p2,success
MAT_010,Ru0.20Na0.80Ox,O2,data\substituted_adsorbates\MAT_010_O2_site0_adsorbed.cif,-405.81825518884716,uma-s-1p2,success
MAT_010,Ru0.20Na0.80Ox,O2,data\substituted_adsorbates\MAT_010_O2_site1_adsorbed.cif,-405.7681924819132,uma-s-1p2,success
MAT_010,Ru0.20Na0.80Ox,O2,data\substituted_adsorbates\MAT_010_O2_site2_adsorbed.cif,-405.9186994405979,uma-s-1p2,success
MAT_010,Ru0.20Na0.80Ox,N2O,data\substituted_adsorbates\MAT_010_N2O_site0_adsorbed.cif,-416.7209937037593,uma-s-1p2,success
MAT_010,Ru0.20Na0.80Ox,N2O,data\substituted_adsorbates\MAT_010_N2O_site1_adsorbed.cif,-416.68915492952306,uma-s-1p2,success
MAT_010,Ru0.20Na0.80Ox,N2O,data\substituted_adsorbates\MAT_010_N2O_site2_adsorbed.cif,-416.8150922337523,uma-s-1p2,success
MAT_012,Ru0.80Mg0.20Ox,O,data\substituted_adsorbates\MAT_012_O_site0_adsorbed.cif,-646.3974998132006,uma-s-1p2,success
MAT_012,Ru0.80Mg0.20Ox,O,data\substituted_adsorbates\MAT_012_O_site1_adsorbed.cif,-649.355504853586,uma-s-1p2,success
MAT_012,Ru0.80Mg0.20Ox,O,data\substituted_adsorbates\MAT_012_O_site2_adsorbed.cif,-648.7157202363543,uma-s-1p2,success
MAT_012,Ru0.80Mg0.20Ox,O2,data\substituted_adsorbates\MAT_012_O2_site0_adsorbed.cif,-652.5963409917836,uma-s-1p2,success
MAT_012,Ru0.80Mg0.20Ox,O2,data\substituted_adsorbates\MAT_012_O2_site1_adsorbed.cif,-653.3804114244858,uma-s-1p2,success
MAT_012,Ru0.80Mg0.20Ox,O2,data\substituted_adsorbates\MAT_012_O2_site2_adsorbed.cif,-653.2893699456697,uma-s-1p2,success
MAT_012,Ru0.80Mg0.20Ox,N2O,data\substituted_adsorbates\MAT_012_N2O_site0_adsorbed.cif,-664.2725018459649,uma-s-1p2,success
MAT_012,Ru0.80Mg0.20Ox,N2O,data\substituted_adsorbates\MAT_012_N2O_site1_adsorbed.cif,-665.0744934713555,uma-s-1p2,success
MAT_012,Ru0.80Mg0.20Ox,N2O,data\substituted_adsorbates\MAT_012_N2O_site2_adsorbed.cif,-664.8132445961969,uma-s-1p2,success
MAT_013,Ru0.60Mg0.40Ox,O,data\substituted_adsorbates\MAT_013_O_site0_adsorbed.cif,-620.0415679349277,uma-s-1p2,success
MAT_013,Ru0.60Mg0.40Ox,O,data\substituted_adsorbates\MAT_013_O_site1_adsorbed.cif,-623.091998581292,uma-s-1p2,success
MAT_013,Ru0.60Mg0.40Ox,O,data\substituted_adsorbates\MAT_013_O_site2_adsorbed.cif,-622.3036178529611,uma-s-1p2,success
MAT_013,Ru0.60Mg0.40Ox,O2,data\substituted_adsorbates\MAT_013_O2_site0_adsorbed.cif,-626.0406984844171,uma-s-1p2,success
MAT_013,Ru0.60Mg0.40Ox,O2,data\substituted_adsorbates\MAT_013_O2_site1_adsorbed.cif,-626.9316918355664,uma-s-1p2,success
MAT_013,Ru0.60Mg0.40Ox,O2,data\substituted_adsorbates\MAT_013_O2_site2_adsorbed.cif,-626.666683622,uma-s-1p2,success
MAT_013,Ru0.60Mg0.40Ox,N2O,data\substituted_adsorbates\MAT_013_N2O_site0_adsorbed.cif,-637.6881623468465,uma-s-1p2,success
MAT_013,Ru0.60Mg0.40Ox,N2O,data\substituted_adsorbates\MAT_013_N2O_site1_adsorbed.cif,-638.4955528765653,uma-s-1p2,success
MAT_013,Ru0.60Mg0.40Ox,N2O,data\substituted_adsorbates\MAT_013_N2O_site2_adsorbed.cif,-638.0019768358159,uma-s-1p2,success
MAT_014,Ru0.40Mg0.60Ox,O,data\substituted_adsorbates\MAT_014_O_site0_adsorbed.cif,-559.4587874272892,uma-s-1p2,success
MAT_014,Ru0.40Mg0.60Ox,O,data\substituted_adsorbates\MAT_014_O_site1_adsorbed.cif,-559.5706822689667,uma-s-1p2,success
MAT_014,Ru0.40Mg0.60Ox,O,data\substituted_adsorbates\MAT_014_O_site2_adsorbed.cif,-561.6208193172696,uma-s-1p2,success
MAT_014,Ru0.40Mg0.60Ox,O2,data\substituted_adsorbates\MAT_014_O2_site0_adsorbed.cif,-565.4918959959299,uma-s-1p2,success
MAT_014,Ru0.40Mg0.60Ox,O2,data\substituted_adsorbates\MAT_014_O2_site1_adsorbed.cif,-565.4815659029903,uma-s-1p2,success
MAT_014,Ru0.40Mg0.60Ox,O2,data\substituted_adsorbates\MAT_014_O2_site2_adsorbed.cif,-565.914775035446,uma-s-1p2,success
MAT_014,Ru0.40Mg0.60Ox,N2O,data\substituted_adsorbates\MAT_014_N2O_site0_adsorbed.cif,-576.9809019524603,uma-s-1p2,success
MAT_014,Ru0.40Mg0.60Ox,N2O,data\substituted_adsorbates\MAT_014_N2O_site1_adsorbed.cif,-576.9736331751341,uma-s-1p2,success
MAT_014,Ru0.40Mg0.60Ox,N2O,data\substituted_adsorbates\MAT_014_N2O_site2_adsorbed.cif,-577.207661426019,uma-s-1p2,success
MAT_015,Ru0.20Mg0.80Ox,O,data\substituted_adsorbates\MAT_015_O_site0_adsorbed.cif,-526.4204953722639,uma-s-1p2,success
MAT_015,Ru0.20Mg0.80Ox,O,data\substituted_adsorbates\MAT_015_O_site1_adsorbed.cif,-526.5106746399744,uma-s-1p2,success
MAT_015,Ru0.20Mg0.80Ox,O,data\substituted_adsorbates\MAT_015_O_site2_adsorbed.cif,-526.6693560963433,uma-s-1p2,success
MAT_015,Ru0.20Mg0.80Ox,O2,data\substituted_adsorbates\MAT_015_O2_site0_adsorbed.cif,-532.8631472120178,uma-s-1p2,success
MAT_015,Ru0.20Mg0.80Ox,O2,data\substituted_adsorbates\MAT_015_O2_site1_adsorbed.cif,-532.8511806452492,uma-s-1p2,success
MAT_015,Ru0.20Mg0.80Ox,O2,data\substituted_adsorbates\MAT_015_O2_site2_adsorbed.cif,-533.0272102200072,uma-s-1p2,success
MAT_015,Ru0.20Mg0.80Ox,N2O,data\substituted_adsorbates\MAT_015_N2O_site0_adsorbed.cif,-544.2632308972936,uma-s-1p2,success
MAT_015,Ru0.20Mg0.80Ox,N2O,data\substituted_adsorbates\MAT_015_N2O_site1_adsorbed.cif,-544.2557644610774,uma-s-1p2,success
MAT_015,Ru0.20Mg0.80Ox,N2O,data\substituted_adsorbates\MAT_015_N2O_site2_adsorbed.cif,-544.4399943351115,uma-s-1p2,success
MAT_017,Ru0.80Al0.20Ox,O,data\substituted_adsorbates\MAT_017_O_site0_adsorbed.cif,-682.3942327515251,uma-s-1p2,success
MAT_017,Ru0.80Al0.20Ox,O,data\substituted_adsorbates\MAT_017_O_site1_adsorbed.cif,-683.6944623718413,uma-s-1p2,success
MAT_017,Ru0.80Al0.20Ox,O,data\substituted_adsorbates\MAT_017_O_site2_adsorbed.cif,-683.4638174290361,uma-s-1p2,success
MAT_017,Ru0.80Al0.20Ox,O2,data\substituted_adsorbates\MAT_017_O2_site0_adsorbed.cif,-687.5096452913243,uma-s-1p2,success
MAT_017,Ru0.80Al0.20Ox,O2,data\substituted_adsorbates\MAT_017_O2_site1_adsorbed.cif,-687.8692730235633,uma-s-1p2,success
MAT_017,Ru0.80Al0.20Ox,O2,data\substituted_adsorbates\MAT_017_O2_site2_adsorbed.cif,-687.9558289673992,uma-s-1p2,success
MAT_017,Ru0.80Al0.20Ox,N2O,data\substituted_adsorbates\MAT_017_N2O_site0_adsorbed.cif,-699.1318372845577,uma-s-1p2,success
MAT_017,Ru0.80Al0.20Ox,N2O,data\substituted_adsorbates\MAT_017_N2O_site1_adsorbed.cif,-699.537368068203,uma-s-1p2,success
MAT_017,Ru0.80Al0.20Ox,N2O,data\substituted_adsorbates\MAT_017_N2O_site2_adsorbed.cif,-699.3752718579082,uma-s-1p2,success
MAT_018,Ru0.60Al0.40Ox,O,data\substituted_adsorbates\MAT_018_O_site0_adsorbed.cif,-674.3619059948018,uma-s-1p2,success
MAT_018,Ru0.60Al0.40Ox,O,data\substituted_adsorbates\MAT_018_O_site1_adsorbed.cif,-675.6664429511375,uma-s-1p2,success
MAT_018,Ru0.60Al0.40Ox,O,data\substituted_adsorbates\MAT_018_O_site2_adsorbed.cif,-675.4058472471977,uma-s-1p2,success
MAT_018,Ru0.60Al0.40Ox,O2,data\substituted_adsorbates\MAT_018_O2_site0_adsorbed.cif,-679.3925113122665,uma-s-1p2,success
MAT_018,Ru0.60Al0.40Ox,O2,data\substituted_adsorbates\MAT_018_O2_site1_adsorbed.cif,-679.7584177801118,uma-s-1p2,success
MAT_018,Ru0.60Al0.40Ox,O2,data\substituted_adsorbates\MAT_018_O2_site2_adsorbed.cif,-679.8294814204137,uma-s-1p2,success
MAT_018,Ru0.60Al0.40Ox,N2O,data\substituted_adsorbates\MAT_018_N2O_site0_adsorbed.cif,-691.0058138622567,uma-s-1p2,success
MAT_018,Ru0.60Al0.40Ox,N2O,data\substituted_adsorbates\MAT_018_N2O_site1_adsorbed.cif,-691.4096059530758,uma-s-1p2,success
MAT_018,Ru0.60Al0.40Ox,N2O,data\substituted_adsorbates\MAT_018_N2O_site2_adsorbed.cif,-691.1386148598219,uma-s-1p2,success
MAT_019,Ru0.40Al0.60Ox,O,data\substituted_adsorbates\MAT_019_O_site0_adsorbed.cif,-657.2396821617994,uma-s-1p2,success
MAT_019,Ru0.40Al0.60Ox,O,data\substituted_adsorbates\MAT_019_O_site1_adsorbed.cif,-657.3636246695326,uma-s-1p2,success
MAT_019,Ru0.40Al0.60Ox,O,data\substituted_adsorbates\MAT_019_O_site2_adsorbed.cif,-658.5514786841779,uma-s-1p2,success
MAT_019,Ru0.40Al0.60Ox,O2,data\substituted_adsorbates\MAT_019_O2_site0_adsorbed.cif,-662.5458489587899,uma-s-1p2,success
MAT_019,Ru0.40Al0.60Ox,O2,data\substituted_adsorbates\MAT_019_O2_site1_adsorbed.cif,-662.5978970934575,uma-s-1p2,success
MAT_019,Ru0.40Al0.60Ox,O2,data\substituted_adsorbates\MAT_019_O2_site2_adsorbed.cif,-662.949170836722,uma-s-1p2,success
MAT_019,Ru0.40Al0.60Ox,N2O,data\substituted_adsorbates\MAT_019_N2O_site0_adsorbed.cif,-674.1389071604706,uma-s-1p2,success
MAT_019,Ru0.40Al0.60Ox,N2O,data\substituted_adsorbates\MAT_019_N2O_site1_adsorbed.cif,-674.1955344802477,uma-s-1p2,success
MAT_019,Ru0.40Al0.60Ox,N2O,data\substituted_adsorbates\MAT_019_N2O_site2_adsorbed.cif,-674.1980902176458,uma-s-1p2,success
MAT_020,Ru0.20Al0.80Ox,O,data\substituted_adsorbates\MAT_020_O_site0_adsorbed.cif,-648.524557952153,uma-s-1p2,success
MAT_020,Ru0.20Al0.80Ox,O,data\substituted_adsorbates\MAT_020_O_site1_adsorbed.cif,-648.6203205748266,uma-s-1p2,success
MAT_020,Ru0.20Al0.80Ox,O,data\substituted_adsorbates\MAT_020_O_site2_adsorbed.cif,-649.5773903850627,uma-s-1p2,success
MAT_020,Ru0.20Al0.80Ox,O2,data\substituted_adsorbates\MAT_020_O2_site0_adsorbed.cif,-654.1753806790925,uma-s-1p2,success
MAT_020,Ru0.20Al0.80Ox,O2,data\substituted_adsorbates\MAT_020_O2_site1_adsorbed.cif,-654.2256041147949,uma-s-1p2,success
MAT_020,Ru0.20Al0.80Ox,O2,data\substituted_adsorbates\MAT_020_O2_site2_adsorbed.cif,-654.6201146466676,uma-s-1p2,success
MAT_020,Ru0.20Al0.80Ox,N2O,data\substituted_adsorbates\MAT_020_N2O_site0_adsorbed.cif,-665.7183731642369,uma-s-1p2,success
MAT_020,Ru0.20Al0.80Ox,N2O,data\substituted_adsorbates\MAT_020_N2O_site1_adsorbed.cif,-665.7580996315431,uma-s-1p2,success
MAT_020,Ru0.20Al0.80Ox,N2O,data\substituted_adsorbates\MAT_020_N2O_site2_adsorbed.cif,-665.9509829224984,uma-s-1p2,success
MAT_022,Ru0.80Si0.20Ox,O,data\substituted_adsorbates\MAT_022_O_site0_adsorbed.cif,-686.4256410419496,uma-s-1p2,success
MAT_022,Ru0.80Si0.20Ox,O,data\substituted_adsorbates\MAT_022_O_site1_adsorbed.cif,-686.8577852900719,uma-s-1p2,success
MAT_022,Ru0.80Si0.20Ox,O,data\substituted_adsorbates\MAT_022_O_site2_adsorbed.cif,-686.6360385993463,uma-s-1p2,success
MAT_022,Ru0.80Si0.20Ox,O2,data\substituted_adsorbates\MAT_022_O2_site0_adsorbed.cif,-690.4056950576771,uma-s-1p2,success
MAT_022,Ru0.80Si0.20Ox,O2,data\substituted_adsorbates\MAT_022_O2_site1_adsorbed.cif,-690.9611661548585,uma-s-1p2,success
MAT_022,Ru0.80Si0.20Ox,O2,data\substituted_adsorbates\MAT_022_O2_site2_adsorbed.cif,-691.1251342578844,uma-s-1p2,success
MAT_022,Ru0.80Si0.20Ox,N2O,data\substituted_adsorbates\MAT_022_N2O_site0_adsorbed.cif,-701.922504149034,uma-s-1p2,success
MAT_022,Ru0.80Si0.20Ox,N2O,data\substituted_adsorbates\MAT_022_N2O_site1_adsorbed.cif,-702.663409826113,uma-s-1p2,success
MAT_022,Ru0.80Si0.20Ox,N2O,data\substituted_adsorbates\MAT_022_N2O_site2_adsorbed.cif,-702.5887680784635,uma-s-1p2,success
MAT_023,Ru0.60Si0.40Ox,O,data\substituted_adsorbates\MAT_023_O_site0_adsorbed.cif,-680.8326367447995,uma-s-1p2,success
MAT_023,Ru0.60Si0.40Ox,O,data\substituted_adsorbates\MAT_023_O_site1_adsorbed.cif,-681.1950134339132,uma-s-1p2,success
MAT_023,Ru0.60Si0.40Ox,O,data\substituted_adsorbates\MAT_023_O_site2_adsorbed.cif,-681.0310821485238,uma-s-1p2,success
MAT_023,Ru0.60Si0.40Ox,O2,data\substituted_adsorbates\MAT_023_O2_site0_adsorbed.cif,-684.6189150974502,uma-s-1p2,success
MAT_023,Ru0.60Si0.40Ox,O2,data\substituted_adsorbates\MAT_023_O2_site1_adsorbed.cif,-685.1808660336729,uma-s-1p2,success
MAT_023,Ru0.60Si0.40Ox,O2,data\substituted_adsorbates\MAT_023_O2_site2_adsorbed.cif,-685.4486323379075,uma-s-1p2,success
MAT_023,Ru0.60Si0.40Ox,N2O,data\substituted_adsorbates\MAT_023_N2O_site0_adsorbed.cif,-696.1327565808152,uma-s-1p2,success
MAT_023,Ru0.60Si0.40Ox,N2O,data\substituted_adsorbates\MAT_023_N2O_site1_adsorbed.cif,-696.8582339009131,uma-s-1p2,success
MAT_023,Ru0.60Si0.40Ox,N2O,data\substituted_adsorbates\MAT_023_N2O_site2_adsorbed.cif,-696.8059761439358,uma-s-1p2,success
MAT_024,Ru0.40Si0.60Ox,O,data\substituted_adsorbates\MAT_024_O_site0_adsorbed.cif,-673.5606345997519,uma-s-1p2,success
MAT_024,Ru0.40Si0.60Ox,O,data\substituted_adsorbates\MAT_024_O_site1_adsorbed.cif,-673.3068661364634,uma-s-1p2,success
MAT_024,Ru0.40Si0.60Ox,O,data\substituted_adsorbates\MAT_024_O_site2_adsorbed.cif,-673.7735739463894,uma-s-1p2,success
MAT_024,Ru0.40Si0.60Ox,O2,data\substituted_adsorbates\MAT_024_O2_site0_adsorbed.cif,-677.2210595420914,uma-s-1p2,success
MAT_024,Ru0.40Si0.60Ox,O2,data\substituted_adsorbates\MAT_024_O2_site1_adsorbed.cif,-677.2246787390112,uma-s-1p2,success
MAT_024,Ru0.40Si0.60Ox,O2,data\substituted_adsorbates\MAT_024_O2_site2_adsorbed.cif,-678.1524703167747,uma-s-1p2,success
MAT_024,Ru0.40Si0.60Ox,N2O,data\substituted_adsorbates\MAT_024_N2O_site0_adsorbed.cif,-688.7041064007925,uma-s-1p2,success
MAT_024,Ru0.40Si0.60Ox,N2O,data\substituted_adsorbates\MAT_024_N2O_site1_adsorbed.cif,-688.7257965706153,uma-s-1p2,success
MAT_024,Ru0.40Si0.60Ox,N2O,data\substituted_adsorbates\MAT_024_N2O_site2_adsorbed.cif,-689.4041449887364,uma-s-1p2,success
MAT_025,Ru0.20Si0.80Ox,O,data\substituted_adsorbates\MAT_025_O_site0_adsorbed.cif,-671.0977102751363,uma-s-1p2,success
MAT_025,Ru0.20Si0.80Ox,O,data\substituted_adsorbates\MAT_025_O_site1_adsorbed.cif,-670.8777127358554,uma-s-1p2,success
MAT_025,Ru0.20Si0.80Ox,O,data\substituted_adsorbates\MAT_025_O_site2_adsorbed.cif,-670.8378534610924,uma-s-1p2,success
MAT_025,Ru0.20Si0.80Ox,O2,data\substituted_adsorbates\MAT_025_O2_site0_adsorbed.cif,-674.9976178378621,uma-s-1p2,success
MAT_025,Ru0.20Si0.80Ox,O2,data\substituted_adsorbates\MAT_025_O2_site1_adsorbed.cif,-675.001050774386,uma-s-1p2,success
MAT_025,Ru0.20Si0.80Ox,O2,data\substituted_adsorbates\MAT_025_O2_site2_adsorbed.cif,-674.5789622404476,uma-s-1p2,success
MAT_025,Ru0.20Si0.80Ox,N2O,data\substituted_adsorbates\MAT_025_N2O_site0_adsorbed.cif,-686.5489958753113,uma-s-1p2,success
MAT_025,Ru0.20Si0.80Ox,N2O,data\substituted_adsorbates\MAT_025_N2O_site1_adsorbed.cif,-686.5594267574371,uma-s-1p2,success
MAT_025,Ru0.20Si0.80Ox,N2O,data\substituted_adsorbates\MAT_025_N2O_site2_adsorbed.cif,-685.8524610645337,uma-s-1p2,success
MAT_027,Ru0.80K0.20Ox,O,data\substituted_adsorbates\MAT_027_O_site0_adsorbed.cif,-568.4224730421669,uma-s-1p2,success
MAT_027,Ru0.80K0.20Ox,O,data\substituted_adsorbates\MAT_027_O_site1_adsorbed.cif,-572.0895795783254,uma-s-1p2,success
MAT_027,Ru0.80K0.20Ox,O,data\substituted_adsorbates\MAT_027_O_site2_adsorbed.cif,-571.8775223151686,uma-s-1p2,success
MAT_027,Ru0.80K0.20Ox,O2,data\substituted_adsorbates\MAT_027_O2_site0_adsorbed.cif,-574.8327890008502,uma-s-1p2,success
MAT_027,Ru0.80K0.20Ox,O2,data\substituted_adsorbates\MAT_027_O2_site1_adsorbed.cif,-576.5667549814774,uma-s-1p2,success
MAT_027,Ru0.80K0.20Ox,O2,data\substituted_adsorbates\MAT_027_O2_site2_adsorbed.cif,-576.4467840391177,uma-s-1p2,success
MAT_027,Ru0.80K0.20Ox,N2O,data\substituted_adsorbates\MAT_027_N2O_site0_adsorbed.cif,-585.9974064326952,uma-s-1p2,success
MAT_027,Ru0.80K0.20Ox,N2O,data\substituted_adsorbates\MAT_027_N2O_site1_adsorbed.cif,-588.0698036580254,uma-s-1p2,success
MAT_027,Ru0.80K0.20Ox,N2O,data\substituted_adsorbates\MAT_027_N2O_site2_adsorbed.cif,-587.7423137630178,uma-s-1p2,success
MAT_028,Ru0.60K0.40Ox,O,data\substituted_adsorbates\MAT_028_O_site0_adsorbed.cif,-503.1325919177872,uma-s-1p2,success
MAT_028,Ru0.60K0.40Ox,O,data\substituted_adsorbates\MAT_028_O_site1_adsorbed.cif,-506.77092564970815,uma-s-1p2,success
MAT_028,Ru0.60K0.40Ox,O,data\substituted_adsorbates\MAT_028_O_site2_adsorbed.cif,-506.72682178563696,uma-s-1p2,success
MAT_028,Ru0.60K0.40Ox,O2,data\substituted_adsorbates\MAT_028_O2_site0_adsorbed.cif,-509.60937970583063,uma-s-1p2,success
MAT_028,Ru0.60K0.40Ox,O2,data\substituted_adsorbates\MAT_028_O2_site1_adsorbed.cif,-511.30881613766127,uma-s-1p2,success
MAT_028,Ru0.60K0.40Ox,O2,data\substituted_adsorbates\MAT_028_O2_site2_adsorbed.cif,-511.02703698946254,uma-s-1p2,success
MAT_028,Ru0.60K0.40Ox,N2O,data\substituted_adsorbates\MAT_028_N2O_site0_adsorbed.cif,-520.5681031003834,uma-s-1p2,success
MAT_028,Ru0.60K0.40Ox,N2O,data\substituted_adsorbates\MAT_028_N2O_site1_adsorbed.cif,-522.5823073577518,uma-s-1p2,success
MAT_028,Ru0.60K0.40Ox,N2O,data\substituted_adsorbates\MAT_028_N2O_site2_adsorbed.cif,-522.0324828271836,uma-s-1p2,success
MAT_029,Ru0.40K0.60Ox,O,data\substituted_adsorbates\MAT_029_O_site0_adsorbed.cif,-380.4468652512234,uma-s-1p2,success
MAT_029,Ru0.40K0.60Ox,O,data\substituted_adsorbates\MAT_029_O_site1_adsorbed.cif,-380.10836580552956,uma-s-1p2,success
MAT_029,Ru0.40K0.60Ox,O,data\substituted_adsorbates\MAT_029_O_site2_adsorbed.cif,-383.47775776349044,uma-s-1p2,success
MAT_029,Ru0.40K0.60Ox,O2,data\substituted_adsorbates\MAT_029_O2_site0_adsorbed.cif,-386.7393235683891,uma-s-1p2,success
MAT_029,Ru0.40K0.60Ox,O2,data\substituted_adsorbates\MAT_029_O2_site1_adsorbed.cif,-386.61536450284314,uma-s-1p2,success
MAT_029,Ru0.40K0.60Ox,O2,data\substituted_adsorbates\MAT_029_O2_site2_adsorbed.cif,-387.78050627267737,uma-s-1p2,success
MAT_029,Ru0.40K0.60Ox,N2O,data\substituted_adsorbates\MAT_029_N2O_site0_adsorbed.cif,-396.8762817795524,uma-s-1p2,success
MAT_029,Ru0.40K0.60Ox,N2O,data\substituted_adsorbates\MAT_029_N2O_site1_adsorbed.cif,-396.79723426138617,uma-s-1p2,success
MAT_029,Ru0.40K0.60Ox,N2O,data\substituted_adsorbates\MAT_029_N2O_site2_adsorbed.cif,-398.21699443723514,uma-s-1p2,success
MAT_030,Ru0.20K0.80Ox,O,data\substituted_adsorbates\MAT_030_O_site0_adsorbed.cif,-325.4807106924165,uma-s-1p2,success
MAT_030,Ru0.20K0.80Ox,O,data\substituted_adsorbates\MAT_030_O_site1_adsorbed.cif,-324.9532681252881,uma-s-1p2,success
MAT_030,Ru0.20K0.80Ox,O,data\substituted_adsorbates\MAT_030_O_site2_adsorbed.cif,-325.3019153505044,uma-s-1p2,success
MAT_030,Ru0.20K0.80Ox,O2,data\substituted_adsorbates\MAT_030_O2_site0_adsorbed.cif,-331.67854670877705,uma-s-1p2,success
MAT_030,Ru0.20K0.80Ox,O2,data\substituted_adsorbates\MAT_030_O2_site1_adsorbed.cif,-331.48479558245907,uma-s-1p2,success
MAT_030,Ru0.20K0.80Ox,O2,data\substituted_adsorbates\MAT_030_O2_site2_adsorbed.cif,-331.6329583308037,uma-s-1p2,success
MAT_030,Ru0.20K0.80Ox,N2O,data\substituted_adsorbates\MAT_030_N2O_site0_adsorbed.cif,-341.575293630808,uma-s-1p2,success
MAT_030,Ru0.20K0.80Ox,N2O,data\substituted_adsorbates\MAT_030_N2O_site1_adsorbed.cif,-341.402013140408,uma-s-1p2,success
MAT_030,Ru0.20K0.80Ox,N2O,data\substituted_adsorbates\MAT_030_N2O_site2_adsorbed.cif,-341.45221540890645,uma-s-1p2,success
MAT_032,Ru0.80Ca0.20Ox,O,data\substituted_adsorbates\MAT_032_O_site0_adsorbed.cif,-630.7176567709008,uma-s-1p2,success
MAT_032,Ru0.80Ca0.20Ox,O,data\substituted_adsorbates\MAT_032_O_site1_adsorbed.cif,-634.4314796385349,uma-s-1p2,success
MAT_032,Ru0.80Ca0.20Ox,O,data\substituted_adsorbates\MAT_032_O_site2_adsorbed.cif,-633.9984290026425,uma-s-1p2,success
MAT_032,Ru0.80Ca0.20Ox,O2,data\substituted_adsorbates\MAT_032_O2_site0_adsorbed.cif,-637.0830972874351,uma-s-1p2,success
MAT_032,Ru0.80Ca0.20Ox,O2,data\substituted_adsorbates\MAT_032_O2_site1_adsorbed.cif,-638.611916894507,uma-s-1p2,success
MAT_032,Ru0.80Ca0.20Ox,O2,data\substituted_adsorbates\MAT_032_O2_site2_adsorbed.cif,-638.5278300745106,uma-s-1p2,success
MAT_032,Ru0.80Ca0.20Ox,N2O,data\substituted_adsorbates\MAT_032_N2O_site0_adsorbed.cif,-648.3936979330318,uma-s-1p2,success
MAT_032,Ru0.80Ca0.20Ox,N2O,data\substituted_adsorbates\MAT_032_N2O_site1_adsorbed.cif,-650.2788443783766,uma-s-1p2,success
MAT_032,Ru0.80Ca0.20Ox,N2O,data\substituted_adsorbates\MAT_032_N2O_site2_adsorbed.cif,-650.0025224268059,uma-s-1p2,success
MAT_033,Ru0.60Ca0.40Ox,O,data\substituted_adsorbates\MAT_033_O_site0_adsorbed.cif,-596.3774036410553,uma-s-1p2,success
MAT_033,Ru0.60Ca0.40Ox,O,data\substituted_adsorbates\MAT_033_O_site1_adsorbed.cif,-600.085070389386,uma-s-1p2,success
MAT_033,Ru0.60Ca0.40Ox,O,data\substituted_adsorbates\MAT_033_O_site2_adsorbed.cif,-599.7436724115756,uma-s-1p2,success
MAT_033,Ru0.60Ca0.40Ox,O2,data\substituted_adsorbates\MAT_033_O2_site0_adsorbed.cif,-602.6382587378691,uma-s-1p2,success
MAT_033,Ru0.60Ca0.40Ox,O2,data\substituted_adsorbates\MAT_033_O2_site1_adsorbed.cif,-604.2341494376411,uma-s-1p2,success
MAT_033,Ru0.60Ca0.40Ox,O2,data\substituted_adsorbates\MAT_033_O2_site2_adsorbed.cif,-604.0615410984528,uma-s-1p2,success
MAT_033,Ru0.60Ca0.40Ox,N2O,data\substituted_adsorbates\MAT_033_N2O_site0_adsorbed.cif,-613.9013153813219,uma-s-1p2,success
MAT_033,Ru0.60Ca0.40Ox,N2O,data\substituted_adsorbates\MAT_033_N2O_site1_adsorbed.cif,-615.8248353726879,uma-s-1p2,success
MAT_033,Ru0.60Ca0.40Ox,N2O,data\substituted_adsorbates\MAT_033_N2O_site2_adsorbed.cif,-615.3325099867325,uma-s-1p2,success
MAT_034,Ru0.40Ca0.60Ox,O,data\substituted_adsorbates\MAT_034_O_site0_adsorbed.cif,-522.8357478880926,uma-s-1p2,success
MAT_034,Ru0.40Ca0.60Ox,O,data\substituted_adsorbates\MAT_034_O_site1_adsorbed.cif,-522.653379518162,uma-s-1p2,success
MAT_034,Ru0.40Ca0.60Ox,O,data\substituted_adsorbates\MAT_034_O_site2_adsorbed.cif,-525.976892176579,uma-s-1p2,success
MAT_034,Ru0.40Ca0.60Ox,O2,data\substituted_adsorbates\MAT_034_O2_site0_adsorbed.cif,-529.2357694166253,uma-s-1p2,success
MAT_034,Ru0.40Ca0.60Ox,O2,data\substituted_adsorbates\MAT_034_O2_site1_adsorbed.cif,-529.2354235023191,uma-s-1p2,success
MAT_034,Ru0.40Ca0.60Ox,O2,data\substituted_adsorbates\MAT_034_O2_site2_adsorbed.cif,-530.3525743715428,uma-s-1p2,success
MAT_034,Ru0.40Ca0.60Ox,N2O,data\substituted_adsorbates\MAT_034_N2O_site0_adsorbed.cif,-540.2140628310636,uma-s-1p2,success
MAT_034,Ru0.40Ca0.60Ox,N2O,data\substituted_adsorbates\MAT_034_N2O_site1_adsorbed.cif,-540.2404952394573,uma-s-1p2,success
MAT_034,Ru0.40Ca0.60Ox,N2O,data\substituted_adsorbates\MAT_034_N2O_site2_adsorbed.cif,-541.5244500546045,uma-s-1p2,success
MAT_035,Ru0.20Ca0.80Ox,O,data\substituted_adsorbates\MAT_035_O_site0_adsorbed.cif,-486.1750063296869,uma-s-1p2,success
MAT_035,Ru0.20Ca0.80Ox,O,data\substituted_adsorbates\MAT_035_O_site1_adsorbed.cif,-485.8936101009062,uma-s-1p2,success
MAT_035,Ru0.20Ca0.80Ox,O,data\substituted_adsorbates\MAT_035_O_site2_adsorbed.cif,-486.4124147690635,uma-s-1p2,success
MAT_035,Ru0.20Ca0.80Ox,O2,data\substituted_adsorbates\MAT_035_O2_site0_adsorbed.cif,-492.6680119754218,uma-s-1p2,success
MAT_035,Ru0.20Ca0.80Ox,O2,data\substituted_adsorbates\MAT_035_O2_site1_adsorbed.cif,-492.64448276352846,uma-s-1p2,success
MAT_035,Ru0.20Ca0.80Ox,O2,data\substituted_adsorbates\MAT_035_O2_site2_adsorbed.cif,-492.8862092325121,uma-s-1p2,success
MAT_035,Ru0.20Ca0.80Ox,N2O,data\substituted_adsorbates\MAT_035_N2O_site0_adsorbed.cif,-503.4694083771868,uma-s-1p2,success
MAT_035,Ru0.20Ca0.80Ox,N2O,data\substituted_adsorbates\MAT_035_N2O_site1_adsorbed.cif,-503.4730614346338,uma-s-1p2,success
MAT_035,Ru0.20Ca0.80Ox,N2O,data\substituted_adsorbates\MAT_035_N2O_site2_adsorbed.cif,-503.6415621564205,uma-s-1p2,success
MAT_037,Ru0.80Sc0.20Ox,O,data\substituted_adsorbates\MAT_037_O_site0_adsorbed.cif,-708.5749910449265,uma-s-1p2,success
MAT_037,Ru0.80Sc0.20Ox,O,data\substituted_adsorbates\MAT_037_O_site1_adsorbed.cif,-710.5983677131593,uma-s-1p2,success
MAT_037,Ru0.80Sc0.20Ox,O,data\substituted_adsorbates\MAT_037_O_site2_adsorbed.cif,-710.2294445288092,uma-s-1p2,success
MAT_037,Ru0.80Sc0.20Ox,O2,data\substituted_adsorbates\MAT_037_O2_site0_adsorbed.cif,-713.9329928422387,uma-s-1p2,success
MAT_037,Ru0.80Sc0.20Ox,O2,data\substituted_adsorbates\MAT_037_O2_site1_adsorbed.cif,-714.5850021821376,uma-s-1p2,success
MAT_037,Ru0.80Sc0.20Ox,O2,data\substituted_adsorbates\MAT_037_O2_site2_adsorbed.cif,-714.6895192458876,uma-s-1p2,success
MAT_037,Ru0.80Sc0.20Ox,N2O,data\substituted_adsorbates\MAT_037_N2O_site0_adsorbed.cif,-725.1695129010591,uma-s-1p2,success
MAT_037,Ru0.80Sc0.20Ox,N2O,data\substituted_adsorbates\MAT_037_N2O_site1_adsorbed.cif,-726.2647338646279,uma-s-1p2,success
MAT_037,Ru0.80Sc0.20Ox,N2O,data\substituted_adsorbates\MAT_037_N2O_site2_adsorbed.cif,-726.1369025280922,uma-s-1p2,success
MAT_038,Ru0.60Sc0.40Ox,O,data\substituted_adsorbates\MAT_038_O_site0_adsorbed.cif,-713.2223023495167,uma-s-1p2,success
MAT_038,Ru0.60Sc0.40Ox,O,data\substituted_adsorbates\MAT_038_O_site1_adsorbed.cif,-715.2882135341247,uma-s-1p2,success
MAT_038,Ru0.60Sc0.40Ox,O,data\substituted_adsorbates\MAT_038_O_site2_adsorbed.cif,-714.8317260841335,uma-s-1p2,success
MAT_038,Ru0.60Sc0.40Ox,O2,data\substituted_adsorbates\MAT_038_O2_site0_adsorbed.cif,-718.3478575695118,uma-s-1p2,success
MAT_038,Ru0.60Sc0.40Ox,O2,data\substituted_adsorbates\MAT_038_O2_site1_adsorbed.cif,-719.0072410728158,uma-s-1p2,success
MAT_038,Ru0.60Sc0.40Ox,O2,data\substituted_adsorbates\MAT_038_O2_site2_adsorbed.cif,-719.0746399772133,uma-s-1p2,success
MAT_038,Ru0.60Sc0.40Ox,N2O,data\substituted_adsorbates\MAT_038_N2O_site0_adsorbed.cif,-729.5653586456572,uma-s-1p2,success
MAT_038,Ru0.60Sc0.40Ox,N2O,data\substituted_adsorbates\MAT_038_N2O_site1_adsorbed.cif,-730.6739471359339,uma-s-1p2,success
MAT_038,Ru0.60Sc0.40Ox,N2O,data\substituted_adsorbates\MAT_038_N2O_site2_adsorbed.cif,-730.3591384132984,uma-s-1p2,success
MAT_039,Ru0.40Sc0.60Ox,O,data\substituted_adsorbates\MAT_039_O_site0_adsorbed.cif,-722.1205176023865,uma-s-1p2,success
MAT_039,Ru0.40Sc0.60Ox,O,data\substituted_adsorbates\MAT_039_O_site1_adsorbed.cif,-722.2812838408648,uma-s-1p2,success
MAT_039,Ru0.40Sc0.60Ox,O,data\substituted_adsorbates\MAT_039_O_site2_adsorbed.cif,-723.877285655959,uma-s-1p2,success
MAT_039,Ru0.40Sc0.60Ox,O2,data\substituted_adsorbates\MAT_039_O2_site0_adsorbed.cif,-727.2829420471172,uma-s-1p2,success
MAT_039,Ru0.40Sc0.60Ox,O2,data\substituted_adsorbates\MAT_039_O2_site1_adsorbed.cif,-727.4852757947082,uma-s-1p2,success
MAT_039,Ru0.40Sc0.60Ox,O2,data\substituted_adsorbates\MAT_039_O2_site2_adsorbed.cif,-728.0604579006509,uma-s-1p2,success
MAT_039,Ru0.40Sc0.60Ox,N2O,data\substituted_adsorbates\MAT_039_N2O_site0_adsorbed.cif,-738.5386925506793,uma-s-1p2,success
MAT_039,Ru0.40Sc0.60Ox,N2O,data\substituted_adsorbates\MAT_039_N2O_site1_adsorbed.cif,-738.6832242886646,uma-s-1p2,success
MAT_039,Ru0.40Sc0.60Ox,N2O,data\substituted_adsorbates\MAT_039_N2O_site2_adsorbed.cif,-739.3714885544454,uma-s-1p2,success
MAT_040,Ru0.20Sc0.80Ox,O,data\substituted_adsorbates\MAT_040_O_site0_adsorbed.cif,-726.7348430892598,uma-s-1p2,success
MAT_040,Ru0.20Sc0.80Ox,O,data\substituted_adsorbates\MAT_040_O_site1_adsorbed.cif,-726.8722471587791,uma-s-1p2,success
MAT_040,Ru0.20Sc0.80Ox,O,data\substituted_adsorbates\MAT_040_O_site2_adsorbed.cif,-727.6044938571716,uma-s-1p2,success
MAT_040,Ru0.20Sc0.80Ox,O2,data\substituted_adsorbates\MAT_040_O2_site0_adsorbed.cif,-732.2835522149624,uma-s-1p2,success
MAT_040,Ru0.20Sc0.80Ox,O2,data\substituted_adsorbates\MAT_040_O2_site1_adsorbed.cif,-732.4560050696896,uma-s-1p2,success
MAT_040,Ru0.20Sc0.80Ox,O2,data\substituted_adsorbates\MAT_040_O2_site2_adsorbed.cif,-732.9584952004263,uma-s-1p2,success
MAT_040,Ru0.20Sc0.80Ox,N2O,data\substituted_adsorbates\MAT_040_N2O_site0_adsorbed.cif,-743.4685402234427,uma-s-1p2,success
MAT_040,Ru0.20Sc0.80Ox,N2O,data\substituted_adsorbates\MAT_040_N2O_site1_adsorbed.cif,-743.5867227020508,uma-s-1p2,success
MAT_040,Ru0.20Sc0.80Ox,N2O,data\substituted_adsorbates\MAT_040_N2O_site2_adsorbed.cif,-743.913595993509,uma-s-1p2,success
MAT_042,Ru0.80Ti0.20Ox,O,data\substituted_adsorbates\MAT_042_O_site0_adsorbed.cif,-726.4043065619516,uma-s-1p2,success
MAT_042,Ru0.80Ti0.20Ox,O,data\substituted_adsorbates\MAT_042_O_site1_adsorbed.cif,-726.7235799723211,uma-s-1p2,success
MAT_042,Ru0.80Ti0.20Ox,O,data\substituted_adsorbates\MAT_042_O_site2_adsorbed.cif,-726.7280184060232,uma-s-1p2,success
MAT_042,Ru0.80Ti0.20Ox,O2,data\substituted_adsorbates\MAT_042_O2_site0_adsorbed.cif,-731.147609260844,uma-s-1p2,success
MAT_042,Ru0.80Ti0.20Ox,O2,data\substituted_adsorbates\MAT_042_O2_site1_adsorbed.cif,-730.9679306856032,uma-s-1p2,success
MAT_042,Ru0.80Ti0.20Ox,O2,data\substituted_adsorbates\MAT_042_O2_site2_adsorbed.cif,-731.1698252062141,uma-s-1p2,success
MAT_042,Ru0.80Ti0.20Ox,N2O,data\substituted_adsorbates\MAT_042_N2O_site0_adsorbed.cif,-742.1083315663493,uma-s-1p2,success
MAT_042,Ru0.80Ti0.20Ox,N2O,data\substituted_adsorbates\MAT_042_N2O_site1_adsorbed.cif,-742.6231358779364,uma-s-1p2,success
MAT_042,Ru0.80Ti0.20Ox,N2O,data\substituted_adsorbates\MAT_042_N2O_site2_adsorbed.cif,-742.5764493150285,uma-s-1p2,success
MAT_043,Ru0.60Ti0.40Ox,O,data\substituted_adsorbates\MAT_043_O_site0_adsorbed.cif,-740.4873029096135,uma-s-1p2,success
MAT_043,Ru0.60Ti0.40Ox,O,data\substituted_adsorbates\MAT_043_O_site1_adsorbed.cif,-740.795804027956,uma-s-1p2,success
MAT_043,Ru0.60Ti0.40Ox,O,data\substituted_adsorbates\MAT_043_O_site2_adsorbed.cif,-740.8300928085571,uma-s-1p2,success
MAT_043,Ru0.60Ti0.40Ox,O2,data\substituted_adsorbates\MAT_043_O2_site0_adsorbed.cif,-745.1952614648138,uma-s-1p2,success
MAT_043,Ru0.60Ti0.40Ox,O2,data\substituted_adsorbates\MAT_043_O2_site1_adsorbed.cif,-745.0038919114004,uma-s-1p2,success
MAT_043,Ru0.60Ti0.40Ox,O2,data\substituted_adsorbates\MAT_043_O2_site2_adsorbed.cif,-745.2483865522206,uma-s-1p2,success
MAT_043,Ru0.60Ti0.40Ox,N2O,data\substituted_adsorbates\MAT_043_N2O_site0_adsorbed.cif,-756.123698160108,uma-s-1p2,success
MAT_043,Ru0.60Ti0.40Ox,N2O,data\substituted_adsorbates\MAT_043_N2O_site1_adsorbed.cif,-756.647468792283,uma-s-1p2,success
MAT_043,Ru0.60Ti0.40Ox,N2O,data\substituted_adsorbates\MAT_043_N2O_site2_adsorbed.cif,-756.5830402630119,uma-s-1p2,success
MAT_044,Ru0.40Ti0.60Ox,O,data\substituted_adsorbates\MAT_044_O_site0_adsorbed.cif,-772.9807252302847,uma-s-1p2,success
MAT_044,Ru0.40Ti0.60Ox,O,data\substituted_adsorbates\MAT_044_O_site1_adsorbed.cif,-772.643584420121,uma-s-1p2,success
MAT_044,Ru0.40Ti0.60Ox,O,data\substituted_adsorbates\MAT_044_O_site2_adsorbed.cif,-773.4494064970256,uma-s-1p2,success
MAT_044,Ru0.40Ti0.60Ox,O2,data\substituted_adsorbates\MAT_044_O2_site0_adsorbed.cif,-777.7494928003783,uma-s-1p2,success
MAT_044,Ru0.40Ti0.60Ox,O2,data\substituted_adsorbates\MAT_044_O2_site1_adsorbed.cif,-777.5911646998326,uma-s-1p2,success
MAT_044,Ru0.40Ti0.60Ox,O2,data\substituted_adsorbates\MAT_044_O2_site2_adsorbed.cif,-777.8381694090835,uma-s-1p2,success
MAT_044,Ru0.40Ti0.60Ox,N2O,data\substituted_adsorbates\MAT_044_N2O_site0_adsorbed.cif,-788.5703529285696,uma-s-1p2,success
MAT_044,Ru0.40Ti0.60Ox,N2O,data\substituted_adsorbates\MAT_044_N2O_site1_adsorbed.cif,-788.5022452003046,uma-s-1p2,success
MAT_044,Ru0.40Ti0.60Ox,N2O,data\substituted_adsorbates\MAT_044_N2O_site2_adsorbed.cif,-789.0892353064619,uma-s-1p2,success
MAT_045,Ru0.20Ti0.80Ox,O,data\substituted_adsorbates\MAT_045_O_site0_adsorbed.cif,-789.4184286913672,uma-s-1p2,success
MAT_045,Ru0.20Ti0.80Ox,O,data\substituted_adsorbates\MAT_045_O_site1_adsorbed.cif,-789.0241629771552,uma-s-1p2,success
MAT_045,Ru0.20Ti0.80Ox,O,data\substituted_adsorbates\MAT_045_O_site2_adsorbed.cif,-790.8750959569501,uma-s-1p2,success
MAT_045,Ru0.20Ti0.80Ox,O2,data\substituted_adsorbates\MAT_045_O2_site0_adsorbed.cif,-794.0261201239189,uma-s-1p2,success
MAT_045,Ru0.20Ti0.80Ox,O2,data\substituted_adsorbates\MAT_045_O2_site1_adsorbed.cif,-793.8366949861567,uma-s-1p2,success
MAT_045,Ru0.20Ti0.80Ox,O2,data\substituted_adsorbates\MAT_045_O2_site2_adsorbed.cif,-794.8306685115723,uma-s-1p2,success
MAT_045,Ru0.20Ti0.80Ox,N2O,data\substituted_adsorbates\MAT_045_N2O_site0_adsorbed.cif,-804.6818232711298,uma-s-1p2,success
MAT_045,Ru0.20Ti0.80Ox,N2O,data\substituted_adsorbates\MAT_045_N2O_site1_adsorbed.cif,-804.5807890973052,uma-s-1p2,success
MAT_045,Ru0.20Ti0.80Ox,N2O,data\substituted_adsorbates\MAT_045_N2O_site2_adsorbed.cif,-805.1282227237016,uma-s-1p2,success
MAT_047,Ru0.80V0.20Ox,O,data\substituted_adsorbates\MAT_047_O_site0_adsorbed.cif,-700.4211680892674,uma-s-1p2,success
MAT_047,Ru0.80V0.20Ox,O,data\substituted_adsorbates\MAT_047_O_site1_adsorbed.cif,-701.0353935727495,uma-s-1p2,success
MAT_047,Ru0.80V0.20Ox,O,data\substituted_adsorbates\MAT_047_O_site2_adsorbed.cif,-700.9392096582268,uma-s-1p2,success
MAT_047,Ru0.80V0.20Ox,O2,data\substituted_adsorbates\MAT_047_O2_site0_adsorbed.cif,-705.2752670924494,uma-s-1p2,success
MAT_047,Ru0.80V0.20Ox,O2,data\substituted_adsorbates\MAT_047_O2_site1_adsorbed.cif,-705.3400689124105,uma-s-1p2,success
MAT_047,Ru0.80V0.20Ox,O2,data\substituted_adsorbates\MAT_047_O2_site2_adsorbed.cif,-705.4348469151481,uma-s-1p2,success
MAT_047,Ru0.80V0.20Ox,N2O,data\substituted_adsorbates\MAT_047_N2O_site0_adsorbed.cif,-716.5223853362955,uma-s-1p2,success
MAT_047,Ru0.80V0.20Ox,N2O,data\substituted_adsorbates\MAT_047_N2O_site1_adsorbed.cif,-716.9812145694473,uma-s-1p2,success
MAT_047,Ru0.80V0.20Ox,N2O,data\substituted_adsorbates\MAT_047_N2O_site2_adsorbed.cif,-716.84966737626,uma-s-1p2,success
MAT_048,Ru0.60V0.40Ox,O,data\substituted_adsorbates\MAT_048_O_site0_adsorbed.cif,-701.612127907749,uma-s-1p2,success
MAT_048,Ru0.60V0.40Ox,O,data\substituted_adsorbates\MAT_048_O_site1_adsorbed.cif,-702.2765305580455,uma-s-1p2,success
MAT_048,Ru0.60V0.40Ox,O,data\substituted_adsorbates\MAT_048_O_site2_adsorbed.cif,-702.3536655788444,uma-s-1p2,success
MAT_048,Ru0.60V0.40Ox,O2,data\substituted_adsorbates\MAT_048_O2_site0_adsorbed.cif,-706.5985993776034,uma-s-1p2,success
MAT_048,Ru0.60V0.40Ox,O2,data\substituted_adsorbates\MAT_048_O2_site1_adsorbed.cif,-706.6873900687389,uma-s-1p2,success
MAT_048,Ru0.60V0.40Ox,O2,data\substituted_adsorbates\MAT_048_O2_site2_adsorbed.cif,-706.8185583219824,uma-s-1p2,success
MAT_048,Ru0.60V0.40Ox,N2O,data\substituted_adsorbates\MAT_048_N2O_site0_adsorbed.cif,-717.7984622211826,uma-s-1p2,success
MAT_048,Ru0.60V0.40Ox,N2O,data\substituted_adsorbates\MAT_048_N2O_site1_adsorbed.cif,-718.2475757827323,uma-s-1p2,success
MAT_048,Ru0.60V0.40Ox,N2O,data\substituted_adsorbates\MAT_048_N2O_site2_adsorbed.cif,-718.1360763588218,uma-s-1p2,success
MAT_049,Ru0.40V0.60Ox,O,data\substituted_adsorbates\MAT_049_O_site0_adsorbed.cif,-708.0555118879181,uma-s-1p2,success
MAT_049,Ru0.40V0.60Ox,O,data\substituted_adsorbates\MAT_049_O_site1_adsorbed.cif,-708.0083770792215,uma-s-1p2,success
MAT_049,Ru0.40V0.60Ox,O,data\substituted_adsorbates\MAT_049_O_site2_adsorbed.cif,-708.9726540549224,uma-s-1p2,success
MAT_049,Ru0.40V0.60Ox,O2,data\substituted_adsorbates\MAT_049_O2_site0_adsorbed.cif,-713.1685158158843,uma-s-1p2,success
MAT_049,Ru0.40V0.60Ox,O2,data\substituted_adsorbates\MAT_049_O2_site1_adsorbed.cif,-713.1587285887346,uma-s-1p2,success
MAT_049,Ru0.40V0.60Ox,O2,data\substituted_adsorbates\MAT_049_O2_site2_adsorbed.cif,-713.3606541977389,uma-s-1p2,success
MAT_049,Ru0.40V0.60Ox,N2O,data\substituted_adsorbates\MAT_049_N2O_site0_adsorbed.cif,-724.2453328807763,uma-s-1p2,success
MAT_049,Ru0.40V0.60Ox,N2O,data\substituted_adsorbates\MAT_049_N2O_site1_adsorbed.cif,-724.2851885385171,uma-s-1p2,success
MAT_049,Ru0.40V0.60Ox,N2O,data\substituted_adsorbates\MAT_049_N2O_site2_adsorbed.cif,-724.6141382281922,uma-s-1p2,success
MAT_050,Ru0.20V0.80Ox,O,data\substituted_adsorbates\MAT_050_O_site0_adsorbed.cif,-712.2034480451721,uma-s-1p2,success
MAT_050,Ru0.20V0.80Ox,O,data\substituted_adsorbates\MAT_050_O_site1_adsorbed.cif,-712.1921253158555,uma-s-1p2,success
MAT_050,Ru0.20V0.80Ox,O,data\substituted_adsorbates\MAT_050_O_site2_adsorbed.cif,-713.3506065480178,uma-s-1p2,success
MAT_050,Ru0.20V0.80Ox,O2,data\substituted_adsorbates\MAT_050_O2_site0_adsorbed.cif,-717.3522297520493,uma-s-1p2,success
MAT_050,Ru0.20V0.80Ox,O2,data\substituted_adsorbates\MAT_050_O2_site1_adsorbed.cif,-717.3626417791658,uma-s-1p2,success
MAT_050,Ru0.20V0.80Ox,O2,data\substituted_adsorbates\MAT_050_O2_site2_adsorbed.cif,-717.7110487361203,uma-s-1p2,success
MAT_050,Ru0.20V0.80Ox,N2O,data\substituted_adsorbates\MAT_050_N2O_site0_adsorbed.cif,-728.3352870272022,uma-s-1p2,success
MAT_050,Ru0.20V0.80Ox,N2O,data\substituted_adsorbates\MAT_050_N2O_site1_adsorbed.cif,-728.3888063150367,uma-s-1p2,success
MAT_050,Ru0.20V0.80Ox,N2O,data\substituted_adsorbates\MAT_050_N2O_site2_adsorbed.cif,-728.4757169195235,uma-s-1p2,success
MAT_052,Ru0.80Cr0.20Ox,O,data\substituted_adsorbates\MAT_052_O_site0_adsorbed.cif,-695.5009287839003,uma-s-1p2,success
MAT_052,Ru0.80Cr0.20Ox,O,data\substituted_adsorbates\MAT_052_O_site1_adsorbed.cif,-696.5380777910225,uma-s-1p2,success
MAT_052,Ru0.80Cr0.20Ox,O,data\substituted_adsorbates\MAT_052_O_site2_adsorbed.cif,-696.4068356025454,uma-s-1p2,success
MAT_052,Ru0.80Cr0.20Ox,O2,data\substituted_adsorbates\MAT_052_O2_site0_adsorbed.cif,-700.4450943046867,uma-s-1p2,success
MAT_052,Ru0.80Cr0.20Ox,O2,data\substituted_adsorbates\MAT_052_O2_site1_adsorbed.cif,-700.8627182883729,uma-s-1p2,success
MAT_052,Ru0.80Cr0.20Ox,O2,data\substituted_adsorbates\MAT_052_O2_site2_adsorbed.cif,-700.9287125608162,uma-s-1p2,success
MAT_052,Ru0.80Cr0.20Ox,N2O,data\substituted_adsorbates\MAT_052_N2O_site0_adsorbed.cif,-712.1278800137535,uma-s-1p2,success
MAT_052,Ru0.80Cr0.20Ox,N2O,data\substituted_adsorbates\MAT_052_N2O_site1_adsorbed.cif,-712.5979600432239,uma-s-1p2,success
MAT_052,Ru0.80Cr0.20Ox,N2O,data\substituted_adsorbates\MAT_052_N2O_site2_adsorbed.cif,-712.4393156444597,uma-s-1p2,success
MAT_053,Ru0.60Cr0.40Ox,O,data\substituted_adsorbates\MAT_053_O_site0_adsorbed.cif,-694.0154073426269,uma-s-1p2,success
MAT_053,Ru0.60Cr0.40Ox,O,data\substituted_adsorbates\MAT_053_O_site1_adsorbed.cif,-695.1050046040624,uma-s-1p2,success
MAT_053,Ru0.60Cr0.40Ox,O,data\substituted_adsorbates\MAT_053_O_site2_adsorbed.cif,-695.0556537630941,uma-s-1p2,success
MAT_053,Ru0.60Cr0.40Ox,O2,data\substituted_adsorbates\MAT_053_O2_site0_adsorbed.cif,-699.0283623941151,uma-s-1p2,success
MAT_053,Ru0.60Cr0.40Ox,O2,data\substituted_adsorbates\MAT_053_O2_site1_adsorbed.cif,-699.4625922142424,uma-s-1p2,success
MAT_053,Ru0.60Cr0.40Ox,O2,data\substituted_adsorbates\MAT_053_O2_site2_adsorbed.cif,-699.516485170217,uma-s-1p2,success
MAT_053,Ru0.60Cr0.40Ox,N2O,data\substituted_adsorbates\MAT_053_N2O_site0_adsorbed.cif,-710.7074512015265,uma-s-1p2,success
MAT_053,Ru0.60Cr0.40Ox,N2O,data\substituted_adsorbates\MAT_053_N2O_site1_adsorbed.cif,-711.1576000863146,uma-s-1p2,success
MAT_053,Ru0.60Cr0.40Ox,N2O,data\substituted_adsorbates\MAT_053_N2O_site2_adsorbed.cif,-710.9347757879362,uma-s-1p2,success
MAT_054,Ru0.40Cr0.60Ox,O,data\substituted_adsorbates\MAT_054_O_site0_adsorbed.cif,-692.606471255059,uma-s-1p2,success
MAT_054,Ru0.40Cr0.60Ox,O,data\substituted_adsorbates\MAT_054_O_site1_adsorbed.cif,-692.6491347194008,uma-s-1p2,success
MAT_054,Ru0.40Cr0.60Ox,O,data\substituted_adsorbates\MAT_054_O_site2_adsorbed.cif,-693.8740170027727,uma-s-1p2,success
MAT_054,Ru0.40Cr0.60Ox,O2,data\substituted_adsorbates\MAT_054_O2_site0_adsorbed.cif,-697.8894820508567,uma-s-1p2,success
MAT_054,Ru0.40Cr0.60Ox,O2,data\substituted_adsorbates\MAT_054_O2_site1_adsorbed.cif,-697.8758135114114,uma-s-1p2,success
MAT_054,Ru0.40Cr0.60Ox,O2,data\substituted_adsorbates\MAT_054_O2_site2_adsorbed.cif,-698.2709563147638,uma-s-1p2,success
MAT_054,Ru0.40Cr0.60Ox,N2O,data\substituted_adsorbates\MAT_054_N2O_site0_adsorbed.cif,-709.4346332808402,uma-s-1p2,success
MAT_054,Ru0.40Cr0.60Ox,N2O,data\substituted_adsorbates\MAT_054_N2O_site1_adsorbed.cif,-709.4592839595927,uma-s-1p2,success
MAT_054,Ru0.40Cr0.60Ox,N2O,data\substituted_adsorbates\MAT_054_N2O_site2_adsorbed.cif,-709.6040058674573,uma-s-1p2,success
MAT_055,Ru0.20Cr0.80Ox,O,data\substituted_adsorbates\MAT_055_O_site0_adsorbed.cif,-692.2733115493068,uma-s-1p2,success
MAT_055,Ru0.20Cr0.80Ox,O,data\substituted_adsorbates\MAT_055_O_site1_adsorbed.cif,-692.2871142835255,uma-s-1p2,success
MAT_055,Ru0.20Cr0.80Ox,O,data\substituted_adsorbates\MAT_055_O_site2_adsorbed.cif,-693.0234454023838,uma-s-1p2,success
MAT_055,Ru0.20Cr0.80Ox,O2,data\substituted_adsorbates\MAT_055_O2_site0_adsorbed.cif,-697.6549716039659,uma-s-1p2,success
MAT_055,Ru0.20Cr0.80Ox,O2,data\substituted_adsorbates\MAT_055_O2_site1_adsorbed.cif,-697.6324426999363,uma-s-1p2,success
MAT_055,Ru0.20Cr0.80Ox,O2,data\substituted_adsorbates\MAT_055_O2_site2_adsorbed.cif,-697.9800635782285,uma-s-1p2,success
MAT_055,Ru0.20Cr0.80Ox,N2O,data\substituted_adsorbates\MAT_055_N2O_site0_adsorbed.cif,-709.1829645954782,uma-s-1p2,success
MAT_055,Ru0.20Cr0.80Ox,N2O,data\substituted_adsorbates\MAT_055_N2O_site1_adsorbed.cif,-709.2074630068445,uma-s-1p2,success
MAT_055,Ru0.20Cr0.80Ox,N2O,data\substituted_adsorbates\MAT_055_N2O_site2_adsorbed.cif,-709.1850565216439,uma-s-1p2,success
MAT_057,Ru0.80Mn0.20Ox,O,data\substituted_adsorbates\MAT_057_O_site0_adsorbed.cif,-687.7189411701378,uma-s-1p2,success
MAT_057,Ru0.80Mn0.20Ox,O,data\substituted_adsorbates\MAT_057_O_site1_adsorbed.cif,-689.3109116977474,uma-s-1p2,success
MAT_057,Ru0.80Mn0.20Ox,O,data\substituted_adsorbates\MAT_057_O_site2_adsorbed.cif,-688.910937040162,uma-s-1p2,success
MAT_057,Ru0.80Mn0.20Ox,O2,data\substituted_adsorbates\MAT_057_O2_site0_adsorbed.cif,-692.4641984908332,uma-s-1p2,success
MAT_057,Ru0.80Mn0.20Ox,O2,data\substituted_adsorbates\MAT_057_O2_site1_adsorbed.cif,-693.4302236206105,uma-s-1p2,success
MAT_057,Ru0.80Mn0.20Ox,O2,data\substituted_adsorbates\MAT_057_O2_site2_adsorbed.cif,-693.4578457418482,uma-s-1p2,success
MAT_057,Ru0.80Mn0.20Ox,N2O,data\substituted_adsorbates\MAT_057_N2O_site0_adsorbed.cif,-704.2412300454332,uma-s-1p2,success
MAT_057,Ru0.80Mn0.20Ox,N2O,data\substituted_adsorbates\MAT_057_N2O_site1_adsorbed.cif,-705.1326293354597,uma-s-1p2,success
MAT_057,Ru0.80Mn0.20Ox,N2O,data\substituted_adsorbates\MAT_057_N2O_site2_adsorbed.cif,-704.9512399062153,uma-s-1p2,success
MAT_058,Ru0.60Mn0.40Ox,O,data\substituted_adsorbates\MAT_058_O_site0_adsorbed.cif,-682.2367477866054,uma-s-1p2,success
MAT_058,Ru0.60Mn0.40Ox,O,data\substituted_adsorbates\MAT_058_O_site1_adsorbed.cif,-683.8249046579825,uma-s-1p2,success
MAT_058,Ru0.60Mn0.40Ox,O,data\substituted_adsorbates\MAT_058_O_site2_adsorbed.cif,-683.4789860523275,uma-s-1p2,success
MAT_058,Ru0.60Mn0.40Ox,O2,data\substituted_adsorbates\MAT_058_O2_site0_adsorbed.cif,-686.7850301543364,uma-s-1p2,success
MAT_058,Ru0.60Mn0.40Ox,O2,data\substituted_adsorbates\MAT_058_O2_site1_adsorbed.cif,-687.7789572008917,uma-s-1p2,success
MAT_058,Ru0.60Mn0.40Ox,O2,data\substituted_adsorbates\MAT_058_O2_site2_adsorbed.cif,-687.8365810840271,uma-s-1p2,success
MAT_058,Ru0.60Mn0.40Ox,N2O,data\substituted_adsorbates\MAT_058_N2O_site0_adsorbed.cif,-698.4657946229003,uma-s-1p2,success
MAT_058,Ru0.60Mn0.40Ox,N2O,data\substituted_adsorbates\MAT_058_N2O_site1_adsorbed.cif,-699.3852283172038,uma-s-1p2,success
MAT_058,Ru0.60Mn0.40Ox,N2O,data\substituted_adsorbates\MAT_058_N2O_site2_adsorbed.cif,-699.1623641915866,uma-s-1p2,success
MAT_059,Ru0.40Mn0.60Ox,O,data\substituted_adsorbates\MAT_059_O_site0_adsorbed.cif,-674.1335798149687,uma-s-1p2,success
MAT_059,Ru0.40Mn0.60Ox,O,data\substituted_adsorbates\MAT_059_O_site1_adsorbed.cif,-674.0335563826295,uma-s-1p2,success
MAT_059,Ru0.40Mn0.60Ox,O,data\substituted_adsorbates\MAT_059_O_site2_adsorbed.cif,-675.5414672541547,uma-s-1p2,success
MAT_059,Ru0.40Mn0.60Ox,O2,data\substituted_adsorbates\MAT_059_O2_site0_adsorbed.cif,-678.8635116700915,uma-s-1p2,success
MAT_059,Ru0.40Mn0.60Ox,O2,data\substituted_adsorbates\MAT_059_O2_site1_adsorbed.cif,-678.839722617522,uma-s-1p2,success
MAT_059,Ru0.40Mn0.60Ox,O2,data\substituted_adsorbates\MAT_059_O2_site2_adsorbed.cif,-679.7738105585632,uma-s-1p2,success
MAT_059,Ru0.40Mn0.60Ox,N2O,data\substituted_adsorbates\MAT_059_N2O_site0_adsorbed.cif,-690.3814599859618,uma-s-1p2,success
MAT_059,Ru0.40Mn0.60Ox,N2O,data\substituted_adsorbates\MAT_059_N2O_site1_adsorbed.cif,-690.3584186771186,uma-s-1p2,success
MAT_059,Ru0.40Mn0.60Ox,N2O,data\substituted_adsorbates\MAT_059_N2O_site2_adsorbed.cif,-691.0223888795396,uma-s-1p2,success
MAT_060,Ru0.20Mn0.80Ox,O,data\substituted_adsorbates\MAT_060_O_site0_adsorbed.cif,-670.997855968005,uma-s-1p2,success
MAT_060,Ru0.20Mn0.80Ox,O,data\substituted_adsorbates\MAT_060_O_site1_adsorbed.cif,-670.8816541877553,uma-s-1p2,success
MAT_060,Ru0.20Mn0.80Ox,O,data\substituted_adsorbates\MAT_060_O_site2_adsorbed.cif,-671.0879728289592,uma-s-1p2,success
MAT_060,Ru0.20Mn0.80Ox,O2,data\substituted_adsorbates\MAT_060_O2_site0_adsorbed.cif,-675.8756573752024,uma-s-1p2,success
MAT_060,Ru0.20Mn0.80Ox,O2,data\substituted_adsorbates\MAT_060_O2_site1_adsorbed.cif,-675.8325835750643,uma-s-1p2,success
MAT_060,Ru0.20Mn0.80Ox,O2,data\substituted_adsorbates\MAT_060_O2_site2_adsorbed.cif,-676.3115630839521,uma-s-1p2,success
MAT_060,Ru0.20Mn0.80Ox,N2O,data\substituted_adsorbates\MAT_060_N2O_site0_adsorbed.cif,-687.3900697856504,uma-s-1p2,success
MAT_060,Ru0.20Mn0.80Ox,N2O,data\substituted_adsorbates\MAT_060_N2O_site1_adsorbed.cif,-687.34795167427,uma-s-1p2,success
MAT_060,Ru0.20Mn0.80Ox,N2O,data\substituted_adsorbates\MAT_060_N2O_site2_adsorbed.cif,-687.6556214874244,uma-s-1p2,success
MAT_062,Ru0.80Fe0.20Ox,O,data\substituted_adsorbates\MAT_062_O_site0_adsorbed.cif,-668.8410310039958,uma-s-1p2,success
MAT_062,Ru0.80Fe0.20Ox,O,data\substituted_adsorbates\MAT_062_O_site1_adsorbed.cif,-670.4910879236455,uma-s-1p2,success
MAT_062,Ru0.80Fe0.20Ox,O,data\substituted_adsorbates\MAT_062_O_site2_adsorbed.cif,-670.1853007917971,uma-s-1p2,success
MAT_062,Ru0.80Fe0.20Ox,O2,data\substituted_adsorbates\MAT_062_O2_site0_adsorbed.cif,-674.0179510864158,uma-s-1p2,success
MAT_062,Ru0.80Fe0.20Ox,O2,data\substituted_adsorbates\MAT_062_O2_site1_adsorbed.cif,-674.6887744635621,uma-s-1p2,success
MAT_062,Ru0.80Fe0.20Ox,O2,data\substituted_adsorbates\MAT_062_O2_site2_adsorbed.cif,-674.7279208999879,uma-s-1p2,success
MAT_062,Ru0.80Fe0.20Ox,N2O,data\substituted_adsorbates\MAT_062_N2O_site0_adsorbed.cif,-685.7622357292407,uma-s-1p2,success
MAT_062,Ru0.80Fe0.20Ox,N2O,data\substituted_adsorbates\MAT_062_N2O_site1_adsorbed.cif,-686.4258279940856,uma-s-1p2,success
MAT_062,Ru0.80Fe0.20Ox,N2O,data\substituted_adsorbates\MAT_062_N2O_site2_adsorbed.cif,-686.2558339995537,uma-s-1p2,success
MAT_063,Ru0.60Fe0.40Ox,O,data\substituted_adsorbates\MAT_063_O_site0_adsorbed.cif,-653.7518408862146,uma-s-1p2,success
MAT_063,Ru0.60Fe0.40Ox,O,data\substituted_adsorbates\MAT_063_O_site1_adsorbed.cif,-655.5260963572753,uma-s-1p2,success
MAT_063,Ru0.60Fe0.40Ox,O,data\substituted_adsorbates\MAT_063_O_site2_adsorbed.cif,-655.2196024537883,uma-s-1p2,success
MAT_063,Ru0.60Fe0.40Ox,O2,data\substituted_adsorbates\MAT_063_O2_site0_adsorbed.cif,-658.9206445982719,uma-s-1p2,success
MAT_063,Ru0.60Fe0.40Ox,O2,data\substituted_adsorbates\MAT_063_O2_site1_adsorbed.cif,-659.6371156605572,uma-s-1p2,success
MAT_063,Ru0.60Fe0.40Ox,O2,data\substituted_adsorbates\MAT_063_O2_site2_adsorbed.cif,-659.6475077578064,uma-s-1p2,success
MAT_063,Ru0.60Fe0.40Ox,N2O,data\substituted_adsorbates\MAT_063_N2O_site0_adsorbed.cif,-670.6492308772824,uma-s-1p2,success
MAT_063,Ru0.60Fe0.40Ox,N2O,data\substituted_adsorbates\MAT_063_N2O_site1_adsorbed.cif,-671.3309181768518,uma-s-1p2,success
MAT_063,Ru0.60Fe0.40Ox,N2O,data\substituted_adsorbates\MAT_063_N2O_site2_adsorbed.cif,-671.0564444661366,uma-s-1p2,success
MAT_064,Ru0.40Fe0.60Ox,O,data\substituted_adsorbates\MAT_064_O_site0_adsorbed.cif,-623.6978586382186,uma-s-1p2,success
MAT_064,Ru0.40Fe0.60Ox,O,data\substituted_adsorbates\MAT_064_O_site1_adsorbed.cif,-623.7662874990633,uma-s-1p2,success
MAT_064,Ru0.40Fe0.60Ox,O,data\substituted_adsorbates\MAT_064_O_site2_adsorbed.cif,-625.6612542271913,uma-s-1p2,success
MAT_064,Ru0.40Fe0.60Ox,O2,data\substituted_adsorbates\MAT_064_O2_site0_adsorbed.cif,-629.3054488634838,uma-s-1p2,success
MAT_064,Ru0.40Fe0.60Ox,O2,data\substituted_adsorbates\MAT_064_O2_site1_adsorbed.cif,-629.3490266770439,uma-s-1p2,success
MAT_064,Ru0.40Fe0.60Ox,O2,data\substituted_adsorbates\MAT_064_O2_site2_adsorbed.cif,-630.0305229143518,uma-s-1p2,success
MAT_064,Ru0.40Fe0.60Ox,N2O,data\substituted_adsorbates\MAT_064_N2O_site0_adsorbed.cif,-640.9808196820254,uma-s-1p2,success
MAT_064,Ru0.40Fe0.60Ox,N2O,data\substituted_adsorbates\MAT_064_N2O_site1_adsorbed.cif,-640.9942451035856,uma-s-1p2,success
MAT_064,Ru0.40Fe0.60Ox,N2O,data\substituted_adsorbates\MAT_064_N2O_site2_adsorbed.cif,-641.3399122174617,uma-s-1p2,success
MAT_065,Ru0.20Fe0.80Ox,O,data\substituted_adsorbates\MAT_065_O_site0_adsorbed.cif,-609.3386388170327,uma-s-1p2,success
MAT_065,Ru0.20Fe0.80Ox,O,data\substituted_adsorbates\MAT_065_O_site1_adsorbed.cif,-609.3481921700763,uma-s-1p2,success
MAT_065,Ru0.20Fe0.80Ox,O,data\substituted_adsorbates\MAT_065_O_site2_adsorbed.cif,-610.1538553254737,uma-s-1p2,success
MAT_065,Ru0.20Fe0.80Ox,O2,data\substituted_adsorbates\MAT_065_O2_site0_adsorbed.cif,-615.0371563261988,uma-s-1p2,success
MAT_065,Ru0.20Fe0.80Ox,O2,data\substituted_adsorbates\MAT_065_O2_site1_adsorbed.cif,-615.0629542484053,uma-s-1p2,success
MAT_065,Ru0.20Fe0.80Ox,O2,data\substituted_adsorbates\MAT_065_O2_site2_adsorbed.cif,-615.484307214509,uma-s-1p2,success
MAT_065,Ru0.20Fe0.80Ox,N2O,data\substituted_adsorbates\MAT_065_N2O_site0_adsorbed.cif,-626.6893159608369,uma-s-1p2,success
MAT_065,Ru0.20Fe0.80Ox,N2O,data\substituted_adsorbates\MAT_065_N2O_site1_adsorbed.cif,-626.6923370317666,uma-s-1p2,success
MAT_065,Ru0.20Fe0.80Ox,N2O,data\substituted_adsorbates\MAT_065_N2O_site2_adsorbed.cif,-626.9213424861409,uma-s-1p2,success
MAT_067,Ru0.80Co0.20Ox,O,data\substituted_adsorbates\MAT_067_O_site0_adsorbed.cif,-657.0339218524282,uma-s-1p2,success
MAT_067,Ru0.80Co0.20Ox,O,data\substituted_adsorbates\MAT_067_O_site1_adsorbed.cif,-659.0242858389928,uma-s-1p2,success
MAT_067,Ru0.80Co0.20Ox,O,data\substituted_adsorbates\MAT_067_O_site2_adsorbed.cif,-658.5296511830819,uma-s-1p2,success
MAT_067,Ru0.80Co0.20Ox,O2,data\substituted_adsorbates\MAT_067_O2_site0_adsorbed.cif,-662.3550990341121,uma-s-1p2,success
MAT_067,Ru0.80Co0.20Ox,O2,data\substituted_adsorbates\MAT_067_O2_site1_adsorbed.cif,-663.1835184935006,uma-s-1p2,success
MAT_067,Ru0.80Co0.20Ox,O2,data\substituted_adsorbates\MAT_067_O2_site2_adsorbed.cif,-663.1363231353024,uma-s-1p2,success
MAT_067,Ru0.80Co0.20Ox,N2O,data\substituted_adsorbates\MAT_067_N2O_site0_adsorbed.cif,-674.3612207893921,uma-s-1p2,success
MAT_067,Ru0.80Co0.20Ox,N2O,data\substituted_adsorbates\MAT_067_N2O_site1_adsorbed.cif,-675.00696232974,uma-s-1p2,success
MAT_067,Ru0.80Co0.20Ox,N2O,data\substituted_adsorbates\MAT_067_N2O_site2_adsorbed.cif,-674.8116704119539,uma-s-1p2,success
MAT_068,Ru0.60Co0.40Ox,O,data\substituted_adsorbates\MAT_068_O_site0_adsorbed.cif,-636.0890206526955,uma-s-1p2,success
MAT_068,Ru0.60Co0.40Ox,O,data\substituted_adsorbates\MAT_068_O_site1_adsorbed.cif,-638.1998827169875,uma-s-1p2,success
MAT_068,Ru0.60Co0.40Ox,O,data\substituted_adsorbates\MAT_068_O_site2_adsorbed.cif,-637.6119285831743,uma-s-1p2,success
MAT_068,Ru0.60Co0.40Ox,O2,data\substituted_adsorbates\MAT_068_O2_site0_adsorbed.cif,-641.3184875814054,uma-s-1p2,success
MAT_068,Ru0.60Co0.40Ox,O2,data\substituted_adsorbates\MAT_068_O2_site1_adsorbed.cif,-642.1847813277652,uma-s-1p2,success
MAT_068,Ru0.60Co0.40Ox,O2,data\substituted_adsorbates\MAT_068_O2_site2_adsorbed.cif,-642.0648607362543,uma-s-1p2,success
MAT_068,Ru0.60Co0.40Ox,N2O,data\substituted_adsorbates\MAT_068_N2O_site0_adsorbed.cif,-653.3490845561151,uma-s-1p2,success
MAT_068,Ru0.60Co0.40Ox,N2O,data\substituted_adsorbates\MAT_068_N2O_site1_adsorbed.cif,-654.0112620628435,uma-s-1p2,success
MAT_068,Ru0.60Co0.40Ox,N2O,data\substituted_adsorbates\MAT_068_N2O_site2_adsorbed.cif,-653.7101236269225,uma-s-1p2,success
MAT_069,Ru0.40Co0.60Ox,O,data\substituted_adsorbates\MAT_069_O_site0_adsorbed.cif,-593.9093123985342,uma-s-1p2,success
MAT_069,Ru0.40Co0.60Ox,O,data\substituted_adsorbates\MAT_069_O_site1_adsorbed.cif,-593.7630849195489,uma-s-1p2,success
MAT_069,Ru0.40Co0.60Ox,O,data\substituted_adsorbates\MAT_069_O_site2_adsorbed.cif,-595.2506903333367,uma-s-1p2,success
MAT_069,Ru0.40Co0.60Ox,O2,data\substituted_adsorbates\MAT_069_O2_site0_adsorbed.cif,-599.1218648665708,uma-s-1p2,success
MAT_069,Ru0.40Co0.60Ox,O2,data\substituted_adsorbates\MAT_069_O2_site1_adsorbed.cif,-599.0795258243744,uma-s-1p2,success
MAT_069,Ru0.40Co0.60Ox,O2,data\substituted_adsorbates\MAT_069_O2_site2_adsorbed.cif,-599.6563736852781,uma-s-1p2,success
MAT_069,Ru0.40Co0.60Ox,N2O,data\substituted_adsorbates\MAT_069_N2O_site0_adsorbed.cif,-611.082579062492,uma-s-1p2,success
MAT_069,Ru0.40Co0.60Ox,N2O,data\substituted_adsorbates\MAT_069_N2O_site1_adsorbed.cif,-611.0550124989153,uma-s-1p2,success
MAT_069,Ru0.40Co0.60Ox,N2O,data\substituted_adsorbates\MAT_069_N2O_site2_adsorbed.cif,-611.3514764323177,uma-s-1p2,success
MAT_070,Ru0.20Co0.80Ox,O,data\substituted_adsorbates\MAT_070_O_site0_adsorbed.cif,-572.5981830659468,uma-s-1p2,success
MAT_070,Ru0.20Co0.80Ox,O,data\substituted_adsorbates\MAT_070_O_site1_adsorbed.cif,-572.3745097472204,uma-s-1p2,success
MAT_070,Ru0.20Co0.80Ox,O,data\substituted_adsorbates\MAT_070_O_site2_adsorbed.cif,-572.7616713448555,uma-s-1p2,success
MAT_070,Ru0.20Co0.80Ox,O2,data\substituted_adsorbates\MAT_070_O2_site0_adsorbed.cif,-578.1514641702109,uma-s-1p2,success
MAT_070,Ru0.20Co0.80Ox,O2,data\substituted_adsorbates\MAT_070_O2_site1_adsorbed.cif,-578.097077134502,uma-s-1p2,success
MAT_070,Ru0.20Co0.80Ox,O2,data\substituted_adsorbates\MAT_070_O2_site2_adsorbed.cif,-578.3028296254919,uma-s-1p2,success
MAT_070,Ru0.20Co0.80Ox,N2O,data\substituted_adsorbates\MAT_070_N2O_site0_adsorbed.cif,-590.1071323976826,uma-s-1p2,success
MAT_070,Ru0.20Co0.80Ox,N2O,data\substituted_adsorbates\MAT_070_N2O_site1_adsorbed.cif,-590.0720372036052,uma-s-1p2,success
MAT_070,Ru0.20Co0.80Ox,N2O,data\substituted_adsorbates\MAT_070_N2O_site2_adsorbed.cif,-590.2254172427685,uma-s-1p2,success
MAT_072,Ru0.80Ni0.20Ox,O,data\substituted_adsorbates\MAT_072_O_site0_adsorbed.cif,-631.3209217330583,uma-s-1p2,success
MAT_072,Ru0.80Ni0.20Ox,O,data\substituted_adsorbates\MAT_072_O_site1_adsorbed.cif,-633.7918738860141,uma-s-1p2,success
MAT_072,Ru0.80Ni0.20Ox,O,data\substituted_adsorbates\MAT_072_O_site2_adsorbed.cif,-633.295257546875,uma-s-1p2,success
MAT_072,Ru0.80Ni0.20Ox,O2,data\substituted_adsorbates\MAT_072_O2_site0_adsorbed.cif,-637.1254465791156,uma-s-1p2,success
MAT_072,Ru0.80Ni0.20Ox,O2,data\substituted_adsorbates\MAT_072_O2_site1_adsorbed.cif,-637.9884306876643,uma-s-1p2,success
MAT_072,Ru0.80Ni0.20Ox,O2,data\substituted_adsorbates\MAT_072_O2_site2_adsorbed.cif,-637.910024999715,uma-s-1p2,success
MAT_072,Ru0.80Ni0.20Ox,N2O,data\substituted_adsorbates\MAT_072_N2O_site0_adsorbed.cif,-649.113190209566,uma-s-1p2,success
MAT_072,Ru0.80Ni0.20Ox,N2O,data\substituted_adsorbates\MAT_072_N2O_site1_adsorbed.cif,-649.7722778269552,uma-s-1p2,success
MAT_072,Ru0.80Ni0.20Ox,N2O,data\substituted_adsorbates\MAT_072_N2O_site2_adsorbed.cif,-649.5659219706673,uma-s-1p2,success
MAT_073,Ru0.60Ni0.40Ox,O,data\substituted_adsorbates\MAT_073_O_site0_adsorbed.cif,-597.2480644443028,uma-s-1p2,success
MAT_073,Ru0.60Ni0.40Ox,O,data\substituted_adsorbates\MAT_073_O_site1_adsorbed.cif,-599.8279507625286,uma-s-1p2,success
MAT_073,Ru0.60Ni0.40Ox,O,data\substituted_adsorbates\MAT_073_O_site2_adsorbed.cif,-599.2596782788548,uma-s-1p2,success
MAT_073,Ru0.60Ni0.40Ox,O2,data\substituted_adsorbates\MAT_073_O2_site0_adsorbed.cif,-602.9861774830714,uma-s-1p2,success
MAT_073,Ru0.60Ni0.40Ox,O2,data\substituted_adsorbates\MAT_073_O2_site1_adsorbed.cif,-603.9048054663059,uma-s-1p2,success
MAT_073,Ru0.60Ni0.40Ox,O2,data\substituted_adsorbates\MAT_073_O2_site2_adsorbed.cif,-603.7373656143828,uma-s-1p2,success
MAT_073,Ru0.60Ni0.40Ox,N2O,data\substituted_adsorbates\MAT_073_N2O_site0_adsorbed.cif,-614.9789019805709,uma-s-1p2,success
MAT_073,Ru0.60Ni0.40Ox,N2O,data\substituted_adsorbates\MAT_073_N2O_site1_adsorbed.cif,-615.6590077115586,uma-s-1p2,success
MAT_073,Ru0.60Ni0.40Ox,N2O,data\substituted_adsorbates\MAT_073_N2O_site2_adsorbed.cif,-615.2816394402678,uma-s-1p2,success
MAT_074,Ru0.40Ni0.60Ox,O,data\substituted_adsorbates\MAT_074_O_site0_adsorbed.cif,-526.3058378138844,uma-s-1p2,success
MAT_074,Ru0.40Ni0.60Ox,O,data\substituted_adsorbates\MAT_074_O_site1_adsorbed.cif,-526.3332278357816,uma-s-1p2,success
MAT_074,Ru0.40Ni0.60Ox,O,data\substituted_adsorbates\MAT_074_O_site2_adsorbed.cif,-528.2213747997707,uma-s-1p2,success
MAT_074,Ru0.40Ni0.60Ox,O2,data\substituted_adsorbates\MAT_074_O2_site0_adsorbed.cif,-532.1480857818813,uma-s-1p2,success
MAT_074,Ru0.40Ni0.60Ox,O2,data\substituted_adsorbates\MAT_074_O2_site1_adsorbed.cif,-532.1305948023637,uma-s-1p2,success
MAT_074,Ru0.40Ni0.60Ox,O2,data\substituted_adsorbates\MAT_074_O2_site2_adsorbed.cif,-532.6517640081759,uma-s-1p2,success
MAT_074,Ru0.40Ni0.60Ox,N2O,data\substituted_adsorbates\MAT_074_N2O_site0_adsorbed.cif,-544.0268237915006,uma-s-1p2,success
MAT_074,Ru0.40Ni0.60Ox,N2O,data\substituted_adsorbates\MAT_074_N2O_site1_adsorbed.cif,-544.0155218444387,uma-s-1p2,success
MAT_074,Ru0.40Ni0.60Ox,N2O,data\substituted_adsorbates\MAT_074_N2O_site2_adsorbed.cif,-544.212448811242,uma-s-1p2,success
MAT_075,Ru0.20Ni0.80Ox,O,data\substituted_adsorbates\MAT_075_O_site0_adsorbed.cif,-489.83861737509875,uma-s-1p2,success
MAT_075,Ru0.20Ni0.80Ox,O,data\substituted_adsorbates\MAT_075_O_site1_adsorbed.cif,-489.80391877363326,uma-s-1p2,success
MAT_075,Ru0.20Ni0.80Ox,O,data\substituted_adsorbates\MAT_075_O_site2_adsorbed.cif,-489.95848061168596,uma-s-1p2,success
MAT_075,Ru0.20Ni0.80Ox,O2,data\substituted_adsorbates\MAT_075_O2_site0_adsorbed.cif,-495.85964748175184,uma-s-1p2,success
MAT_075,Ru0.20Ni0.80Ox,O2,data\substituted_adsorbates\MAT_075_O2_site1_adsorbed.cif,-495.84290234371184,uma-s-1p2,success
MAT_075,Ru0.20Ni0.80Ox,O2,data\substituted_adsorbates\MAT_075_O2_site2_adsorbed.cif,-495.9417002079432,uma-s-1p2,success
MAT_075,Ru0.20Ni0.80Ox,N2O,data\substituted_adsorbates\MAT_075_N2O_site0_adsorbed.cif,-507.65983521752094,uma-s-1p2,success
MAT_075,Ru0.20Ni0.80Ox,N2O,data\substituted_adsorbates\MAT_075_N2O_site1_adsorbed.cif,-507.65191093428433,uma-s-1p2,success
MAT_075,Ru0.20Ni0.80Ox,N2O,data\substituted_adsorbates\MAT_075_N2O_site2_adsorbed.cif,-507.733370973767,uma-s-1p2,success
MAT_077,Ru0.80Cu0.20Ox,O,data\substituted_adsorbates\MAT_077_O_site0_adsorbed.cif,-636.3830308724016,uma-s-1p2,success
MAT_077,Ru0.80Cu0.20Ox,O,data\substituted_adsorbates\MAT_077_O_site1_adsorbed.cif,-638.6338223951202,uma-s-1p2,success
MAT_077,Ru0.80Cu0.20Ox,O,data\substituted_adsorbates\MAT_077_O_site2_adsorbed.cif,-637.9434906699419,uma-s-1p2,success
MAT_077,Ru0.80Cu0.20Ox,O2,data\substituted_adsorbates\MAT_077_O2_site0_adsorbed.cif,-641.5022237353365,uma-s-1p2,success
MAT_077,Ru0.80Cu0.20Ox,O2,data\substituted_adsorbates\MAT_077_O2_site1_adsorbed.cif,-642.5883380243577,uma-s-1p2,success
MAT_077,Ru0.80Cu0.20Ox,O2,data\substituted_adsorbates\MAT_077_O2_site2_adsorbed.cif,-642.496236960508,uma-s-1p2,success
MAT_077,Ru0.80Cu0.20Ox,N2O,data\substituted_adsorbates\MAT_077_N2O_site0_adsorbed.cif,-653.4357860828989,uma-s-1p2,success
MAT_077,Ru0.80Cu0.20Ox,N2O,data\substituted_adsorbates\MAT_077_N2O_site1_adsorbed.cif,-654.2878414150913,uma-s-1p2,success
MAT_077,Ru0.80Cu0.20Ox,N2O,data\substituted_adsorbates\MAT_077_N2O_site2_adsorbed.cif,-654.0496856794293,uma-s-1p2,success
MAT_078,Ru0.60Cu0.40Ox,O,data\substituted_adsorbates\MAT_078_O_site0_adsorbed.cif,-604.6775483609572,uma-s-1p2,success
MAT_078,Ru0.60Cu0.40Ox,O,data\substituted_adsorbates\MAT_078_O_site1_adsorbed.cif,-606.9987595490439,uma-s-1p2,success
MAT_078,Ru0.60Cu0.40Ox,O,data\substituted_adsorbates\MAT_078_O_site2_adsorbed.cif,-606.3604645100455,uma-s-1p2,success
MAT_078,Ru0.60Cu0.40Ox,O2,data\substituted_adsorbates\MAT_078_O2_site0_adsorbed.cif,-609.4491181708871,uma-s-1p2,success
MAT_078,Ru0.60Cu0.40Ox,O2,data\substituted_adsorbates\MAT_078_O2_site1_adsorbed.cif,-610.7782935575933,uma-s-1p2,success
MAT_078,Ru0.60Cu0.40Ox,O2,data\substituted_adsorbates\MAT_078_O2_site2_adsorbed.cif,-610.5673233233447,uma-s-1p2,success
MAT_078,Ru0.60Cu0.40Ox,N2O,data\substituted_adsorbates\MAT_078_N2O_site0_adsorbed.cif,-621.3481064855291,uma-s-1p2,success
MAT_078,Ru0.60Cu0.40Ox,N2O,data\substituted_adsorbates\MAT_078_N2O_site1_adsorbed.cif,-622.2148333546753,uma-s-1p2,success
MAT_078,Ru0.60Cu0.40Ox,N2O,data\substituted_adsorbates\MAT_078_N2O_site2_adsorbed.cif,-621.8317960472394,uma-s-1p2,success
MAT_079,Ru0.40Cu0.60Ox,O,data\substituted_adsorbates\MAT_079_O_site0_adsorbed.cif,-540.1974259741113,uma-s-1p2,success
MAT_079,Ru0.40Cu0.60Ox,O,data\substituted_adsorbates\MAT_079_O_site1_adsorbed.cif,-540.2677368163545,uma-s-1p2,success
MAT_079,Ru0.40Cu0.60Ox,O,data\substituted_adsorbates\MAT_079_O_site2_adsorbed.cif,-541.9066680506589,uma-s-1p2,success
MAT_079,Ru0.40Cu0.60Ox,O2,data\substituted_adsorbates\MAT_079_O2_site0_adsorbed.cif,-545.1683413813539,uma-s-1p2,success
MAT_079,Ru0.40Cu0.60Ox,O2,data\substituted_adsorbates\MAT_079_O2_site1_adsorbed.cif,-545.1534107236289,uma-s-1p2,success
MAT_079,Ru0.40Cu0.60Ox,O2,data\substituted_adsorbates\MAT_079_O2_site2_adsorbed.cif,-545.9772848734331,uma-s-1p2,success
MAT_079,Ru0.40Cu0.60Ox,N2O,data\substituted_adsorbates\MAT_079_N2O_site0_adsorbed.cif,-556.9254295403898,uma-s-1p2,success
MAT_079,Ru0.40Cu0.60Ox,N2O,data\substituted_adsorbates\MAT_079_N2O_site1_adsorbed.cif,-556.869407870609,uma-s-1p2,success
MAT_079,Ru0.40Cu0.60Ox,N2O,data\substituted_adsorbates\MAT_079_N2O_site2_adsorbed.cif,-557.3068341984915,uma-s-1p2,success
MAT_080,Ru0.20Cu0.80Ox,O,data\substituted_adsorbates\MAT_080_O_site0_adsorbed.cif,-507.05954638859725,uma-s-1p2,success
MAT_080,Ru0.20Cu0.80Ox,O,data\substituted_adsorbates\MAT_080_O_site1_adsorbed.cif,-507.1339847956071,uma-s-1p2,success
MAT_080,Ru0.20Cu0.80Ox,O,data\substituted_adsorbates\MAT_080_O_site2_adsorbed.cif,-506.7133849700167,uma-s-1p2,success
MAT_080,Ru0.20Cu0.80Ox,O2,data\substituted_adsorbates\MAT_080_O2_site0_adsorbed.cif,-512.4695885091088,uma-s-1p2,success
MAT_080,Ru0.20Cu0.80Ox,O2,data\substituted_adsorbates\MAT_080_O2_site1_adsorbed.cif,-512.435457317691,uma-s-1p2,success
MAT_080,Ru0.20Cu0.80Ox,O2,data\substituted_adsorbates\MAT_080_O2_site2_adsorbed.cif,-512.6668174260258,uma-s-1p2,success
MAT_080,Ru0.20Cu0.80Ox,N2O,data\substituted_adsorbates\MAT_080_N2O_site0_adsorbed.cif,-524.2722487282737,uma-s-1p2,success
MAT_080,Ru0.20Cu0.80Ox,N2O,data\substituted_adsorbates\MAT_080_N2O_site1_adsorbed.cif,-524.2395898623679,uma-s-1p2,success
MAT_080,Ru0.20Cu0.80Ox,N2O,data\substituted_adsorbates\MAT_080_N2O_site2_adsorbed.cif,-524.5104701902535,uma-s-1p2,success
MAT_082,Ru0.80Zn0.20Ox,O,data\substituted_adsorbates\MAT_082_O_site0_adsorbed.cif,-622.4563796413162,uma-s-1p2,success
MAT_082,Ru0.80Zn0.20Ox,O,data\substituted_adsorbates\MAT_082_O_site1_adsorbed.cif,-625.2852458078858,uma-s-1p2,success
MAT_082,Ru0.80Zn0.20Ox,O,data\substituted_adsorbates\MAT_082_O_site2_adsorbed.cif,-624.6415903044814,uma-s-1p2,success
MAT_082,Ru0.80Zn0.20Ox,O2,data\substituted_adsorbates\MAT_082_O2_site0_adsorbed.cif,-628.1448088730998,uma-s-1p2,success
MAT_082,Ru0.80Zn0.20Ox,O2,data\substituted_adsorbates\MAT_082_O2_site1_adsorbed.cif,-629.2798937783152,uma-s-1p2,success
MAT_082,Ru0.80Zn0.20Ox,O2,data\substituted_adsorbates\MAT_082_O2_site2_adsorbed.cif,-629.209145018919,uma-s-1p2,success
MAT_082,Ru0.80Zn0.20Ox,N2O,data\substituted_adsorbates\MAT_082_N2O_site0_adsorbed.cif,-639.9509792535877,uma-s-1p2,success
MAT_082,Ru0.80Zn0.20Ox,N2O,data\substituted_adsorbates\MAT_082_N2O_site1_adsorbed.cif,-640.9400455972208,uma-s-1p2,success
MAT_082,Ru0.80Zn0.20Ox,N2O,data\substituted_adsorbates\MAT_082_N2O_site2_adsorbed.cif,-640.7097161077456,uma-s-1p2,success
MAT_083,Ru0.60Zn0.40Ox,O,data\substituted_adsorbates\MAT_083_O_site0_adsorbed.cif,-584.0457837518643,uma-s-1p2,success
MAT_083,Ru0.60Zn0.40Ox,O,data\substituted_adsorbates\MAT_083_O_site1_adsorbed.cif,-586.9168746882252,uma-s-1p2,success
MAT_083,Ru0.60Zn0.40Ox,O,data\substituted_adsorbates\MAT_083_O_site2_adsorbed.cif,-586.2786727269316,uma-s-1p2,success
MAT_083,Ru0.60Zn0.40Ox,O2,data\substituted_adsorbates\MAT_083_O2_site0_adsorbed.cif,-589.4192121588883,uma-s-1p2,success
MAT_083,Ru0.60Zn0.40Ox,O2,data\substituted_adsorbates\MAT_083_O2_site1_adsorbed.cif,-590.7080891688349,uma-s-1p2,success
MAT_083,Ru0.60Zn0.40Ox,O2,data\substituted_adsorbates\MAT_083_O2_site2_adsorbed.cif,-590.5010032514849,uma-s-1p2,success
MAT_083,Ru0.60Zn0.40Ox,N2O,data\substituted_adsorbates\MAT_083_N2O_site0_adsorbed.cif,-601.1820000150192,uma-s-1p2,success
MAT_083,Ru0.60Zn0.40Ox,N2O,data\substituted_adsorbates\MAT_083_N2O_site1_adsorbed.cif,-602.1672635959807,uma-s-1p2,success
MAT_083,Ru0.60Zn0.40Ox,N2O,data\substituted_adsorbates\MAT_083_N2O_site2_adsorbed.cif,-601.7541083194977,uma-s-1p2,success
MAT_084,Ru0.40Zn0.60Ox,O,data\substituted_adsorbates\MAT_084_O_site0_adsorbed.cif,-503.1010958413848,uma-s-1p2,success
MAT_084,Ru0.40Zn0.60Ox,O,data\substituted_adsorbates\MAT_084_O_site1_adsorbed.cif,-503.0025082243807,uma-s-1p2,success
MAT_084,Ru0.40Zn0.60Ox,O,data\substituted_adsorbates\MAT_084_O_site2_adsorbed.cif,-505.07760704284215,uma-s-1p2,success
MAT_084,Ru0.40Zn0.60Ox,O2,data\substituted_adsorbates\MAT_084_O2_site0_adsorbed.cif,-508.2174814201497,uma-s-1p2,success
MAT_084,Ru0.40Zn0.60Ox,O2,data\substituted_adsorbates\MAT_084_O2_site1_adsorbed.cif,-508.2409331747748,uma-s-1p2,success
MAT_084,Ru0.40Zn0.60Ox,O2,data\substituted_adsorbates\MAT_084_O2_site2_adsorbed.cif,-509.00674362704115,uma-s-1p2,success
MAT_084,Ru0.40Zn0.60Ox,N2O,data\substituted_adsorbates\MAT_084_N2O_site0_adsorbed.cif,-519.8662529173462,uma-s-1p2,success
MAT_084,Ru0.40Zn0.60Ox,N2O,data\substituted_adsorbates\MAT_084_N2O_site1_adsorbed.cif,-519.8478279112095,uma-s-1p2,success
MAT_084,Ru0.40Zn0.60Ox,N2O,data\substituted_adsorbates\MAT_084_N2O_site2_adsorbed.cif,-520.3334466680815,uma-s-1p2,success
MAT_085,Ru0.20Zn0.80Ox,O,data\substituted_adsorbates\MAT_085_O_site0_adsorbed.cif,-461.047975961027,uma-s-1p2,success
MAT_085,Ru0.20Zn0.80Ox,O,data\substituted_adsorbates\MAT_085_O_site1_adsorbed.cif,-461.000108966549,uma-s-1p2,success
MAT_085,Ru0.20Zn0.80Ox,O,data\substituted_adsorbates\MAT_085_O_site2_adsorbed.cif,-460.9501419319772,uma-s-1p2,success
MAT_085,Ru0.20Zn0.80Ox,O2,data\substituted_adsorbates\MAT_085_O2_site0_adsorbed.cif,-466.9165504464053,uma-s-1p2,success
MAT_085,Ru0.20Zn0.80Ox,O2,data\substituted_adsorbates\MAT_085_O2_site1_adsorbed.cif,-466.9106086212946,uma-s-1p2,success
MAT_085,Ru0.20Zn0.80Ox,O2,data\substituted_adsorbates\MAT_085_O2_site2_adsorbed.cif,-467.00464214987403,uma-s-1p2,success
MAT_085,Ru0.20Zn0.80Ox,N2O,data\substituted_adsorbates\MAT_085_N2O_site0_adsorbed.cif,-478.5213132969528,uma-s-1p2,success
MAT_085,Ru0.20Zn0.80Ox,N2O,data\substituted_adsorbates\MAT_085_N2O_site1_adsorbed.cif,-478.5220117046962,uma-s-1p2,success
MAT_085,Ru0.20Zn0.80Ox,N2O,data\substituted_adsorbates\MAT_085_N2O_site2_adsorbed.cif,-478.68275991055657,uma-s-1p2,success
MAT_087,Ru0.80Ga0.20Ox,O,data\substituted_adsorbates\MAT_087_O_site0_adsorbed.cif,-653.3453056438348,uma-s-1p2,success
MAT_087,Ru0.80Ga0.20Ox,O,data\substituted_adsorbates\MAT_087_O_site1_adsorbed.cif,-654.9498352724418,uma-s-1p2,success
MAT_087,Ru0.80Ga0.20Ox,O,data\substituted_adsorbates\MAT_087_O_site2_adsorbed.cif,-654.6169264282538,uma-s-1p2,success
MAT_087,Ru0.80Ga0.20Ox,O2,data\substituted_adsorbates\MAT_087_O2_site0_adsorbed.cif,-658.2001341031588,uma-s-1p2,success
MAT_087,Ru0.80Ga0.20Ox,O2,data\substituted_adsorbates\MAT_087_O2_site1_adsorbed.cif,-659.0343547137405,uma-s-1p2,success
MAT_087,Ru0.80Ga0.20Ox,O2,data\substituted_adsorbates\MAT_087_O2_site2_adsorbed.cif,-659.1150631225104,uma-s-1p2,success
MAT_087,Ru0.80Ga0.20Ox,N2O,data\substituted_adsorbates\MAT_087_N2O_site0_adsorbed.cif,-669.882449719323,uma-s-1p2,success
MAT_087,Ru0.80Ga0.20Ox,N2O,data\substituted_adsorbates\MAT_087_N2O_site1_adsorbed.cif,-670.6861202954315,uma-s-1p2,success
MAT_087,Ru0.80Ga0.20Ox,N2O,data\substituted_adsorbates\MAT_087_N2O_site2_adsorbed.cif,-670.5323197843107,uma-s-1p2,success
MAT_088,Ru0.60Ga0.40Ox,O,data\substituted_adsorbates\MAT_088_O_site0_adsorbed.cif,-630.3577630612699,uma-s-1p2,success
MAT_088,Ru0.60Ga0.40Ox,O,data\substituted_adsorbates\MAT_088_O_site1_adsorbed.cif,-631.9754681694533,uma-s-1p2,success
MAT_088,Ru0.60Ga0.40Ox,O,data\substituted_adsorbates\MAT_088_O_site2_adsorbed.cif,-631.6366940650407,uma-s-1p2,success
MAT_088,Ru0.60Ga0.40Ox,O2,data\substituted_adsorbates\MAT_088_O2_site0_adsorbed.cif,-635.0221271776062,uma-s-1p2,success
MAT_088,Ru0.60Ga0.40Ox,O2,data\substituted_adsorbates\MAT_088_O2_site1_adsorbed.cif,-635.8672129354491,uma-s-1p2,success
MAT_088,Ru0.60Ga0.40Ox,O2,data\substituted_adsorbates\MAT_088_O2_site2_adsorbed.cif,-635.964418025079,uma-s-1p2,success
MAT_088,Ru0.60Ga0.40Ox,N2O,data\substituted_adsorbates\MAT_088_N2O_site0_adsorbed.cif,-646.6872476601726,uma-s-1p2,success
MAT_088,Ru0.60Ga0.40Ox,N2O,data\substituted_adsorbates\MAT_088_N2O_site1_adsorbed.cif,-647.4767542547816,uma-s-1p2,success
MAT_088,Ru0.60Ga0.40Ox,N2O,data\substituted_adsorbates\MAT_088_N2O_site2_adsorbed.cif,-647.2289075292572,uma-s-1p2,success
MAT_089,Ru0.40Ga0.60Ox,O,data\substituted_adsorbates\MAT_089_O_site0_adsorbed.cif,-584.1142607378805,uma-s-1p2,success
MAT_089,Ru0.40Ga0.60Ox,O,data\substituted_adsorbates\MAT_089_O_site1_adsorbed.cif,-584.2677394940035,uma-s-1p2,success
MAT_089,Ru0.40Ga0.60Ox,O,data\substituted_adsorbates\MAT_089_O_site2_adsorbed.cif,-585.5851348817963,uma-s-1p2,success
MAT_089,Ru0.40Ga0.60Ox,O2,data\substituted_adsorbates\MAT_089_O2_site0_adsorbed.cif,-588.9096193254162,uma-s-1p2,success
MAT_089,Ru0.40Ga0.60Ox,O2,data\substituted_adsorbates\MAT_089_O2_site1_adsorbed.cif,-588.9832061699137,uma-s-1p2,success
MAT_089,Ru0.40Ga0.60Ox,O2,data\substituted_adsorbates\MAT_089_O2_site2_adsorbed.cif,-589.8376334737791,uma-s-1p2,success
MAT_089,Ru0.40Ga0.60Ox,N2O,data\substituted_adsorbates\MAT_089_N2O_site0_adsorbed.cif,-600.5778292148855,uma-s-1p2,success
MAT_089,Ru0.40Ga0.60Ox,N2O,data\substituted_adsorbates\MAT_089_N2O_site1_adsorbed.cif,-600.6322015850316,uma-s-1p2,success
MAT_089,Ru0.40Ga0.60Ox,N2O,data\substituted_adsorbates\MAT_089_N2O_site2_adsorbed.cif,-601.0688990916882,uma-s-1p2,success
MAT_090,Ru0.20Ga0.80Ox,O,data\substituted_adsorbates\MAT_090_O_site0_adsorbed.cif,-561.7886046079907,uma-s-1p2,success
MAT_090,Ru0.20Ga0.80Ox,O,data\substituted_adsorbates\MAT_090_O_site1_adsorbed.cif,-561.8297830734942,uma-s-1p2,success
MAT_090,Ru0.20Ga0.80Ox,O,data\substituted_adsorbates\MAT_090_O_site2_adsorbed.cif,-562.3057817186412,uma-s-1p2,success
MAT_090,Ru0.20Ga0.80Ox,O2,data\substituted_adsorbates\MAT_090_O2_site0_adsorbed.cif,-567.2807882729611,uma-s-1p2,success
MAT_090,Ru0.20Ga0.80Ox,O2,data\substituted_adsorbates\MAT_090_O2_site1_adsorbed.cif,-567.3219667634614,uma-s-1p2,success
MAT_090,Ru0.20Ga0.80Ox,O2,data\substituted_adsorbates\MAT_090_O2_site2_adsorbed.cif,-567.5088760285595,uma-s-1p2,success
MAT_090,Ru0.20Ga0.80Ox,N2O,data\substituted_adsorbates\MAT_090_N2O_site0_adsorbed.cif,-578.9102800769213,uma-s-1p2,success
MAT_090,Ru0.20Ga0.80Ox,N2O,data\substituted_adsorbates\MAT_090_N2O_site1_adsorbed.cif,-578.9354462200831,uma-s-1p2,success
MAT_090,Ru0.20Ga0.80Ox,N2O,data\substituted_adsorbates\MAT_090_N2O_site2_adsorbed.cif,-579.0367267263682,uma-s-1p2,success
MAT_092,Ru0.80Ge0.20Ox,O,data\substituted_adsorbates\MAT_092_O_site0_adsorbed.cif,-665.865352919875,uma-s-1p2,success
MAT_092,Ru0.80Ge0.20Ox,O,data\substituted_adsorbates\MAT_092_O_site1_adsorbed.cif,-666.6379455937393,uma-s-1p2,success
MAT_092,Ru0.80Ge0.20Ox,O,data\substituted_adsorbates\MAT_092_O_site2_adsorbed.cif,-666.3988192212943,uma-s-1p2,success
MAT_092,Ru0.80Ge0.20Ox,O2,data\substituted_adsorbates\MAT_092_O2_site0_adsorbed.cif,-669.7489359939948,uma-s-1p2,success
MAT_092,Ru0.80Ge0.20Ox,O2,data\substituted_adsorbates\MAT_092_O2_site1_adsorbed.cif,-670.7989005382401,uma-s-1p2,success
MAT_092,Ru0.80Ge0.20Ox,O2,data\substituted_adsorbates\MAT_092_O2_site2_adsorbed.cif,-670.9248935001173,uma-s-1p2,success
MAT_092,Ru0.80Ge0.20Ox,N2O,data\substituted_adsorbates\MAT_092_N2O_site0_adsorbed.cif,-681.2310535704502,uma-s-1p2,success
MAT_092,Ru0.80Ge0.20Ox,N2O,data\substituted_adsorbates\MAT_092_N2O_site1_adsorbed.cif,-682.4497178501933,uma-s-1p2,success
MAT_092,Ru0.80Ge0.20Ox,N2O,data\substituted_adsorbates\MAT_092_N2O_site2_adsorbed.cif,-682.3659746473066,uma-s-1p2,success
MAT_093,Ru0.60Ge0.40Ox,O,data\substituted_adsorbates\MAT_093_O_site0_adsorbed.cif,-649.6339242864555,uma-s-1p2,success
MAT_093,Ru0.60Ge0.40Ox,O,data\substituted_adsorbates\MAT_093_O_site1_adsorbed.cif,-650.4148019984023,uma-s-1p2,success
MAT_093,Ru0.60Ge0.40Ox,O,data\substituted_adsorbates\MAT_093_O_site2_adsorbed.cif,-650.2156621539106,uma-s-1p2,success
MAT_093,Ru0.60Ge0.40Ox,O2,data\substituted_adsorbates\MAT_093_O2_site0_adsorbed.cif,-653.3746719760089,uma-s-1p2,success
MAT_093,Ru0.60Ge0.40Ox,O2,data\substituted_adsorbates\MAT_093_O2_site1_adsorbed.cif,-654.4398333428201,uma-s-1p2,success
MAT_093,Ru0.60Ge0.40Ox,O2,data\substituted_adsorbates\MAT_093_O2_site2_adsorbed.cif,-654.6610592423399,uma-s-1p2,success
MAT_093,Ru0.60Ge0.40Ox,N2O,data\substituted_adsorbates\MAT_093_N2O_site0_adsorbed.cif,-664.8513887433877,uma-s-1p2,success
MAT_093,Ru0.60Ge0.40Ox,N2O,data\substituted_adsorbates\MAT_093_N2O_site1_adsorbed.cif,-666.0527659266812,uma-s-1p2,success
MAT_093,Ru0.60Ge0.40Ox,N2O,data\substituted_adsorbates\MAT_093_N2O_site2_adsorbed.cif,-666.0113979837067,uma-s-1p2,success
MAT_094,Ru0.40Ge0.60Ox,O,data\substituted_adsorbates\MAT_094_O_site0_adsorbed.cif,-622.4356030822744,uma-s-1p2,success
MAT_094,Ru0.40Ge0.60Ox,O,data\substituted_adsorbates\MAT_094_O_site1_adsorbed.cif,-622.3034410628029,uma-s-1p2,success
MAT_094,Ru0.40Ge0.60Ox,O,data\substituted_adsorbates\MAT_094_O_site2_adsorbed.cif,-623.1323926069055,uma-s-1p2,success
MAT_094,Ru0.40Ge0.60Ox,O2,data\substituted_adsorbates\MAT_094_O2_site0_adsorbed.cif,-626.1709240786705,uma-s-1p2,success
MAT_094,Ru0.40Ge0.60Ox,O2,data\substituted_adsorbates\MAT_094_O2_site1_adsorbed.cif,-626.1789403397572,uma-s-1p2,success
MAT_094,Ru0.40Ge0.60Ox,O2,data\substituted_adsorbates\MAT_094_O2_site2_adsorbed.cif,-627.5598688026068,uma-s-1p2,success
MAT_094,Ru0.40Ge0.60Ox,N2O,data\substituted_adsorbates\MAT_094_N2O_site0_adsorbed.cif,-637.633146555682,uma-s-1p2,success
MAT_094,Ru0.40Ge0.60Ox,N2O,data\substituted_adsorbates\MAT_094_N2O_site1_adsorbed.cif,-637.6548834918271,uma-s-1p2,success
MAT_094,Ru0.40Ge0.60Ox,N2O,data\substituted_adsorbates\MAT_094_N2O_site2_adsorbed.cif,-638.795983837429,uma-s-1p2,success
MAT_095,Ru0.20Ge0.80Ox,O,data\substituted_adsorbates\MAT_095_O_site0_adsorbed.cif,-611.1872473940679,uma-s-1p2,success
MAT_095,Ru0.20Ge0.80Ox,O,data\substituted_adsorbates\MAT_095_O_site1_adsorbed.cif,-610.9540508308207,uma-s-1p2,success
MAT_095,Ru0.20Ge0.80Ox,O,data\substituted_adsorbates\MAT_095_O_site2_adsorbed.cif,-610.9807011129343,uma-s-1p2,success
MAT_095,Ru0.20Ge0.80Ox,O2,data\substituted_adsorbates\MAT_095_O2_site0_adsorbed.cif,-615.2031537488572,uma-s-1p2,success
MAT_095,Ru0.20Ge0.80Ox,O2,data\substituted_adsorbates\MAT_095_O2_site1_adsorbed.cif,-615.205104003737,uma-s-1p2,success
MAT_095,Ru0.20Ge0.80Ox,O2,data\substituted_adsorbates\MAT_095_O2_site2_adsorbed.cif,-614.7881100368284,uma-s-1p2,success
MAT_095,Ru0.20Ge0.80Ox,N2O,data\substituted_adsorbates\MAT_095_N2O_site0_adsorbed.cif,-626.685360378549,uma-s-1p2,success
MAT_095,Ru0.20Ge0.80Ox,N2O,data\substituted_adsorbates\MAT_095_N2O_site1_adsorbed.cif,-626.6942069274584,uma-s-1p2,success
MAT_095,Ru0.20Ge0.80Ox,N2O,data\substituted_adsorbates\MAT_095_N2O_site2_adsorbed.cif,-626.0315720361486,uma-s-1p2,success
MAT_097,Ru0.80Sr0.20Ox,O,data\substituted_adsorbates\MAT_097_O_site0_adsorbed.cif,-597.7095528265054,uma-s-1p2,success
MAT_097,Ru0.80Sr0.20Ox,O,data\substituted_adsorbates\MAT_097_O_site1_adsorbed.cif,-601.1990793202161,uma-s-1p2,success
MAT_097,Ru0.80Sr0.20Ox,O,data\substituted_adsorbates\MAT_097_O_site2_adsorbed.cif,-600.9938023514119,uma-s-1p2,success
MAT_097,Ru0.80Sr0.20Ox,O2,data\substituted_adsorbates\MAT_097_O2_site0_adsorbed.cif,-603.530720164162,uma-s-1p2,success
MAT_097,Ru0.80Sr0.20Ox,O2,data\substituted_adsorbates\MAT_097_O2_site1_adsorbed.cif,-605.5405608279422,uma-s-1p2,success
MAT_097,Ru0.80Sr0.20Ox,O2,data\substituted_adsorbates\MAT_097_O2_site2_adsorbed.cif,-605.5296290769791,uma-s-1p2,success
MAT_097,Ru0.80Sr0.20Ox,N2O,data\substituted_adsorbates\MAT_097_N2O_site0_adsorbed.cif,-614.457123168098,uma-s-1p2,success
MAT_097,Ru0.80Sr0.20Ox,N2O,data\substituted_adsorbates\MAT_097_N2O_site1_adsorbed.cif,-617.0713928694283,uma-s-1p2,success
MAT_097,Ru0.80Sr0.20Ox,N2O,data\substituted_adsorbates\MAT_097_N2O_site2_adsorbed.cif,-616.8028555170458,uma-s-1p2,success
MAT_098,Ru0.60Sr0.40Ox,O,data\substituted_adsorbates\MAT_098_O_site0_adsorbed.cif,-546.7447299068422,uma-s-1p2,success
MAT_098,Ru0.60Sr0.40Ox,O,data\substituted_adsorbates\MAT_098_O_site1_adsorbed.cif,-550.228322259427,uma-s-1p2,success
MAT_098,Ru0.60Sr0.40Ox,O,data\substituted_adsorbates\MAT_098_O_site2_adsorbed.cif,-550.2410550774771,uma-s-1p2,success
MAT_098,Ru0.60Sr0.40Ox,O2,data\substituted_adsorbates\MAT_098_O2_site0_adsorbed.cif,-552.6543734721735,uma-s-1p2,success
MAT_098,Ru0.60Sr0.40Ox,O2,data\substituted_adsorbates\MAT_098_O2_site1_adsorbed.cif,-554.6836065592987,uma-s-1p2,success
MAT_098,Ru0.60Sr0.40Ox,O2,data\substituted_adsorbates\MAT_098_O2_site2_adsorbed.cif,-554.5566027159547,uma-s-1p2,success
MAT_098,Ru0.60Sr0.40Ox,N2O,data\substituted_adsorbates\MAT_098_N2O_site0_adsorbed.cif,-563.47246624842,uma-s-1p2,success
MAT_098,Ru0.60Sr0.40Ox,N2O,data\substituted_adsorbates\MAT_098_N2O_site1_adsorbed.cif,-566.0819836125135,uma-s-1p2,success
MAT_098,Ru0.60Sr0.40Ox,N2O,data\substituted_adsorbates\MAT_098_N2O_site2_adsorbed.cif,-565.5979009477303,uma-s-1p2,success
MAT_099,Ru0.40Sr0.60Ox,O,data\substituted_adsorbates\MAT_099_O_site0_adsorbed.cif,-449.09162003569395,uma-s-1p2,success
MAT_099,Ru0.40Sr0.60Ox,O,data\substituted_adsorbates\MAT_099_O_site1_adsorbed.cif,-448.8328191021729,uma-s-1p2,success
MAT_099,Ru0.40Sr0.60Ox,O,data\substituted_adsorbates\MAT_099_O_site2_adsorbed.cif,-452.2486347677637,uma-s-1p2,success
MAT_099,Ru0.40Sr0.60Ox,O2,data\substituted_adsorbates\MAT_099_O2_site0_adsorbed.cif,-454.86519241543766,uma-s-1p2,success
MAT_099,Ru0.40Sr0.60Ox,O2,data\substituted_adsorbates\MAT_099_O2_site1_adsorbed.cif,-454.82731421898285,uma-s-1p2,success
MAT_099,Ru0.40Sr0.60Ox,O2,data\substituted_adsorbates\MAT_099_O2_site2_adsorbed.cif,-456.4661378974949,uma-s-1p2,success
MAT_099,Ru0.40Sr0.60Ox,N2O,data\substituted_adsorbates\MAT_099_N2O_site0_adsorbed.cif,-465.35325238758384,uma-s-1p2,success
MAT_099,Ru0.40Sr0.60Ox,N2O,data\substituted_adsorbates\MAT_099_N2O_site1_adsorbed.cif,-465.3509263348453,uma-s-1p2,success
MAT_099,Ru0.40Sr0.60Ox,N2O,data\substituted_adsorbates\MAT_099_N2O_site2_adsorbed.cif,-467.35795917452685,uma-s-1p2,success
MAT_100,Ru0.20Sr0.80Ox,O,data\substituted_adsorbates\MAT_100_O_site0_adsorbed.cif,-406.57514863549943,uma-s-1p2,success
MAT_100,Ru0.20Sr0.80Ox,O,data\substituted_adsorbates\MAT_100_O_site1_adsorbed.cif,-406.1786548506058,uma-s-1p2,success
MAT_100,Ru0.20Sr0.80Ox,O,data\substituted_adsorbates\MAT_100_O_site2_adsorbed.cif,-406.78457993053524,uma-s-1p2,success
MAT_100,Ru0.20Sr0.80Ox,O2,data\substituted_adsorbates\MAT_100_O2_site0_adsorbed.cif,-412.23399417016094,uma-s-1p2,success
MAT_100,Ru0.20Sr0.80Ox,O2,data\substituted_adsorbates\MAT_100_O2_site1_adsorbed.cif,-412.1432169614358,uma-s-1p2,success
MAT_100,Ru0.20Sr0.80Ox,O2,data\substituted_adsorbates\MAT_100_O2_site2_adsorbed.cif,-412.4631739765042,uma-s-1p2,success
MAT_100,Ru0.20Sr0.80Ox,N2O,data\substituted_adsorbates\MAT_100_N2O_site0_adsorbed.cif,-422.46288621726393,uma-s-1p2,success
MAT_100,Ru0.20Sr0.80Ox,N2O,data\substituted_adsorbates\MAT_100_N2O_site1_adsorbed.cif,-422.41508605145816,uma-s-1p2,success
MAT_100,Ru0.20Sr0.80Ox,N2O,data\substituted_adsorbates\MAT_100_N2O_site2_adsorbed.cif,-422.5448946843017,uma-s-1p2,success
MAT_102,Ru0.80Y0.20Ox,O,data\substituted_adsorbates\MAT_102_O_site0_adsorbed.cif,-688.7581901017593,uma-s-1p2,success
MAT_102,Ru0.80Y0.20Ox,O,data\substituted_adsorbates\MAT_102_O_site1_adsorbed.cif,-691.4669836069058,uma-s-1p2,success
MAT_102,Ru0.80Y0.20Ox,O,data\substituted_adsorbates\MAT_102_O_site2_adsorbed.cif,-691.1422818086027,uma-s-1p2,success
MAT_102,Ru0.80Y0.20Ox,O2,data\substituted_adsorbates\MAT_102_O2_site0_adsorbed.cif,-694.1708342335564,uma-s-1p2,success
MAT_102,Ru0.80Y0.20Ox,O2,data\substituted_adsorbates\MAT_102_O2_site1_adsorbed.cif,-695.443389549528,uma-s-1p2,success
MAT_102,Ru0.80Y0.20Ox,O2,data\substituted_adsorbates\MAT_102_O2_site2_adsorbed.cif,-695.5583296964339,uma-s-1p2,success
MAT_102,Ru0.80Y0.20Ox,N2O,data\substituted_adsorbates\MAT_102_N2O_site0_adsorbed.cif,-705.0618342290761,uma-s-1p2,success
MAT_102,Ru0.80Y0.20Ox,N2O,data\substituted_adsorbates\MAT_102_N2O_site1_adsorbed.cif,-707.0949151754158,uma-s-1p2,success
MAT_102,Ru0.80Y0.20Ox,N2O,data\substituted_adsorbates\MAT_102_N2O_site2_adsorbed.cif,-706.9468679443119,uma-s-1p2,success
MAT_103,Ru0.60Y0.40Ox,O,data\substituted_adsorbates\MAT_103_O_site0_adsorbed.cif,-683.2425106225401,uma-s-1p2,success
MAT_103,Ru0.60Y0.40Ox,O,data\substituted_adsorbates\MAT_103_O_site1_adsorbed.cif,-685.8642790483215,uma-s-1p2,success
MAT_103,Ru0.60Y0.40Ox,O,data\substituted_adsorbates\MAT_103_O_site2_adsorbed.cif,-685.6058299183286,uma-s-1p2,success
MAT_103,Ru0.60Y0.40Ox,O2,data\substituted_adsorbates\MAT_103_O2_site0_adsorbed.cif,-688.3761571387101,uma-s-1p2,success
MAT_103,Ru0.60Y0.40Ox,O2,data\substituted_adsorbates\MAT_103_O2_site1_adsorbed.cif,-689.6281075714971,uma-s-1p2,success
MAT_103,Ru0.60Y0.40Ox,O2,data\substituted_adsorbates\MAT_103_O2_site2_adsorbed.cif,-689.7500076640245,uma-s-1p2,success
MAT_103,Ru0.60Y0.40Ox,N2O,data\substituted_adsorbates\MAT_103_N2O_site0_adsorbed.cif,-699.214189266055,uma-s-1p2,success
MAT_103,Ru0.60Y0.40Ox,N2O,data\substituted_adsorbates\MAT_103_N2O_site1_adsorbed.cif,-701.2783711715932,uma-s-1p2,success
MAT_103,Ru0.60Y0.40Ox,N2O,data\substituted_adsorbates\MAT_103_N2O_site2_adsorbed.cif,-700.9295360012037,uma-s-1p2,success
MAT_104,Ru0.40Y0.60Ox,O,data\substituted_adsorbates\MAT_104_O_site0_adsorbed.cif,-672.9203367238363,uma-s-1p2,success
MAT_104,Ru0.40Y0.60Ox,O,data\substituted_adsorbates\MAT_104_O_site1_adsorbed.cif,-673.0305608437088,uma-s-1p2,success
MAT_104,Ru0.40Y0.60Ox,O,data\substituted_adsorbates\MAT_104_O_site2_adsorbed.cif,-675.8992045883332,uma-s-1p2,success
MAT_104,Ru0.40Y0.60Ox,O2,data\substituted_adsorbates\MAT_104_O2_site0_adsorbed.cif,-678.6042937013852,uma-s-1p2,success
MAT_104,Ru0.40Y0.60Ox,O2,data\substituted_adsorbates\MAT_104_O2_site1_adsorbed.cif,-678.8872418851595,uma-s-1p2,success
MAT_104,Ru0.40Y0.60Ox,O2,data\substituted_adsorbates\MAT_104_O2_site2_adsorbed.cif,-680.0892303477057,uma-s-1p2,success
MAT_104,Ru0.40Y0.60Ox,N2O,data\substituted_adsorbates\MAT_104_N2O_site0_adsorbed.cif,-689.4362806822676,uma-s-1p2,success
MAT_104,Ru0.40Y0.60Ox,N2O,data\substituted_adsorbates\MAT_104_N2O_site1_adsorbed.cif,-689.6716600896706,uma-s-1p2,success
MAT_104,Ru0.40Y0.60Ox,N2O,data\substituted_adsorbates\MAT_104_N2O_site2_adsorbed.cif,-691.2809858447301,uma-s-1p2,success
MAT_105,Ru0.20Y0.80Ox,O,data\substituted_adsorbates\MAT_105_O_site0_adsorbed.cif,-671.5645733827681,uma-s-1p2,success
MAT_105,Ru0.20Y0.80Ox,O,data\substituted_adsorbates\MAT_105_O_site1_adsorbed.cif,-671.750050642028,uma-s-1p2,success
MAT_105,Ru0.20Y0.80Ox,O,data\substituted_adsorbates\MAT_105_O_site2_adsorbed.cif,-672.6766286051046,uma-s-1p2,success
MAT_105,Ru0.20Y0.80Ox,O2,data\substituted_adsorbates\MAT_105_O2_site0_adsorbed.cif,-677.3941526442461,uma-s-1p2,success
MAT_105,Ru0.20Y0.80Ox,O2,data\substituted_adsorbates\MAT_105_O2_site1_adsorbed.cif,-677.6491524798756,uma-s-1p2,success
MAT_105,Ru0.20Y0.80Ox,O2,data\substituted_adsorbates\MAT_105_O2_site2_adsorbed.cif,-678.2058338646832,uma-s-1p2,success
MAT_105,Ru0.20Y0.80Ox,N2O,data\substituted_adsorbates\MAT_105_N2O_site0_adsorbed.cif,-688.0787355965603,uma-s-1p2,success
MAT_105,Ru0.20Y0.80Ox,N2O,data\substituted_adsorbates\MAT_105_N2O_site1_adsorbed.cif,-688.2597348023515,uma-s-1p2,success
MAT_105,Ru0.20Y0.80Ox,N2O,data\substituted_adsorbates\MAT_105_N2O_site2_adsorbed.cif,-688.6374559970227,uma-s-1p2,success
MAT_107,Ru0.80Zr0.20Ox,O,data\substituted_adsorbates\MAT_107_O_site0_adsorbed.cif,-730.1602066603115,uma-s-1p2,success
MAT_107,Ru0.80Zr0.20Ox,O,data\substituted_adsorbates\MAT_107_O_site1_adsorbed.cif,-730.8021225485115,uma-s-1p2,success
MAT_107,Ru0.80Zr0.20Ox,O,data\substituted_adsorbates\MAT_107_O_site2_adsorbed.cif,-730.7914134456374,uma-s-1p2,success
MAT_107,Ru0.80Zr0.20Ox,O2,data\substituted_adsorbates\MAT_107_O2_site0_adsorbed.cif,-734.763779441919,uma-s-1p2,success
MAT_107,Ru0.80Zr0.20Ox,O2,data\substituted_adsorbates\MAT_107_O2_site1_adsorbed.cif,-734.8923164077443,uma-s-1p2,success
MAT_107,Ru0.80Zr0.20Ox,O2,data\substituted_adsorbates\MAT_107_O2_site2_adsorbed.cif,-735.1455667794704,uma-s-1p2,success
MAT_107,Ru0.80Zr0.20Ox,N2O,data\substituted_adsorbates\MAT_107_N2O_site0_adsorbed.cif,-745.3311625033296,uma-s-1p2,success
MAT_107,Ru0.80Zr0.20Ox,N2O,data\substituted_adsorbates\MAT_107_N2O_site1_adsorbed.cif,-746.5298677370761,uma-s-1p2,success
MAT_107,Ru0.80Zr0.20Ox,N2O,data\substituted_adsorbates\MAT_107_N2O_site2_adsorbed.cif,-746.5143949159685,uma-s-1p2,success
MAT_108,Ru0.60Zr0.40Ox,O,data\substituted_adsorbates\MAT_108_O_site0_adsorbed.cif,-746.042272131981,uma-s-1p2,success
MAT_108,Ru0.60Zr0.40Ox,O,data\substituted_adsorbates\MAT_108_O_site1_adsorbed.cif,-746.6527314429582,uma-s-1p2,success
MAT_108,Ru0.60Zr0.40Ox,O,data\substituted_adsorbates\MAT_108_O_site2_adsorbed.cif,-746.7152121420293,uma-s-1p2,success
MAT_108,Ru0.60Zr0.40Ox,O2,data\substituted_adsorbates\MAT_108_O2_site0_adsorbed.cif,-750.4873686326167,uma-s-1p2,success
MAT_108,Ru0.60Zr0.40Ox,O2,data\substituted_adsorbates\MAT_108_O2_site1_adsorbed.cif,-750.5846584885494,uma-s-1p2,success
MAT_108,Ru0.60Zr0.40Ox,O2,data\substituted_adsorbates\MAT_108_O2_site2_adsorbed.cif,-750.9267910918189,uma-s-1p2,success
MAT_108,Ru0.60Zr0.40Ox,N2O,data\substituted_adsorbates\MAT_108_N2O_site0_adsorbed.cif,-761.0203266664239,uma-s-1p2,success
MAT_108,Ru0.60Zr0.40Ox,N2O,data\substituted_adsorbates\MAT_108_N2O_site1_adsorbed.cif,-762.2286005211971,uma-s-1p2,success
MAT_108,Ru0.60Zr0.40Ox,N2O,data\substituted_adsorbates\MAT_108_N2O_site2_adsorbed.cif,-762.1309887702853,uma-s-1p2,success
MAT_109,Ru0.40Zr0.60Ox,O,data\substituted_adsorbates\MAT_109_O_site0_adsorbed.cif,-784.5912726710236,uma-s-1p2,success
MAT_109,Ru0.40Zr0.60Ox,O,data\substituted_adsorbates\MAT_109_O_site1_adsorbed.cif,-784.2869574272452,uma-s-1p2,success
MAT_109,Ru0.40Zr0.60Ox,O,data\substituted_adsorbates\MAT_109_O_site2_adsorbed.cif,-785.6637208652764,uma-s-1p2,success
MAT_109,Ru0.40Zr0.60Ox,O2,data\substituted_adsorbates\MAT_109_O2_site0_adsorbed.cif,-788.9107629786918,uma-s-1p2,success
MAT_109,Ru0.40Zr0.60Ox,O2,data\substituted_adsorbates\MAT_109_O2_site1_adsorbed.cif,-788.790555117628,uma-s-1p2,success
MAT_109,Ru0.40Zr0.60Ox,O2,data\substituted_adsorbates\MAT_109_O2_site2_adsorbed.cif,-789.6817890744942,uma-s-1p2,success
MAT_109,Ru0.40Zr0.60Ox,N2O,data\substituted_adsorbates\MAT_109_N2O_site0_adsorbed.cif,-799.3648873660811,uma-s-1p2,success
MAT_109,Ru0.40Zr0.60Ox,N2O,data\substituted_adsorbates\MAT_109_N2O_site1_adsorbed.cif,-799.3086168616702,uma-s-1p2,success
MAT_109,Ru0.40Zr0.60Ox,N2O,data\substituted_adsorbates\MAT_109_N2O_site2_adsorbed.cif,-800.5646521948596,uma-s-1p2,success
MAT_110,Ru0.20Zr0.80Ox,O,data\substituted_adsorbates\MAT_110_O_site0_adsorbed.cif,-803.3920727680296,uma-s-1p2,success
MAT_110,Ru0.20Zr0.80Ox,O,data\substituted_adsorbates\MAT_110_O_site1_adsorbed.cif,-802.96037643324,uma-s-1p2,success
MAT_110,Ru0.20Zr0.80Ox,O,data\substituted_adsorbates\MAT_110_O_site2_adsorbed.cif,-805.3738984874623,uma-s-1p2,success
MAT_110,Ru0.20Zr0.80Ox,O2,data\substituted_adsorbates\MAT_110_O2_site0_adsorbed.cif,-807.3322584501908,uma-s-1p2,success
MAT_110,Ru0.20Zr0.80Ox,O2,data\substituted_adsorbates\MAT_110_O2_site1_adsorbed.cif,-807.0773326172858,uma-s-1p2,success
MAT_110,Ru0.20Zr0.80Ox,O2,data\substituted_adsorbates\MAT_110_O2_site2_adsorbed.cif,-808.7008516324773,uma-s-1p2,success
MAT_110,Ru0.20Zr0.80Ox,N2O,data\substituted_adsorbates\MAT_110_N2O_site0_adsorbed.cif,-817.4238313865517,uma-s-1p2,success
MAT_110,Ru0.20Zr0.80Ox,N2O,data\substituted_adsorbates\MAT_110_N2O_site1_adsorbed.cif,-817.2992303083129,uma-s-1p2,success
MAT_110,Ru0.20Zr0.80Ox,N2O,data\substituted_adsorbates\MAT_110_N2O_site2_adsorbed.cif,-818.1135397540729,uma-s-1p2,success
MAT_112,Ru0.80Nb0.20Ox,O,data\substituted_adsorbates\MAT_112_O_site0_adsorbed.cif,-733.3992736594852,uma-s-1p2,success
MAT_112,Ru0.80Nb0.20Ox,O,data\substituted_adsorbates\MAT_112_O_site1_adsorbed.cif,-732.4500349997882,uma-s-1p2,success
MAT_112,Ru0.80Nb0.20Ox,O,data\substituted_adsorbates\MAT_112_O_site2_adsorbed.cif,-732.6063562604287,uma-s-1p2,success
MAT_112,Ru0.80Nb0.20Ox,O2,data\substituted_adsorbates\MAT_112_O2_site0_adsorbed.cif,-737.610669255995,uma-s-1p2,success
MAT_112,Ru0.80Nb0.20Ox,O2,data\substituted_adsorbates\MAT_112_O2_site1_adsorbed.cif,-736.7647019820965,uma-s-1p2,success
MAT_112,Ru0.80Nb0.20Ox,O2,data\substituted_adsorbates\MAT_112_O2_site2_adsorbed.cif,-736.9862200430231,uma-s-1p2,success
MAT_112,Ru0.80Nb0.20Ox,N2O,data\substituted_adsorbates\MAT_112_N2O_site0_adsorbed.cif,-748.0054962088178,uma-s-1p2,success
MAT_112,Ru0.80Nb0.20Ox,N2O,data\substituted_adsorbates\MAT_112_N2O_site1_adsorbed.cif,-748.4380233288645,uma-s-1p2,success
MAT_112,Ru0.80Nb0.20Ox,N2O,data\substituted_adsorbates\MAT_112_N2O_site2_adsorbed.cif,-748.4273371904569,uma-s-1p2,success
MAT_113,Ru0.60Nb0.40Ox,O,data\substituted_adsorbates\MAT_113_O_site0_adsorbed.cif,-751.1815131243516,uma-s-1p2,success
MAT_113,Ru0.60Nb0.40Ox,O,data\substituted_adsorbates\MAT_113_O_site1_adsorbed.cif,-750.2338698339132,uma-s-1p2,success
MAT_113,Ru0.60Nb0.40Ox,O,data\substituted_adsorbates\MAT_113_O_site2_adsorbed.cif,-750.6082445431406,uma-s-1p2,success
MAT_113,Ru0.60Nb0.40Ox,O2,data\substituted_adsorbates\MAT_113_O2_site0_adsorbed.cif,-755.5252308516827,uma-s-1p2,success
MAT_113,Ru0.60Nb0.40Ox,O2,data\substituted_adsorbates\MAT_113_O2_site1_adsorbed.cif,-754.6636445484902,uma-s-1p2,success
MAT_113,Ru0.60Nb0.40Ox,O2,data\substituted_adsorbates\MAT_113_O2_site2_adsorbed.cif,-754.9459974009052,uma-s-1p2,success
MAT_113,Ru0.60Nb0.40Ox,N2O,data\substituted_adsorbates\MAT_113_N2O_site0_adsorbed.cif,-765.8865861509656,uma-s-1p2,success
MAT_113,Ru0.60Nb0.40Ox,N2O,data\substituted_adsorbates\MAT_113_N2O_site1_adsorbed.cif,-766.3493608054443,uma-s-1p2,success
MAT_113,Ru0.60Nb0.40Ox,N2O,data\substituted_adsorbates\MAT_113_N2O_site2_adsorbed.cif,-766.3934458145062,uma-s-1p2,success
MAT_114,Ru0.40Nb0.60Ox,O,data\substituted_adsorbates\MAT_114_O_site0_adsorbed.cif,-786.8802589655088,uma-s-1p2,success
MAT_114,Ru0.40Nb0.60Ox,O,data\substituted_adsorbates\MAT_114_O_site1_adsorbed.cif,-786.5109131419874,uma-s-1p2,success
MAT_114,Ru0.40Nb0.60Ox,O,data\substituted_adsorbates\MAT_114_O_site2_adsorbed.cif,-786.4146255411612,uma-s-1p2,success
MAT_114,Ru0.40Nb0.60Ox,O2,data\substituted_adsorbates\MAT_114_O2_site0_adsorbed.cif,-791.3264468944716,uma-s-1p2,success
MAT_114,Ru0.40Nb0.60Ox,O2,data\substituted_adsorbates\MAT_114_O2_site1_adsorbed.cif,-791.0437779688086,uma-s-1p2,success
MAT_114,Ru0.40Nb0.60Ox,O2,data\substituted_adsorbates\MAT_114_O2_site2_adsorbed.cif,-790.6223860778466,uma-s-1p2,success
MAT_114,Ru0.40Nb0.60Ox,N2O,data\substituted_adsorbates\MAT_114_N2O_site0_adsorbed.cif,-801.6189741231435,uma-s-1p2,success
MAT_114,Ru0.40Nb0.60Ox,N2O,data\substituted_adsorbates\MAT_114_N2O_site1_adsorbed.cif,-801.3731223740915,uma-s-1p2,success
MAT_114,Ru0.40Nb0.60Ox,N2O,data\substituted_adsorbates\MAT_114_N2O_site2_adsorbed.cif,-802.0920428228236,uma-s-1p2,success
MAT_115,Ru0.20Nb0.80Ox,O,data\substituted_adsorbates\MAT_115_O_site0_adsorbed.cif,-799.65497632479,uma-s-1p2,success
MAT_115,Ru0.20Nb0.80Ox,O,data\substituted_adsorbates\MAT_115_O_site1_adsorbed.cif,-799.4382581723164,uma-s-1p2,success
MAT_115,Ru0.20Nb0.80Ox,O,data\substituted_adsorbates\MAT_115_O_site2_adsorbed.cif,-800.3937239269412,uma-s-1p2,success
MAT_115,Ru0.20Nb0.80Ox,O2,data\substituted_adsorbates\MAT_115_O2_site0_adsorbed.cif,-803.9651609791945,uma-s-1p2,success
MAT_115,Ru0.20Nb0.80Ox,O2,data\substituted_adsorbates\MAT_115_O2_site1_adsorbed.cif,-803.7731108231857,uma-s-1p2,success
MAT_115,Ru0.20Nb0.80Ox,O2,data\substituted_adsorbates\MAT_115_O2_site2_adsorbed.cif,-804.0770633423784,uma-s-1p2,success
MAT_115,Ru0.20Nb0.80Ox,N2O,data\substituted_adsorbates\MAT_115_N2O_site0_adsorbed.cif,-814.1773560543949,uma-s-1p2,success
MAT_115,Ru0.20Nb0.80Ox,N2O,data\substituted_adsorbates\MAT_115_N2O_site1_adsorbed.cif,-813.9600337167315,uma-s-1p2,success
MAT_115,Ru0.20Nb0.80Ox,N2O,data\substituted_adsorbates\MAT_115_N2O_site2_adsorbed.cif,-814.5166957515952,uma-s-1p2,success
MAT_117,Ru0.80Mo0.20Ox,O,data\substituted_adsorbates\MAT_117_O_site0_adsorbed.cif,-692.8316420010424,uma-s-1p2,success
MAT_117,Ru0.80Mo0.20Ox,O,data\substituted_adsorbates\MAT_117_O_site1_adsorbed.cif,-692.4159218583671,uma-s-1p2,success
MAT_117,Ru0.80Mo0.20Ox,O,data\substituted_adsorbates\MAT_117_O_site2_adsorbed.cif,-692.4369685981842,uma-s-1p2,success
MAT_117,Ru0.80Mo0.20Ox,O2,data\substituted_adsorbates\MAT_117_O2_site0_adsorbed.cif,-697.0149742246018,uma-s-1p2,success
MAT_117,Ru0.80Mo0.20Ox,O2,data\substituted_adsorbates\MAT_117_O2_site1_adsorbed.cif,-696.7501188108513,uma-s-1p2,success
MAT_117,Ru0.80Mo0.20Ox,O2,data\substituted_adsorbates\MAT_117_O2_site2_adsorbed.cif,-696.8804981858024,uma-s-1p2,success
MAT_117,Ru0.80Mo0.20Ox,N2O,data\substituted_adsorbates\MAT_117_N2O_site0_adsorbed.cif,-707.8352665402988,uma-s-1p2,success
MAT_117,Ru0.80Mo0.20Ox,N2O,data\substituted_adsorbates\MAT_117_N2O_site1_adsorbed.cif,-708.3749483706737,uma-s-1p2,success
MAT_117,Ru0.80Mo0.20Ox,N2O,data\substituted_adsorbates\MAT_117_N2O_site2_adsorbed.cif,-708.2716656438731,uma-s-1p2,success
MAT_118,Ru0.60Mo0.40Ox,O,data\substituted_adsorbates\MAT_118_O_site0_adsorbed.cif,-690.8060070293972,uma-s-1p2,success
MAT_118,Ru0.60Mo0.40Ox,O,data\substituted_adsorbates\MAT_118_O_site1_adsorbed.cif,-690.3408410308045,uma-s-1p2,success
MAT_118,Ru0.60Mo0.40Ox,O,data\substituted_adsorbates\MAT_118_O_site2_adsorbed.cif,-690.6229162748904,uma-s-1p2,success
MAT_118,Ru0.60Mo0.40Ox,O2,data\substituted_adsorbates\MAT_118_O2_site0_adsorbed.cif,-695.1240531153406,uma-s-1p2,success
MAT_118,Ru0.60Mo0.40Ox,O2,data\substituted_adsorbates\MAT_118_O2_site1_adsorbed.cif,-694.8849490099541,uma-s-1p2,success
MAT_118,Ru0.60Mo0.40Ox,O2,data\substituted_adsorbates\MAT_118_O2_site2_adsorbed.cif,-695.0593593985996,uma-s-1p2,success
MAT_118,Ru0.60Mo0.40Ox,N2O,data\substituted_adsorbates\MAT_118_N2O_site0_adsorbed.cif,-705.9044936277876,uma-s-1p2,success
MAT_118,Ru0.60Mo0.40Ox,N2O,data\substituted_adsorbates\MAT_118_N2O_site1_adsorbed.cif,-706.4408116400082,uma-s-1p2,success
MAT_118,Ru0.60Mo0.40Ox,N2O,data\substituted_adsorbates\MAT_118_N2O_site2_adsorbed.cif,-706.3805322976475,uma-s-1p2,success
MAT_119,Ru0.40Mo0.60Ox,O,data\substituted_adsorbates\MAT_119_O_site0_adsorbed.cif,-688.1707260651143,uma-s-1p2,success
MAT_119,Ru0.40Mo0.60Ox,O,data\substituted_adsorbates\MAT_119_O_site1_adsorbed.cif,-688.087536169138,uma-s-1p2,success
MAT_119,Ru0.40Mo0.60Ox,O,data\substituted_adsorbates\MAT_119_O_site2_adsorbed.cif,-688.2238806111296,uma-s-1p2,success
MAT_119,Ru0.40Mo0.60Ox,O2,data\substituted_adsorbates\MAT_119_O2_site0_adsorbed.cif,-692.554606252159,uma-s-1p2,success
MAT_119,Ru0.40Mo0.60Ox,O2,data\substituted_adsorbates\MAT_119_O2_site1_adsorbed.cif,-692.546975342669,uma-s-1p2,success
MAT_119,Ru0.40Mo0.60Ox,O2,data\substituted_adsorbates\MAT_119_O2_site2_adsorbed.cif,-692.545877085244,uma-s-1p2,success
MAT_119,Ru0.40Mo0.60Ox,N2O,data\substituted_adsorbates\MAT_119_N2O_site0_adsorbed.cif,-703.2768250079471,uma-s-1p2,success
MAT_119,Ru0.40Mo0.60Ox,N2O,data\substituted_adsorbates\MAT_119_N2O_site1_adsorbed.cif,-703.2626036515264,uma-s-1p2,success
MAT_119,Ru0.40Mo0.60Ox,N2O,data\substituted_adsorbates\MAT_119_N2O_site2_adsorbed.cif,-703.7292109197335,uma-s-1p2,success
MAT_120,Ru0.20Mo0.80Ox,O,data\substituted_adsorbates\MAT_120_O_site0_adsorbed.cif,-686.3494634592673,uma-s-1p2,success
MAT_120,Ru0.20Mo0.80Ox,O,data\substituted_adsorbates\MAT_120_O_site1_adsorbed.cif,-686.2646925171405,uma-s-1p2,success
MAT_120,Ru0.20Mo0.80Ox,O,data\substituted_adsorbates\MAT_120_O_site2_adsorbed.cif,-687.2119315834752,uma-s-1p2,success
MAT_120,Ru0.20Mo0.80Ox,O2,data\substituted_adsorbates\MAT_120_O2_site0_adsorbed.cif,-690.6520402961314,uma-s-1p2,success
MAT_120,Ru0.20Mo0.80Ox,O2,data\substituted_adsorbates\MAT_120_O2_site1_adsorbed.cif,-690.6423057545221,uma-s-1p2,success
MAT_120,Ru0.20Mo0.80Ox,O2,data\substituted_adsorbates\MAT_120_O2_site2_adsorbed.cif,-690.856259492163,uma-s-1p2,success
MAT_120,Ru0.20Mo0.80Ox,N2O,data\substituted_adsorbates\MAT_120_N2O_site0_adsorbed.cif,-701.2834381539656,uma-s-1p2,success
MAT_120,Ru0.20Mo0.80Ox,N2O,data\substituted_adsorbates\MAT_120_N2O_site1_adsorbed.cif,-701.2677226949095,uma-s-1p2,success
MAT_120,Ru0.20Mo0.80Ox,N2O,data\substituted_adsorbates\MAT_120_N2O_site2_adsorbed.cif,-701.2700365242627,uma-s-1p2,success
MAT_122,Ru0.80Rh0.20Ox,O,data\substituted_adsorbates\MAT_122_O_site0_adsorbed.cif,-677.2996880227884,uma-s-1p2,success
MAT_122,Ru0.80Rh0.20Ox,O,data\substituted_adsorbates\MAT_122_O_site1_adsorbed.cif,-676.9118995079664,uma-s-1p2,success
MAT_122,Ru0.80Rh0.20Ox,O,data\substituted_adsorbates\MAT_122_O_site2_adsorbed.cif,-676.9304962814134,uma-s-1p2,success
MAT_122,Ru0.80Rh0.20Ox,O2,data\substituted_adsorbates\MAT_122_O2_site0_adsorbed.cif,-681.4901399908605,uma-s-1p2,success
MAT_122,Ru0.80Rh0.20Ox,O2,data\substituted_adsorbates\MAT_122_O2_site1_adsorbed.cif,-681.4635708105337,uma-s-1p2,success
MAT_122,Ru0.80Rh0.20Ox,O2,data\substituted_adsorbates\MAT_122_O2_site2_adsorbed.cif,-681.4736084346073,uma-s-1p2,success
MAT_122,Ru0.80Rh0.20Ox,N2O,data\substituted_adsorbates\MAT_122_N2O_site0_adsorbed.cif,-693.1751144508029,uma-s-1p2,success
MAT_122,Ru0.80Rh0.20Ox,N2O,data\substituted_adsorbates\MAT_122_N2O_site1_adsorbed.cif,-692.9624229514259,uma-s-1p2,success
MAT_122,Ru0.80Rh0.20Ox,N2O,data\substituted_adsorbates\MAT_122_N2O_site2_adsorbed.cif,-692.9322863173443,uma-s-1p2,success
MAT_123,Ru0.60Rh0.40Ox,O,data\substituted_adsorbates\MAT_123_O_site0_adsorbed.cif,-666.6587056951514,uma-s-1p2,success
MAT_123,Ru0.60Rh0.40Ox,O,data\substituted_adsorbates\MAT_123_O_site1_adsorbed.cif,-666.2162668344027,uma-s-1p2,success
MAT_123,Ru0.60Rh0.40Ox,O,data\substituted_adsorbates\MAT_123_O_site2_adsorbed.cif,-666.1449612685582,uma-s-1p2,success
MAT_123,Ru0.60Rh0.40Ox,O2,data\substituted_adsorbates\MAT_123_O2_site0_adsorbed.cif,-670.7834124828762,uma-s-1p2,success
MAT_123,Ru0.60Rh0.40Ox,O2,data\substituted_adsorbates\MAT_123_O2_site1_adsorbed.cif,-670.7528899097755,uma-s-1p2,success
MAT_123,Ru0.60Rh0.40Ox,O2,data\substituted_adsorbates\MAT_123_O2_site2_adsorbed.cif,-670.2038814164123,uma-s-1p2,success
MAT_123,Ru0.60Rh0.40Ox,N2O,data\substituted_adsorbates\MAT_123_N2O_site0_adsorbed.cif,-682.4312323657769,uma-s-1p2,success
MAT_123,Ru0.60Rh0.40Ox,N2O,data\substituted_adsorbates\MAT_123_N2O_site1_adsorbed.cif,-682.1822652182553,uma-s-1p2,success
MAT_123,Ru0.60Rh0.40Ox,N2O,data\substituted_adsorbates\MAT_123_N2O_site2_adsorbed.cif,-682.1693290220707,uma-s-1p2,success
MAT_124,Ru0.40Rh0.60Ox,O,data\substituted_adsorbates\MAT_124_O_site0_adsorbed.cif,-645.4156465956228,uma-s-1p2,success
MAT_124,Ru0.40Rh0.60Ox,O,data\substituted_adsorbates\MAT_124_O_site1_adsorbed.cif,-645.4680702806817,uma-s-1p2,success
MAT_124,Ru0.40Rh0.60Ox,O,data\substituted_adsorbates\MAT_124_O_site2_adsorbed.cif,-645.4063965575126,uma-s-1p2,success
MAT_124,Ru0.40Rh0.60Ox,O2,data\substituted_adsorbates\MAT_124_O2_site0_adsorbed.cif,-649.9508834491095,uma-s-1p2,success
MAT_124,Ru0.40Rh0.60Ox,O2,data\substituted_adsorbates\MAT_124_O2_site1_adsorbed.cif,-649.5028157294086,uma-s-1p2,success
MAT_124,Ru0.40Rh0.60Ox,O2,data\substituted_adsorbates\MAT_124_O2_site2_adsorbed.cif,-649.4517497275056,uma-s-1p2,success
MAT_124,Ru0.40Rh0.60Ox,N2O,data\substituted_adsorbates\MAT_124_N2O_site0_adsorbed.cif,-661.325183427801,uma-s-1p2,success
MAT_124,Ru0.40Rh0.60Ox,N2O,data\substituted_adsorbates\MAT_124_N2O_site1_adsorbed.cif,-661.4085817637431,uma-s-1p2,success
MAT_124,Ru0.40Rh0.60Ox,N2O,data\substituted_adsorbates\MAT_124_N2O_site2_adsorbed.cif,-661.3672994019638,uma-s-1p2,success
MAT_125,Ru0.20Rh0.80Ox,O,data\substituted_adsorbates\MAT_125_O_site0_adsorbed.cif,-635.4192548503704,uma-s-1p2,success
MAT_125,Ru0.20Rh0.80Ox,O,data\substituted_adsorbates\MAT_125_O_site1_adsorbed.cif,-635.307217422528,uma-s-1p2,success
MAT_125,Ru0.20Rh0.80Ox,O,data\substituted_adsorbates\MAT_125_O_site2_adsorbed.cif,-635.2506384738613,uma-s-1p2,success
MAT_125,Ru0.20Rh0.80Ox,O2,data\substituted_adsorbates\MAT_125_O2_site0_adsorbed.cif,-639.982951899389,uma-s-1p2,success
MAT_125,Ru0.20Rh0.80Ox,O2,data\substituted_adsorbates\MAT_125_O2_site1_adsorbed.cif,-639.4942242381898,uma-s-1p2,success
MAT_125,Ru0.20Rh0.80Ox,O2,data\substituted_adsorbates\MAT_125_O2_site2_adsorbed.cif,-639.4400514741765,uma-s-1p2,success
MAT_125,Ru0.20Rh0.80Ox,N2O,data\substituted_adsorbates\MAT_125_N2O_site0_adsorbed.cif,-651.3365867953481,uma-s-1p2,success
MAT_125,Ru0.20Rh0.80Ox,N2O,data\substituted_adsorbates\MAT_125_N2O_site1_adsorbed.cif,-651.4047331010172,uma-s-1p2,success
MAT_125,Ru0.20Rh0.80Ox,N2O,data\substituted_adsorbates\MAT_125_N2O_site2_adsorbed.cif,-651.3655269574784,uma-s-1p2,success
MAT_127,Ru0.80Pd0.20Ox,O,data\substituted_adsorbates\MAT_127_O_site0_adsorbed.cif,-648.8926417762764,uma-s-1p2,success
MAT_127,Ru0.80Pd0.20Ox,O,data\substituted_adsorbates\MAT_127_O_site1_adsorbed.cif,-649.8679639779509,uma-s-1p2,success
MAT_127,Ru0.80Pd0.20Ox,O,data\substituted_adsorbates\MAT_127_O_site2_adsorbed.cif,-649.2532910810701,uma-s-1p2,success
MAT_127,Ru0.80Pd0.20Ox,O2,data\substituted_adsorbates\MAT_127_O2_site0_adsorbed.cif,-652.5413931356454,uma-s-1p2,success
MAT_127,Ru0.80Pd0.20Ox,O2,data\substituted_adsorbates\MAT_127_O2_site1_adsorbed.cif,-653.8335148694781,uma-s-1p2,success
MAT_127,Ru0.80Pd0.20Ox,O2,data\substituted_adsorbates\MAT_127_O2_site2_adsorbed.cif,-653.7467319531244,uma-s-1p2,success
MAT_127,Ru0.80Pd0.20Ox,N2O,data\substituted_adsorbates\MAT_127_N2O_site0_adsorbed.cif,-664.5581884085,uma-s-1p2,success
MAT_127,Ru0.80Pd0.20Ox,N2O,data\substituted_adsorbates\MAT_127_N2O_site1_adsorbed.cif,-665.4163136988773,uma-s-1p2,success
MAT_127,Ru0.80Pd0.20Ox,N2O,data\substituted_adsorbates\MAT_127_N2O_site2_adsorbed.cif,-665.1709538423484,uma-s-1p2,success
MAT_128,Ru0.60Pd0.40Ox,O,data\substituted_adsorbates\MAT_128_O_site0_adsorbed.cif,-623.5614487684453,uma-s-1p2,success
MAT_128,Ru0.60Pd0.40Ox,O,data\substituted_adsorbates\MAT_128_O_site1_adsorbed.cif,-624.5417990384339,uma-s-1p2,success
MAT_128,Ru0.60Pd0.40Ox,O,data\substituted_adsorbates\MAT_128_O_site2_adsorbed.cif,-624.0011196598307,uma-s-1p2,success
MAT_128,Ru0.60Pd0.40Ox,O2,data\substituted_adsorbates\MAT_128_O2_site0_adsorbed.cif,-626.9495723456121,uma-s-1p2,success
MAT_128,Ru0.60Pd0.40Ox,O2,data\substituted_adsorbates\MAT_128_O2_site1_adsorbed.cif,-628.4566865773699,uma-s-1p2,success
MAT_128,Ru0.60Pd0.40Ox,O2,data\substituted_adsorbates\MAT_128_O2_site2_adsorbed.cif,-628.2718637141671,uma-s-1p2,success
MAT_128,Ru0.60Pd0.40Ox,N2O,data\substituted_adsorbates\MAT_128_N2O_site0_adsorbed.cif,-638.861648531403,uma-s-1p2,success
MAT_128,Ru0.60Pd0.40Ox,N2O,data\substituted_adsorbates\MAT_128_N2O_site1_adsorbed.cif,-639.7145802328309,uma-s-1p2,success
MAT_128,Ru0.60Pd0.40Ox,N2O,data\substituted_adsorbates\MAT_128_N2O_site2_adsorbed.cif,-639.4074024471819,uma-s-1p2,success
MAT_129,Ru0.40Pd0.60Ox,O,data\substituted_adsorbates\MAT_129_O_site0_adsorbed.cif,-575.4528599647664,uma-s-1p2,success
MAT_129,Ru0.40Pd0.60Ox,O,data\substituted_adsorbates\MAT_129_O_site1_adsorbed.cif,-575.4618592684975,uma-s-1p2,success
MAT_129,Ru0.40Pd0.60Ox,O,data\substituted_adsorbates\MAT_129_O_site2_adsorbed.cif,-575.9981221604993,uma-s-1p2,success
MAT_129,Ru0.40Pd0.60Ox,O2,data\substituted_adsorbates\MAT_129_O2_site0_adsorbed.cif,-579.1484888993115,uma-s-1p2,success
MAT_129,Ru0.40Pd0.60Ox,O2,data\substituted_adsorbates\MAT_129_O2_site1_adsorbed.cif,-579.1893984253409,uma-s-1p2,success
MAT_129,Ru0.40Pd0.60Ox,O2,data\substituted_adsorbates\MAT_129_O2_site2_adsorbed.cif,-580.0609598858584,uma-s-1p2,success
MAT_129,Ru0.40Pd0.60Ox,N2O,data\substituted_adsorbates\MAT_129_N2O_site0_adsorbed.cif,-590.6360045127096,uma-s-1p2,success
MAT_129,Ru0.40Pd0.60Ox,N2O,data\substituted_adsorbates\MAT_129_N2O_site1_adsorbed.cif,-590.650757023967,uma-s-1p2,success
MAT_129,Ru0.40Pd0.60Ox,N2O,data\substituted_adsorbates\MAT_129_N2O_site2_adsorbed.cif,-591.1160163802274,uma-s-1p2,success
MAT_130,Ru0.20Pd0.80Ox,O,data\substituted_adsorbates\MAT_130_O_site0_adsorbed.cif,-551.9852764422188,uma-s-1p2,success
MAT_130,Ru0.20Pd0.80Ox,O,data\substituted_adsorbates\MAT_130_O_site1_adsorbed.cif,-551.984740897962,uma-s-1p2,success
MAT_130,Ru0.20Pd0.80Ox,O,data\substituted_adsorbates\MAT_130_O_site2_adsorbed.cif,-550.7674953008169,uma-s-1p2,success
MAT_130,Ru0.20Pd0.80Ox,O2,data\substituted_adsorbates\MAT_130_O2_site0_adsorbed.cif,-555.8121523971028,uma-s-1p2,success
MAT_130,Ru0.20Pd0.80Ox,O2,data\substituted_adsorbates\MAT_130_O2_site1_adsorbed.cif,-555.8039987191681,uma-s-1p2,success
MAT_130,Ru0.20Pd0.80Ox,O2,data\substituted_adsorbates\MAT_130_O2_site2_adsorbed.cif,-556.017788938409,uma-s-1p2,success
MAT_130,Ru0.20Pd0.80Ox,N2O,data\substituted_adsorbates\MAT_130_N2O_site0_adsorbed.cif,-567.6887292721985,uma-s-1p2,success
MAT_130,Ru0.20Pd0.80Ox,N2O,data\substituted_adsorbates\MAT_130_N2O_site1_adsorbed.cif,-567.6984443988725,uma-s-1p2,success
MAT_130,Ru0.20Pd0.80Ox,N2O,data\substituted_adsorbates\MAT_130_N2O_site2_adsorbed.cif,-567.7476182732173,uma-s-1p2,success
MAT_132,Ru0.80Ag0.20Ox,O,data\substituted_adsorbates\MAT_132_O_site0_adsorbed.cif,-610.0185980965305,uma-s-1p2,success
MAT_132,Ru0.80Ag0.20Ox,O,data\substituted_adsorbates\MAT_132_O_site1_adsorbed.cif,-612.3769218522082,uma-s-1p2,success
MAT_132,Ru0.80Ag0.20Ox,O,data\substituted_adsorbates\MAT_132_O_site2_adsorbed.cif,-611.883541918054,uma-s-1p2,success
MAT_132,Ru0.80Ag0.20Ox,O2,data\substituted_adsorbates\MAT_132_O2_site0_adsorbed.cif,-614.7057819809745,uma-s-1p2,success
MAT_132,Ru0.80Ag0.20Ox,O2,data\substituted_adsorbates\MAT_132_O2_site1_adsorbed.cif,-616.3838861107096,uma-s-1p2,success
MAT_132,Ru0.80Ag0.20Ox,O2,data\substituted_adsorbates\MAT_132_O2_site2_adsorbed.cif,-616.3416205138113,uma-s-1p2,success
MAT_132,Ru0.80Ag0.20Ox,N2O,data\substituted_adsorbates\MAT_132_N2O_site0_adsorbed.cif,-626.6066081553431,uma-s-1p2,success
MAT_132,Ru0.80Ag0.20Ox,N2O,data\substituted_adsorbates\MAT_132_N2O_site1_adsorbed.cif,-628.050486180329,uma-s-1p2,success
MAT_132,Ru0.80Ag0.20Ox,N2O,data\substituted_adsorbates\MAT_132_N2O_site2_adsorbed.cif,-627.830301648249,uma-s-1p2,success
MAT_133,Ru0.60Ag0.40Ox,O,data\substituted_adsorbates\MAT_133_O_site0_adsorbed.cif,-564.86166718028,uma-s-1p2,success
MAT_133,Ru0.60Ag0.40Ox,O,data\substituted_adsorbates\MAT_133_O_site1_adsorbed.cif,-567.2460072068214,uma-s-1p2,success
MAT_133,Ru0.60Ag0.40Ox,O,data\substituted_adsorbates\MAT_133_O_site2_adsorbed.cif,-566.8475185729387,uma-s-1p2,success
MAT_133,Ru0.60Ag0.40Ox,O2,data\substituted_adsorbates\MAT_133_O2_site0_adsorbed.cif,-569.1382776296912,uma-s-1p2,success
MAT_133,Ru0.60Ag0.40Ox,O2,data\substituted_adsorbates\MAT_133_O2_site1_adsorbed.cif,-571.0908810767589,uma-s-1p2,success
MAT_133,Ru0.60Ag0.40Ox,O2,data\substituted_adsorbates\MAT_133_O2_site2_adsorbed.cif,-570.9611857339503,uma-s-1p2,success
MAT_133,Ru0.60Ag0.40Ox,N2O,data\substituted_adsorbates\MAT_133_N2O_site0_adsorbed.cif,-580.9543590384752,uma-s-1p2,success
MAT_133,Ru0.60Ag0.40Ox,N2O,data\substituted_adsorbates\MAT_133_N2O_site1_adsorbed.cif,-582.4211902564441,uma-s-1p2,success
MAT_133,Ru0.60Ag0.40Ox,N2O,data\substituted_adsorbates\MAT_133_N2O_site2_adsorbed.cif,-582.1000108228518,uma-s-1p2,success
MAT_134,Ru0.40Ag0.60Ox,O,data\substituted_adsorbates\MAT_134_O_site0_adsorbed.cif,-480.1849231165132,uma-s-1p2,success
MAT_134,Ru0.40Ag0.60Ox,O,data\substituted_adsorbates\MAT_134_O_site1_adsorbed.cif,-480.31132639418934,uma-s-1p2,success
MAT_134,Ru0.40Ag0.60Ox,O,data\substituted_adsorbates\MAT_134_O_site2_adsorbed.cif,-482.16111874965577,uma-s-1p2,success
MAT_134,Ru0.40Ag0.60Ox,O2,data\substituted_adsorbates\MAT_134_O2_site0_adsorbed.cif,-484.88371072065627,uma-s-1p2,success
MAT_134,Ru0.40Ag0.60Ox,O2,data\substituted_adsorbates\MAT_134_O2_site1_adsorbed.cif,-484.9432479360488,uma-s-1p2,success
MAT_134,Ru0.40Ag0.60Ox,O2,data\substituted_adsorbates\MAT_134_O2_site2_adsorbed.cif,-486.3972062044783,uma-s-1p2,success
MAT_134,Ru0.40Ag0.60Ox,N2O,data\substituted_adsorbates\MAT_134_N2O_site0_adsorbed.cif,-496.32368179948077,uma-s-1p2,success
MAT_134,Ru0.40Ag0.60Ox,N2O,data\substituted_adsorbates\MAT_134_N2O_site1_adsorbed.cif,-496.3366818672283,uma-s-1p2,success
MAT_134,Ru0.40Ag0.60Ox,N2O,data\substituted_adsorbates\MAT_134_N2O_site2_adsorbed.cif,-497.52689283553036,uma-s-1p2,success
MAT_135,Ru0.20Ag0.80Ox,O,data\substituted_adsorbates\MAT_135_O_site0_adsorbed.cif,-440.76267759073755,uma-s-1p2,success
MAT_135,Ru0.20Ag0.80Ox,O,data\substituted_adsorbates\MAT_135_O_site1_adsorbed.cif,-440.87532563042095,uma-s-1p2,success
MAT_135,Ru0.20Ag0.80Ox,O,data\substituted_adsorbates\MAT_135_O_site2_adsorbed.cif,-440.5813833539186,uma-s-1p2,success
MAT_135,Ru0.20Ag0.80Ox,O2,data\substituted_adsorbates\MAT_135_O2_site0_adsorbed.cif,-445.7067622772018,uma-s-1p2,success
MAT_135,Ru0.20Ag0.80Ox,O2,data\substituted_adsorbates\MAT_135_O2_site1_adsorbed.cif,-445.7533733050875,uma-s-1p2,success
MAT_135,Ru0.20Ag0.80Ox,O2,data\substituted_adsorbates\MAT_135_O2_site2_adsorbed.cif,-446.0362487234737,uma-s-1p2,success
MAT_135,Ru0.20Ag0.80Ox,N2O,data\substituted_adsorbates\MAT_135_N2O_site0_adsorbed.cif,-457.3389843405066,uma-s-1p2,success
MAT_135,Ru0.20Ag0.80Ox,N2O,data\substituted_adsorbates\MAT_135_N2O_site1_adsorbed.cif,-457.3558506025467,uma-s-1p2,success
MAT_135,Ru0.20Ag0.80Ox,N2O,data\substituted_adsorbates\MAT_135_N2O_site2_adsorbed.cif,-457.70829981053754,uma-s-1p2,success
MAT_137,Ru0.80Cd0.20Ox,O,data\substituted_adsorbates\MAT_137_O_site0_adsorbed.cif,-595.8157469526807,uma-s-1p2,success
MAT_137,Ru0.80Cd0.20Ox,O,data\substituted_adsorbates\MAT_137_O_site1_adsorbed.cif,-598.9311810798677,uma-s-1p2,success
MAT_137,Ru0.80Cd0.20Ox,O,data\substituted_adsorbates\MAT_137_O_site2_adsorbed.cif,-598.4770341182083,uma-s-1p2,success
MAT_137,Ru0.80Cd0.20Ox,O2,data\substituted_adsorbates\MAT_137_O2_site0_adsorbed.cif,-601.1858369106994,uma-s-1p2,success
MAT_137,Ru0.80Cd0.20Ox,O2,data\substituted_adsorbates\MAT_137_O2_site1_adsorbed.cif,-602.9723625034303,uma-s-1p2,success
MAT_137,Ru0.80Cd0.20Ox,O2,data\substituted_adsorbates\MAT_137_O2_site2_adsorbed.cif,-602.9146774883701,uma-s-1p2,success
MAT_137,Ru0.80Cd0.20Ox,N2O,data\substituted_adsorbates\MAT_137_N2O_site0_adsorbed.cif,-612.8975557828211,uma-s-1p2,success
MAT_137,Ru0.80Cd0.20Ox,N2O,data\substituted_adsorbates\MAT_137_N2O_site1_adsorbed.cif,-614.5612317684514,uma-s-1p2,success
MAT_137,Ru0.80Cd0.20Ox,N2O,data\substituted_adsorbates\MAT_137_N2O_site2_adsorbed.cif,-614.3539284573181,uma-s-1p2,success
MAT_138,Ru0.60Cd0.40Ox,O,data\substituted_adsorbates\MAT_138_O_site0_adsorbed.cif,-543.8634821898686,uma-s-1p2,success
MAT_138,Ru0.60Cd0.40Ox,O,data\substituted_adsorbates\MAT_138_O_site1_adsorbed.cif,-546.9160201178703,uma-s-1p2,success
MAT_138,Ru0.60Cd0.40Ox,O,data\substituted_adsorbates\MAT_138_O_site2_adsorbed.cif,-546.5234979783396,uma-s-1p2,success
MAT_138,Ru0.60Cd0.40Ox,O2,data\substituted_adsorbates\MAT_138_O2_site0_adsorbed.cif,-548.7554245141124,uma-s-1p2,success
MAT_138,Ru0.60Cd0.40Ox,O2,data\substituted_adsorbates\MAT_138_O2_site1_adsorbed.cif,-550.6633004169945,uma-s-1p2,success
MAT_138,Ru0.60Cd0.40Ox,O2,data\substituted_adsorbates\MAT_138_O2_site2_adsorbed.cif,-550.5714757316365,uma-s-1p2,success
MAT_138,Ru0.60Cd0.40Ox,N2O,data\substituted_adsorbates\MAT_138_N2O_site0_adsorbed.cif,-560.3983007550465,uma-s-1p2,success
MAT_138,Ru0.60Cd0.40Ox,N2O,data\substituted_adsorbates\MAT_138_N2O_site1_adsorbed.cif,-562.0572692525154,uma-s-1p2,success
MAT_138,Ru0.60Cd0.40Ox,N2O,data\substituted_adsorbates\MAT_138_N2O_site2_adsorbed.cif,-561.6529868664622,uma-s-1p2,success
MAT_139,Ru0.40Cd0.60Ox,O,data\substituted_adsorbates\MAT_139_O_site0_adsorbed.cif,-441.69777063894423,uma-s-1p2,success
MAT_139,Ru0.40Cd0.60Ox,O,data\substituted_adsorbates\MAT_139_O_site1_adsorbed.cif,-441.1898109182165,uma-s-1p2,success
MAT_139,Ru0.40Cd0.60Ox,O,data\substituted_adsorbates\MAT_139_O_site2_adsorbed.cif,-443.9835357393051,uma-s-1p2,success
MAT_139,Ru0.40Cd0.60Ox,O2,data\substituted_adsorbates\MAT_139_O2_site0_adsorbed.cif,-446.5181081168771,uma-s-1p2,success
MAT_139,Ru0.40Cd0.60Ox,O2,data\substituted_adsorbates\MAT_139_O2_site1_adsorbed.cif,-446.4685468037112,uma-s-1p2,success
MAT_139,Ru0.40Cd0.60Ox,O2,data\substituted_adsorbates\MAT_139_O2_site2_adsorbed.cif,-447.96760446470694,uma-s-1p2,success
MAT_139,Ru0.40Cd0.60Ox,N2O,data\substituted_adsorbates\MAT_139_N2O_site0_adsorbed.cif,-457.82886123483297,uma-s-1p2,success
MAT_139,Ru0.40Cd0.60Ox,N2O,data\substituted_adsorbates\MAT_139_N2O_site1_adsorbed.cif,-457.7993701304797,uma-s-1p2,success
MAT_139,Ru0.40Cd0.60Ox,N2O,data\substituted_adsorbates\MAT_139_N2O_site2_adsorbed.cif,-459.02068522006243,uma-s-1p2,success
MAT_140,Ru0.20Cd0.80Ox,O,data\substituted_adsorbates\MAT_140_O_site0_adsorbed.cif,-393.59162564792007,uma-s-1p2,success
MAT_140,Ru0.20Cd0.80Ox,O,data\substituted_adsorbates\MAT_140_O_site1_adsorbed.cif,-393.36125187929406,uma-s-1p2,success
MAT_140,Ru0.20Cd0.80Ox,O,data\substituted_adsorbates\MAT_140_O_site2_adsorbed.cif,-393.68750234302524,uma-s-1p2,success
MAT_140,Ru0.20Cd0.80Ox,O2,data\substituted_adsorbates\MAT_140_O2_site0_adsorbed.cif,-399.1372757352084,uma-s-1p2,success
MAT_140,Ru0.20Cd0.80Ox,O2,data\substituted_adsorbates\MAT_140_O2_site1_adsorbed.cif,-399.1105106307624,uma-s-1p2,success
MAT_140,Ru0.20Cd0.80Ox,O2,data\substituted_adsorbates\MAT_140_O2_site2_adsorbed.cif,-399.24158399654027,uma-s-1p2,success
MAT_140,Ru0.20Cd0.80Ox,N2O,data\substituted_adsorbates\MAT_140_N2O_site0_adsorbed.cif,-410.35951874496493,uma-s-1p2,success
MAT_140,Ru0.20Cd0.80Ox,N2O,data\substituted_adsorbates\MAT_140_N2O_site1_adsorbed.cif,-410.31195988728336,uma-s-1p2,success
MAT_140,Ru0.20Cd0.80Ox,N2O,data\substituted_adsorbates\MAT_140_N2O_site2_adsorbed.cif,-410.48146227675414,uma-s-1p2,success
MAT_142,Ru0.80In0.20Ox,O,data\substituted_adsorbates\MAT_142_O_site0_adsorbed.cif,-631.521537348239,uma-s-1p2,success
MAT_142,Ru0.80In0.20Ox,O,data\substituted_adsorbates\MAT_142_O_site1_adsorbed.cif,-633.9109104974267,uma-s-1p2,success
MAT_142,Ru0.80In0.20Ox,O,data\substituted_adsorbates\MAT_142_O_site2_adsorbed.cif,-633.5262871544993,uma-s-1p2,success
MAT_142,Ru0.80In0.20Ox,O2,data\substituted_adsorbates\MAT_142_O2_site0_adsorbed.cif,-636.5209387076111,uma-s-1p2,success
MAT_142,Ru0.80In0.20Ox,O2,data\substituted_adsorbates\MAT_142_O2_site1_adsorbed.cif,-637.864735272923,uma-s-1p2,success
MAT_142,Ru0.80In0.20Ox,O2,data\substituted_adsorbates\MAT_142_O2_site2_adsorbed.cif,-637.9336467700136,uma-s-1p2,success
MAT_142,Ru0.80In0.20Ox,N2O,data\substituted_adsorbates\MAT_142_N2O_site0_adsorbed.cif,-648.0011485060757,uma-s-1p2,success
MAT_142,Ru0.80In0.20Ox,N2O,data\substituted_adsorbates\MAT_142_N2O_site1_adsorbed.cif,-649.4609558993612,uma-s-1p2,success
MAT_142,Ru0.80In0.20Ox,N2O,data\substituted_adsorbates\MAT_142_N2O_site2_adsorbed.cif,-649.2918031337066,uma-s-1p2,success
MAT_143,Ru0.60In0.40Ox,O,data\substituted_adsorbates\MAT_143_O_site0_adsorbed.cif,-597.4176739355737,uma-s-1p2,success
MAT_143,Ru0.60In0.40Ox,O,data\substituted_adsorbates\MAT_143_O_site1_adsorbed.cif,-599.8330666476902,uma-s-1p2,success
MAT_143,Ru0.60In0.40Ox,O,data\substituted_adsorbates\MAT_143_O_site2_adsorbed.cif,-599.530913305834,uma-s-1p2,success
MAT_143,Ru0.60In0.40Ox,O2,data\substituted_adsorbates\MAT_143_O2_site0_adsorbed.cif,-602.0068651169281,uma-s-1p2,success
MAT_143,Ru0.60In0.40Ox,O2,data\substituted_adsorbates\MAT_143_O2_site1_adsorbed.cif,-603.4253063595024,uma-s-1p2,success
MAT_143,Ru0.60In0.40Ox,O2,data\substituted_adsorbates\MAT_143_O2_site2_adsorbed.cif,-603.5568959895841,uma-s-1p2,success
MAT_143,Ru0.60In0.40Ox,N2O,data\substituted_adsorbates\MAT_143_N2O_site0_adsorbed.cif,-613.4410728120706,uma-s-1p2,success
MAT_143,Ru0.60In0.40Ox,N2O,data\substituted_adsorbates\MAT_143_N2O_site1_adsorbed.cif,-614.8908127577223,uma-s-1p2,success
MAT_143,Ru0.60In0.40Ox,N2O,data\substituted_adsorbates\MAT_143_N2O_site2_adsorbed.cif,-614.5644337959652,uma-s-1p2,success
MAT_144,Ru0.40In0.60Ox,O,data\substituted_adsorbates\MAT_144_O_site0_adsorbed.cif,-530.9824177495723,uma-s-1p2,success
MAT_144,Ru0.40In0.60Ox,O,data\substituted_adsorbates\MAT_144_O_site1_adsorbed.cif,-530.8580491231276,uma-s-1p2,success
MAT_144,Ru0.40In0.60Ox,O,data\substituted_adsorbates\MAT_144_O_site2_adsorbed.cif,-533.0317228552711,uma-s-1p2,success
MAT_144,Ru0.40In0.60Ox,O2,data\substituted_adsorbates\MAT_144_O2_site0_adsorbed.cif,-535.115087805384,uma-s-1p2,success
MAT_144,Ru0.40In0.60Ox,O2,data\substituted_adsorbates\MAT_144_O2_site1_adsorbed.cif,-535.0775940381477,uma-s-1p2,success
MAT_144,Ru0.40In0.60Ox,O2,data\substituted_adsorbates\MAT_144_O2_site2_adsorbed.cif,-536.4724352106888,uma-s-1p2,success
MAT_144,Ru0.40In0.60Ox,N2O,data\substituted_adsorbates\MAT_144_N2O_site0_adsorbed.cif,-546.2638420826829,uma-s-1p2,success
MAT_144,Ru0.40In0.60Ox,N2O,data\substituted_adsorbates\MAT_144_N2O_site1_adsorbed.cif,-546.2938906284005,uma-s-1p2,success
MAT_144,Ru0.40In0.60Ox,N2O,data\substituted_adsorbates\MAT_144_N2O_site2_adsorbed.cif,-547.2956747670681,uma-s-1p2,success
MAT_145,Ru0.20In0.80Ox,O,data\substituted_adsorbates\MAT_145_O_site0_adsorbed.cif,-500.032007019508,uma-s-1p2,success
MAT_145,Ru0.20In0.80Ox,O,data\substituted_adsorbates\MAT_145_O_site1_adsorbed.cif,-499.7001367081343,uma-s-1p2,success
MAT_145,Ru0.20In0.80Ox,O,data\substituted_adsorbates\MAT_145_O_site2_adsorbed.cif,-500.0269316549416,uma-s-1p2,success
MAT_145,Ru0.20In0.80Ox,O2,data\substituted_adsorbates\MAT_145_O2_site0_adsorbed.cif,-504.92903941637525,uma-s-1p2,success
MAT_145,Ru0.20In0.80Ox,O2,data\substituted_adsorbates\MAT_145_O2_site1_adsorbed.cif,-504.96191855318415,uma-s-1p2,success
MAT_145,Ru0.20In0.80Ox,O2,data\substituted_adsorbates\MAT_145_O2_site2_adsorbed.cif,-505.13541361524017,uma-s-1p2,success
MAT_145,Ru0.20In0.80Ox,N2O,data\substituted_adsorbates\MAT_145_N2O_site0_adsorbed.cif,-516.222262624956,uma-s-1p2,success
MAT_145,Ru0.20In0.80Ox,N2O,data\substituted_adsorbates\MAT_145_N2O_site1_adsorbed.cif,-516.2399162479891,uma-s-1p2,success
MAT_145,Ru0.20In0.80Ox,N2O,data\substituted_adsorbates\MAT_145_N2O_site2_adsorbed.cif,-516.2891550437581,uma-s-1p2,success
MAT_147,Ru0.80Sn0.20Ox,O,data\substituted_adsorbates\MAT_147_O_site0_adsorbed.cif,-654.3856113319634,uma-s-1p2,success
MAT_147,Ru0.80Sn0.20Ox,O,data\substituted_adsorbates\MAT_147_O_site1_adsorbed.cif,-654.9235722996568,uma-s-1p2,success
MAT_147,Ru0.80Sn0.20Ox,O,data\substituted_adsorbates\MAT_147_O_site2_adsorbed.cif,-654.808256249906,uma-s-1p2,success
MAT_147,Ru0.80Sn0.20Ox,O2,data\substituted_adsorbates\MAT_147_O2_site0_adsorbed.cif,-658.1399716433488,uma-s-1p2,success
MAT_147,Ru0.80Sn0.20Ox,O2,data\substituted_adsorbates\MAT_147_O2_site1_adsorbed.cif,-659.0020684866013,uma-s-1p2,success
MAT_147,Ru0.80Sn0.20Ox,O2,data\substituted_adsorbates\MAT_147_O2_site2_adsorbed.cif,-659.1682631930025,uma-s-1p2,success
MAT_147,Ru0.80Sn0.20Ox,N2O,data\substituted_adsorbates\MAT_147_N2O_site0_adsorbed.cif,-669.2761140841164,uma-s-1p2,success
MAT_147,Ru0.80Sn0.20Ox,N2O,data\substituted_adsorbates\MAT_147_N2O_site1_adsorbed.cif,-670.6179168278035,uma-s-1p2,success
MAT_147,Ru0.80Sn0.20Ox,N2O,data\substituted_adsorbates\MAT_147_N2O_site2_adsorbed.cif,-670.5382709086834,uma-s-1p2,success
MAT_148,Ru0.60Sn0.40Ox,O,data\substituted_adsorbates\MAT_148_O_site0_adsorbed.cif,-632.088592289484,uma-s-1p2,success
MAT_148,Ru0.60Sn0.40Ox,O,data\substituted_adsorbates\MAT_148_O_site1_adsorbed.cif,-632.6357856326207,uma-s-1p2,success
MAT_148,Ru0.60Sn0.40Ox,O,data\substituted_adsorbates\MAT_148_O_site2_adsorbed.cif,-632.6402633236372,uma-s-1p2,success
MAT_148,Ru0.60Sn0.40Ox,O2,data\substituted_adsorbates\MAT_148_O2_site0_adsorbed.cif,-635.5684902136584,uma-s-1p2,success
MAT_148,Ru0.60Sn0.40Ox,O2,data\substituted_adsorbates\MAT_148_O2_site1_adsorbed.cif,-636.4569214907465,uma-s-1p2,success
MAT_148,Ru0.60Sn0.40Ox,O2,data\substituted_adsorbates\MAT_148_O2_site2_adsorbed.cif,-636.7679841882156,uma-s-1p2,success
MAT_148,Ru0.60Sn0.40Ox,N2O,data\substituted_adsorbates\MAT_148_N2O_site0_adsorbed.cif,-646.6963283863838,uma-s-1p2,success
MAT_148,Ru0.60Sn0.40Ox,N2O,data\substituted_adsorbates\MAT_148_N2O_site1_adsorbed.cif,-648.0204063264405,uma-s-1p2,success
MAT_148,Ru0.60Sn0.40Ox,N2O,data\substituted_adsorbates\MAT_148_N2O_site2_adsorbed.cif,-647.9415812688881,uma-s-1p2,success
MAT_149,Ru0.40Sn0.60Ox,O,data\substituted_adsorbates\MAT_149_O_site0_adsorbed.cif,-594.8843469450097,uma-s-1p2,success
MAT_149,Ru0.40Sn0.60Ox,O,data\substituted_adsorbates\MAT_149_O_site1_adsorbed.cif,-594.8315748209781,uma-s-1p2,success
MAT_149,Ru0.40Sn0.60Ox,O,data\substituted_adsorbates\MAT_149_O_site2_adsorbed.cif,-595.6682138895919,uma-s-1p2,success
MAT_149,Ru0.40Sn0.60Ox,O2,data\substituted_adsorbates\MAT_149_O2_site0_adsorbed.cif,-597.9951294327295,uma-s-1p2,success
MAT_149,Ru0.40Sn0.60Ox,O2,data\substituted_adsorbates\MAT_149_O2_site1_adsorbed.cif,-597.9976324420929,uma-s-1p2,success
MAT_149,Ru0.40Sn0.60Ox,O2,data\substituted_adsorbates\MAT_149_O2_site2_adsorbed.cif,-599.3205642535481,uma-s-1p2,success
MAT_149,Ru0.40Sn0.60Ox,N2O,data\substituted_adsorbates\MAT_149_N2O_site0_adsorbed.cif,-609.051494369259,uma-s-1p2,success
MAT_149,Ru0.40Sn0.60Ox,N2O,data\substituted_adsorbates\MAT_149_N2O_site1_adsorbed.cif,-609.0885235528647,uma-s-1p2,success
MAT_149,Ru0.40Sn0.60Ox,N2O,data\substituted_adsorbates\MAT_149_N2O_site2_adsorbed.cif,-610.3715163650883,uma-s-1p2,success
MAT_150,Ru0.20Sn0.80Ox,O,data\substituted_adsorbates\MAT_150_O_site0_adsorbed.cif,-579.3344562036953,uma-s-1p2,success
MAT_150,Ru0.20Sn0.80Ox,O,data\substituted_adsorbates\MAT_150_O_site1_adsorbed.cif,-579.0842922342687,uma-s-1p2,success
MAT_150,Ru0.20Sn0.80Ox,O,data\substituted_adsorbates\MAT_150_O_site2_adsorbed.cif,-578.8400136024147,uma-s-1p2,success
MAT_150,Ru0.20Sn0.80Ox,O2,data\substituted_adsorbates\MAT_150_O2_site0_adsorbed.cif,-582.453952445366,uma-s-1p2,success
MAT_150,Ru0.20Sn0.80Ox,O2,data\substituted_adsorbates\MAT_150_O2_site1_adsorbed.cif,-582.4521004450071,uma-s-1p2,success
MAT_150,Ru0.20Sn0.80Ox,O2,data\substituted_adsorbates\MAT_150_O2_site2_adsorbed.cif,-581.8604974181967,uma-s-1p2,success
MAT_150,Ru0.20Sn0.80Ox,N2O,data\substituted_adsorbates\MAT_150_N2O_site0_adsorbed.cif,-593.4181469672066,uma-s-1p2,success
MAT_150,Ru0.20Sn0.80Ox,N2O,data\substituted_adsorbates\MAT_150_N2O_site1_adsorbed.cif,-593.4368517513859,uma-s-1p2,success
MAT_150,Ru0.20Sn0.80Ox,N2O,data\substituted_adsorbates\MAT_150_N2O_site2_adsorbed.cif,-592.6323355144855,uma-s-1p2,success
MAT_152,Ru0.80Ba0.20Ox,O,data\substituted_adsorbates\MAT_152_O_site0_adsorbed.cif,-566.8872732994785,uma-s-1p2,success
MAT_152,Ru0.80Ba0.20Ox,O,data\substituted_adsorbates\MAT_152_O_site1_adsorbed.cif,-568.8720952981156,uma-s-1p2,success
MAT_152,Ru0.80Ba0.20Ox,O,data\substituted_adsorbates\MAT_152_O_site2_adsorbed.cif,-568.9369489662279,uma-s-1p2,success
MAT_152,Ru0.80Ba0.20Ox,O2,data\substituted_adsorbates\MAT_152_O2_site0_adsorbed.cif,-570.9428463494696,uma-s-1p2,success
MAT_152,Ru0.80Ba0.20Ox,O2,data\substituted_adsorbates\MAT_152_O2_site1_adsorbed.cif,-573.3171027505142,uma-s-1p2,success
MAT_152,Ru0.80Ba0.20Ox,O2,data\substituted_adsorbates\MAT_152_O2_site2_adsorbed.cif,-573.4339766269829,uma-s-1p2,success
MAT_152,Ru0.80Ba0.20Ox,N2O,data\substituted_adsorbates\MAT_152_N2O_site0_adsorbed.cif,-581.3273246043107,uma-s-1p2,success
MAT_152,Ru0.80Ba0.20Ox,N2O,data\substituted_adsorbates\MAT_152_N2O_site1_adsorbed.cif,-584.7094124601986,uma-s-1p2,success
MAT_152,Ru0.80Ba0.20Ox,N2O,data\substituted_adsorbates\MAT_152_N2O_site2_adsorbed.cif,-584.5224833377235,uma-s-1p2,success
MAT_153,Ru0.60Ba0.40Ox,O,data\substituted_adsorbates\MAT_153_O_site0_adsorbed.cif,-496.313265514821,uma-s-1p2,success
MAT_153,Ru0.60Ba0.40Ox,O,data\substituted_adsorbates\MAT_153_O_site1_adsorbed.cif,-498.4505317312393,uma-s-1p2,success
MAT_153,Ru0.60Ba0.40Ox,O,data\substituted_adsorbates\MAT_153_O_site2_adsorbed.cif,-498.70538152668854,uma-s-1p2,success
MAT_153,Ru0.60Ba0.40Ox,O2,data\substituted_adsorbates\MAT_153_O2_site0_adsorbed.cif,-500.51625802134254,uma-s-1p2,success
MAT_153,Ru0.60Ba0.40Ox,O2,data\substituted_adsorbates\MAT_153_O2_site1_adsorbed.cif,-503.0636430028537,uma-s-1p2,success
MAT_153,Ru0.60Ba0.40Ox,O2,data\substituted_adsorbates\MAT_153_O2_site2_adsorbed.cif,-503.02146535433786,uma-s-1p2,success
MAT_153,Ru0.60Ba0.40Ox,N2O,data\substituted_adsorbates\MAT_153_N2O_site0_adsorbed.cif,-510.8050391173624,uma-s-1p2,success
MAT_153,Ru0.60Ba0.40Ox,N2O,data\substituted_adsorbates\MAT_153_N2O_site1_adsorbed.cif,-514.357760938245,uma-s-1p2,success
MAT_153,Ru0.60Ba0.40Ox,N2O,data\substituted_adsorbates\MAT_153_N2O_site2_adsorbed.cif,-513.9820517277993,uma-s-1p2,success
MAT_154,Ru0.40Ba0.60Ox,O,data\substituted_adsorbates\MAT_154_O_site0_adsorbed.cif,-367.4598707795087,uma-s-1p2,success
MAT_154,Ru0.40Ba0.60Ox,O,data\substituted_adsorbates\MAT_154_O_site1_adsorbed.cif,-367.2130595422009,uma-s-1p2,success
MAT_154,Ru0.40Ba0.60Ox,O,data\substituted_adsorbates\MAT_154_O_site2_adsorbed.cif,-369.79356330886446,uma-s-1p2,success
MAT_154,Ru0.40Ba0.60Ox,O2,data\substituted_adsorbates\MAT_154_O2_site0_adsorbed.cif,-371.6610570246295,uma-s-1p2,success
MAT_154,Ru0.40Ba0.60Ox,O2,data\substituted_adsorbates\MAT_154_O2_site1_adsorbed.cif,-371.60657654126464,uma-s-1p2,success
MAT_154,Ru0.40Ba0.60Ox,O2,data\substituted_adsorbates\MAT_154_O2_site2_adsorbed.cif,-374.08167679127484,uma-s-1p2,success
MAT_154,Ru0.40Ba0.60Ox,N2O,data\substituted_adsorbates\MAT_154_N2O_site0_adsorbed.cif,-381.44933659472656,uma-s-1p2,success
MAT_154,Ru0.40Ba0.60Ox,N2O,data\substituted_adsorbates\MAT_154_N2O_site1_adsorbed.cif,-381.40529134291296,uma-s-1p2,success
MAT_154,Ru0.40Ba0.60Ox,N2O,data\substituted_adsorbates\MAT_154_N2O_site2_adsorbed.cif,-384.7436722522986,uma-s-1p2,success
MAT_155,Ru0.20Ba0.80Ox,O,data\substituted_adsorbates\MAT_155_O_site0_adsorbed.cif,-316.46297004406404,uma-s-1p2,success
MAT_155,Ru0.20Ba0.80Ox,O,data\substituted_adsorbates\MAT_155_O_site1_adsorbed.cif,-316.1856892316547,uma-s-1p2,success
MAT_155,Ru0.20Ba0.80Ox,O,data\substituted_adsorbates\MAT_155_O_site2_adsorbed.cif,-316.42285054367574,uma-s-1p2,success
MAT_155,Ru0.20Ba0.80Ox,O2,data\substituted_adsorbates\MAT_155_O2_site0_adsorbed.cif,-320.3106285886581,uma-s-1p2,success
MAT_155,Ru0.20Ba0.80Ox,O2,data\substituted_adsorbates\MAT_155_O2_site1_adsorbed.cif,-320.19571672801567,uma-s-1p2,success
MAT_155,Ru0.20Ba0.80Ox,O2,data\substituted_adsorbates\MAT_155_O2_site2_adsorbed.cif,-320.4091336565666,uma-s-1p2,success
MAT_155,Ru0.20Ba0.80Ox,N2O,data\substituted_adsorbates\MAT_155_N2O_site0_adsorbed.cif,-329.6588990020531,uma-s-1p2,success
MAT_155,Ru0.20Ba0.80Ox,N2O,data\substituted_adsorbates\MAT_155_N2O_site1_adsorbed.cif,-329.56026475120916,uma-s-1p2,success
MAT_155,Ru0.20Ba0.80Ox,N2O,data\substituted_adsorbates\MAT_155_N2O_site2_adsorbed.cif,-329.54550378106916,uma-s-1p2,success
MAT_157,Ru0.80La0.20Ox,O,data\substituted_adsorbates\MAT_157_O_site0_adsorbed.cif,-521.161582805265,uma-s-1p2,success
MAT_157,Ru0.80La0.20Ox,O,data\substituted_adsorbates\MAT_157_O_site1_adsorbed.cif,-523.2565397405555,uma-s-1p2,success
MAT_157,Ru0.80La0.20Ox,O,data\substituted_adsorbates\MAT_157_O_site2_adsorbed.cif,-523.1508906363431,uma-s-1p2,success
MAT_157,Ru0.80La0.20Ox,O2,data\substituted_adsorbates\MAT_157_O2_site0_adsorbed.cif,-525.5904578436854,uma-s-1p2,success
MAT_157,Ru0.80La0.20Ox,O2,data\substituted_adsorbates\MAT_157_O2_site1_adsorbed.cif,-527.4378644043048,uma-s-1p2,success
MAT_157,Ru0.80La0.20Ox,O2,data\substituted_adsorbates\MAT_157_O2_site2_adsorbed.cif,-527.628529538269,uma-s-1p2,success
MAT_157,Ru0.80La0.20Ox,N2O,data\substituted_adsorbates\MAT_157_N2O_site0_adsorbed.cif,-535.8210304587926,uma-s-1p2,success
MAT_157,Ru0.80La0.20Ox,N2O,data\substituted_adsorbates\MAT_157_N2O_site1_adsorbed.cif,-538.9949689403086,uma-s-1p2,success
MAT_157,Ru0.80La0.20Ox,N2O,data\substituted_adsorbates\MAT_157_N2O_site2_adsorbed.cif,-538.8958569975656,uma-s-1p2,success
MAT_158,Ru0.60La0.40Ox,O,data\substituted_adsorbates\MAT_158_O_site0_adsorbed.cif,-430.0841450124983,uma-s-1p2,success
MAT_158,Ru0.60La0.40Ox,O,data\substituted_adsorbates\MAT_158_O_site1_adsorbed.cif,-431.9732262730711,uma-s-1p2,success
MAT_158,Ru0.60La0.40Ox,O,data\substituted_adsorbates\MAT_158_O_site2_adsorbed.cif,-432.1198261878592,uma-s-1p2,success
MAT_158,Ru0.60La0.40Ox,O2,data\substituted_adsorbates\MAT_158_O2_site0_adsorbed.cif,-434.43600049486747,uma-s-1p2,success
MAT_158,Ru0.60La0.40Ox,O2,data\substituted_adsorbates\MAT_158_O2_site1_adsorbed.cif,-436.3030168001249,uma-s-1p2,success
MAT_158,Ru0.60La0.40Ox,O2,data\substituted_adsorbates\MAT_158_O2_site2_adsorbed.cif,-436.43389794129473,uma-s-1p2,success
MAT_158,Ru0.60La0.40Ox,N2O,data\substituted_adsorbates\MAT_158_N2O_site0_adsorbed.cif,-444.7464063043566,uma-s-1p2,success
MAT_158,Ru0.60La0.40Ox,N2O,data\substituted_adsorbates\MAT_158_N2O_site1_adsorbed.cif,-447.9568353056334,uma-s-1p2,success
MAT_158,Ru0.60La0.40Ox,N2O,data\substituted_adsorbates\MAT_158_N2O_site2_adsorbed.cif,-447.6851658019946,uma-s-1p2,success
MAT_159,Ru0.40La0.60Ox,O,data\substituted_adsorbates\MAT_159_O_site0_adsorbed.cif,-252.3353218665804,uma-s-1p2,success
MAT_159,Ru0.40La0.60Ox,O,data\substituted_adsorbates\MAT_159_O_site1_adsorbed.cif,-252.3753354609584,uma-s-1p2,success
MAT_159,Ru0.40La0.60Ox,O,data\substituted_adsorbates\MAT_159_O_site2_adsorbed.cif,-254.99890937824222,uma-s-1p2,success
MAT_159,Ru0.40La0.60Ox,O2,data\substituted_adsorbates\MAT_159_O2_site0_adsorbed.cif,-257.11519718938814,uma-s-1p2,success
MAT_159,Ru0.40La0.60Ox,O2,data\substituted_adsorbates\MAT_159_O2_site1_adsorbed.cif,-257.25292051673495,uma-s-1p2,success
MAT_159,Ru0.40La0.60Ox,O2,data\substituted_adsorbates\MAT_159_O2_site2_adsorbed.cif,-259.3186945169644,uma-s-1p2,success
MAT_159,Ru0.40La0.60Ox,N2O,data\substituted_adsorbates\MAT_159_N2O_site0_adsorbed.cif,-267.5309616914517,uma-s-1p2,success
MAT_159,Ru0.40La0.60Ox,N2O,data\substituted_adsorbates\MAT_159_N2O_site1_adsorbed.cif,-267.6170052054773,uma-s-1p2,success
MAT_159,Ru0.40La0.60Ox,N2O,data\substituted_adsorbates\MAT_159_N2O_site2_adsorbed.cif,-270.73347095389164,uma-s-1p2,success
MAT_160,Ru0.20La0.80Ox,O,data\substituted_adsorbates\MAT_160_O_site0_adsorbed.cif,-170.8877618737941,uma-s-1p2,success
MAT_160,Ru0.20La0.80Ox,O,data\substituted_adsorbates\MAT_160_O_site1_adsorbed.cif,-171.0367902677907,uma-s-1p2,success
MAT_160,Ru0.20La0.80Ox,O,data\substituted_adsorbates\MAT_160_O_site2_adsorbed.cif,-171.73443907141473,uma-s-1p2,success
MAT_160,Ru0.20La0.80Ox,O2,data\substituted_adsorbates\MAT_160_O2_site0_adsorbed.cif,-175.38259468947865,uma-s-1p2,success
MAT_160,Ru0.20La0.80Ox,O2,data\substituted_adsorbates\MAT_160_O2_site1_adsorbed.cif,-175.57954555312523,uma-s-1p2,success
MAT_160,Ru0.20La0.80Ox,O2,data\substituted_adsorbates\MAT_160_O2_site2_adsorbed.cif,-176.05773222674316,uma-s-1p2,success
MAT_160,Ru0.20La0.80Ox,N2O,data\substituted_adsorbates\MAT_160_N2O_site0_adsorbed.cif,-185.51736877415559,uma-s-1p2,success
MAT_160,Ru0.20La0.80Ox,N2O,data\substituted_adsorbates\MAT_160_N2O_site1_adsorbed.cif,-185.63795612509043,uma-s-1p2,success
MAT_160,Ru0.20La0.80Ox,N2O,data\substituted_adsorbates\MAT_160_N2O_site2_adsorbed.cif,-185.9631326456848,uma-s-1p2,success
MAT_162,Ru0.80Ce0.20Ox,O,data\substituted_adsorbates\MAT_162_O_site0_adsorbed.cif,-685.9187097647809,uma-s-1p2,success
MAT_162,Ru0.80Ce0.20Ox,O,data\substituted_adsorbates\MAT_162_O_site1_adsorbed.cif,-687.1081972661498,uma-s-1p2,success
MAT_162,Ru0.80Ce0.20Ox,O,data\substituted_adsorbates\MAT_162_O_site2_adsorbed.cif,-687.1073747298033,uma-s-1p2,success
MAT_162,Ru0.80Ce0.20Ox,O2,data\substituted_adsorbates\MAT_162_O2_site0_adsorbed.cif,-689.9088726351727,uma-s-1p2,success
MAT_162,Ru0.80Ce0.20Ox,O2,data\substituted_adsorbates\MAT_162_O2_site1_adsorbed.cif,-691.1914285226121,uma-s-1p2,success
MAT_162,Ru0.80Ce0.20Ox,O2,data\substituted_adsorbates\MAT_162_O2_site2_adsorbed.cif,-691.4858612543275,uma-s-1p2,success
MAT_162,Ru0.80Ce0.20Ox,N2O,data\substituted_adsorbates\MAT_162_N2O_site0_adsorbed.cif,-700.1022244919805,uma-s-1p2,success
MAT_162,Ru0.80Ce0.20Ox,N2O,data\substituted_adsorbates\MAT_162_N2O_site1_adsorbed.cif,-702.8114564242126,uma-s-1p2,success
MAT_162,Ru0.80Ce0.20Ox,N2O,data\substituted_adsorbates\MAT_162_N2O_site2_adsorbed.cif,-702.8297307377552,uma-s-1p2,success
MAT_163,Ru0.60Ce0.40Ox,O,data\substituted_adsorbates\MAT_163_O_site0_adsorbed.cif,-677.3990439103635,uma-s-1p2,success
MAT_163,Ru0.60Ce0.40Ox,O,data\substituted_adsorbates\MAT_163_O_site1_adsorbed.cif,-678.363917774718,uma-s-1p2,success
MAT_163,Ru0.60Ce0.40Ox,O,data\substituted_adsorbates\MAT_163_O_site2_adsorbed.cif,-678.5534355302459,uma-s-1p2,success
MAT_163,Ru0.60Ce0.40Ox,O2,data\substituted_adsorbates\MAT_163_O2_site0_adsorbed.cif,-681.2265691444804,uma-s-1p2,success
MAT_163,Ru0.60Ce0.40Ox,O2,data\substituted_adsorbates\MAT_163_O2_site1_adsorbed.cif,-682.4625711339875,uma-s-1p2,success
MAT_163,Ru0.60Ce0.40Ox,O2,data\substituted_adsorbates\MAT_163_O2_site2_adsorbed.cif,-682.7693133846689,uma-s-1p2,success
MAT_163,Ru0.60Ce0.40Ox,N2O,data\substituted_adsorbates\MAT_163_N2O_site0_adsorbed.cif,-691.420822857157,uma-s-1p2,success
MAT_163,Ru0.60Ce0.40Ox,N2O,data\substituted_adsorbates\MAT_163_N2O_site1_adsorbed.cif,-694.2469860332798,uma-s-1p2,success
MAT_163,Ru0.60Ce0.40Ox,N2O,data\substituted_adsorbates\MAT_163_N2O_site2_adsorbed.cif,-694.1385849925863,uma-s-1p2,success
MAT_164,Ru0.40Ce0.60Ox,O,data\substituted_adsorbates\MAT_164_O_site0_adsorbed.cif,-661.9956778175783,uma-s-1p2,success
MAT_164,Ru0.40Ce0.60Ox,O,data\substituted_adsorbates\MAT_164_O_site1_adsorbed.cif,-661.9267316450681,uma-s-1p2,success
MAT_164,Ru0.40Ce0.60Ox,O,data\substituted_adsorbates\MAT_164_O_site2_adsorbed.cif,-663.8708847108946,uma-s-1p2,success
MAT_164,Ru0.40Ce0.60Ox,O2,data\substituted_adsorbates\MAT_164_O2_site0_adsorbed.cif,-666.1600896004458,uma-s-1p2,success
MAT_164,Ru0.40Ce0.60Ox,O2,data\substituted_adsorbates\MAT_164_O2_site1_adsorbed.cif,-666.1742025361882,uma-s-1p2,success
MAT_164,Ru0.40Ce0.60Ox,O2,data\substituted_adsorbates\MAT_164_O2_site2_adsorbed.cif,-667.9569422840128,uma-s-1p2,success
MAT_164,Ru0.40Ce0.60Ox,N2O,data\substituted_adsorbates\MAT_164_N2O_site0_adsorbed.cif,-676.3070033565248,uma-s-1p2,success
MAT_164,Ru0.40Ce0.60Ox,N2O,data\substituted_adsorbates\MAT_164_N2O_site1_adsorbed.cif,-676.323514435483,uma-s-1p2,success
MAT_164,Ru0.40Ce0.60Ox,N2O,data\substituted_adsorbates\MAT_164_N2O_site2_adsorbed.cif,-679.4072524670866,uma-s-1p2,success
MAT_165,Ru0.20Ce0.80Ox,O,data\substituted_adsorbates\MAT_165_O_site0_adsorbed.cif,-656.209628096846,uma-s-1p2,success
MAT_165,Ru0.20Ce0.80Ox,O,data\substituted_adsorbates\MAT_165_O_site1_adsorbed.cif,-656.2360816824422,uma-s-1p2,success
MAT_165,Ru0.20Ce0.80Ox,O,data\substituted_adsorbates\MAT_165_O_site2_adsorbed.cif,-658.2700796801436,uma-s-1p2,success
MAT_165,Ru0.20Ce0.80Ox,O2,data\substituted_adsorbates\MAT_165_O2_site0_adsorbed.cif,-659.9907713078267,uma-s-1p2,success
MAT_165,Ru0.20Ce0.80Ox,O2,data\substituted_adsorbates\MAT_165_O2_site1_adsorbed.cif,-659.939415331728,uma-s-1p2,success
MAT_165,Ru0.20Ce0.80Ox,O2,data\substituted_adsorbates\MAT_165_O2_site2_adsorbed.cif,-661.1944763036263,uma-s-1p2,success
MAT_165,Ru0.20Ce0.80Ox,N2O,data\substituted_adsorbates\MAT_165_N2O_site0_adsorbed.cif,-669.4656863170206,uma-s-1p2,success
MAT_165,Ru0.20Ce0.80Ox,N2O,data\substituted_adsorbates\MAT_165_N2O_site1_adsorbed.cif,-669.4456618721628,uma-s-1p2,success
MAT_165,Ru0.20Ce0.80Ox,N2O,data\substituted_adsorbates\MAT_165_N2O_site2_adsorbed.cif,-670.3596360001513,uma-s-1p2,success
MAT_167,Ru0.80Pr0.20Ox,O,data\substituted_adsorbates\MAT_167_O_site0_adsorbed.cif,-597.4283662818315,uma-s-1p2,success
MAT_167,Ru0.80Pr0.20Ox,O,data\substituted_adsorbates\MAT_167_O_site1_adsorbed.cif,-599.6606246202032,uma-s-1p2,success
MAT_167,Ru0.80Pr0.20Ox,O,data\substituted_adsorbates\MAT_167_O_site2_adsorbed.cif,-599.4688274557752,uma-s-1p2,success
MAT_167,Ru0.80Pr0.20Ox,O2,data\substituted_adsorbates\MAT_167_O2_site0_adsorbed.cif,-601.9829432505729,uma-s-1p2,success
MAT_167,Ru0.80Pr0.20Ox,O2,data\substituted_adsorbates\MAT_167_O2_site1_adsorbed.cif,-603.7748073931045,uma-s-1p2,success
MAT_167,Ru0.80Pr0.20Ox,O2,data\substituted_adsorbates\MAT_167_O2_site2_adsorbed.cif,-603.9311336030914,uma-s-1p2,success
MAT_167,Ru0.80Pr0.20Ox,N2O,data\substituted_adsorbates\MAT_167_N2O_site0_adsorbed.cif,-612.4114611879631,uma-s-1p2,success
MAT_167,Ru0.80Pr0.20Ox,N2O,data\substituted_adsorbates\MAT_167_N2O_site1_adsorbed.cif,-615.2945562786274,uma-s-1p2,success
MAT_167,Ru0.80Pr0.20Ox,N2O,data\substituted_adsorbates\MAT_167_N2O_site2_adsorbed.cif,-615.1499549798308,uma-s-1p2,success
MAT_168,Ru0.60Pr0.40Ox,O,data\substituted_adsorbates\MAT_168_O_site0_adsorbed.cif,-544.6452816350454,uma-s-1p2,success
MAT_168,Ru0.60Pr0.40Ox,O,data\substituted_adsorbates\MAT_168_O_site1_adsorbed.cif,-546.7316186389913,uma-s-1p2,success
MAT_168,Ru0.60Pr0.40Ox,O,data\substituted_adsorbates\MAT_168_O_site2_adsorbed.cif,-546.8524686452306,uma-s-1p2,success
MAT_168,Ru0.60Pr0.40Ox,O2,data\substituted_adsorbates\MAT_168_O2_site0_adsorbed.cif,-549.1903642829454,uma-s-1p2,success
MAT_168,Ru0.60Pr0.40Ox,O2,data\substituted_adsorbates\MAT_168_O2_site1_adsorbed.cif,-551.0267043903953,uma-s-1p2,success
MAT_168,Ru0.60Pr0.40Ox,O2,data\substituted_adsorbates\MAT_168_O2_site2_adsorbed.cif,-551.1055942493877,uma-s-1p2,success
MAT_168,Ru0.60Pr0.40Ox,N2O,data\substituted_adsorbates\MAT_168_N2O_site0_adsorbed.cif,-559.6341596822493,uma-s-1p2,success
MAT_168,Ru0.60Pr0.40Ox,N2O,data\substituted_adsorbates\MAT_168_N2O_site1_adsorbed.cif,-562.5935162840993,uma-s-1p2,success
MAT_168,Ru0.60Pr0.40Ox,N2O,data\substituted_adsorbates\MAT_168_N2O_site2_adsorbed.cif,-562.2476285343683,uma-s-1p2,success
MAT_169,Ru0.40Pr0.60Ox,O,data\substituted_adsorbates\MAT_169_O_site0_adsorbed.cif,-443.8222832891981,uma-s-1p2,success
MAT_169,Ru0.40Pr0.60Ox,O,data\substituted_adsorbates\MAT_169_O_site1_adsorbed.cif,-443.81544587239114,uma-s-1p2,success
MAT_169,Ru0.40Pr0.60Ox,O,data\substituted_adsorbates\MAT_169_O_site2_adsorbed.cif,-446.6029437360338,uma-s-1p2,success
MAT_169,Ru0.40Pr0.60Ox,O2,data\substituted_adsorbates\MAT_169_O2_site0_adsorbed.cif,-448.8358213461738,uma-s-1p2,success
MAT_169,Ru0.40Pr0.60Ox,O2,data\substituted_adsorbates\MAT_169_O2_site1_adsorbed.cif,-448.9552894849517,uma-s-1p2,success
MAT_169,Ru0.40Pr0.60Ox,O2,data\substituted_adsorbates\MAT_169_O2_site2_adsorbed.cif,-450.8752562656814,uma-s-1p2,success
MAT_169,Ru0.40Pr0.60Ox,N2O,data\substituted_adsorbates\MAT_169_N2O_site0_adsorbed.cif,-459.43989169385327,uma-s-1p2,success
MAT_169,Ru0.40Pr0.60Ox,N2O,data\substituted_adsorbates\MAT_169_N2O_site1_adsorbed.cif,-459.53032308825897,uma-s-1p2,success
MAT_169,Ru0.40Pr0.60Ox,N2O,data\substituted_adsorbates\MAT_169_N2O_site2_adsorbed.cif,-462.247201480427,uma-s-1p2,success
MAT_170,Ru0.20Pr0.80Ox,O,data\substituted_adsorbates\MAT_170_O_site0_adsorbed.cif,-400.3397492450842,uma-s-1p2,success
MAT_170,Ru0.20Pr0.80Ox,O,data\substituted_adsorbates\MAT_170_O_site1_adsorbed.cif,-400.38281451634896,uma-s-1p2,success
MAT_170,Ru0.20Pr0.80Ox,O,data\substituted_adsorbates\MAT_170_O_site2_adsorbed.cif,-401.253766907322,uma-s-1p2,success
MAT_170,Ru0.20Pr0.80Ox,O2,data\substituted_adsorbates\MAT_170_O2_site0_adsorbed.cif,-405.1183312987272,uma-s-1p2,success
MAT_170,Ru0.20Pr0.80Ox,O2,data\substituted_adsorbates\MAT_170_O2_site1_adsorbed.cif,-405.2462665590351,uma-s-1p2,success
MAT_170,Ru0.20Pr0.80Ox,O2,data\substituted_adsorbates\MAT_170_O2_site2_adsorbed.cif,-405.9013718624707,uma-s-1p2,success
MAT_170,Ru0.20Pr0.80Ox,N2O,data\substituted_adsorbates\MAT_170_N2O_site0_adsorbed.cif,-415.48180929261144,uma-s-1p2,success
MAT_170,Ru0.20Pr0.80Ox,N2O,data\substituted_adsorbates\MAT_170_N2O_site1_adsorbed.cif,-415.56120001544184,uma-s-1p2,success
MAT_170,Ru0.20Pr0.80Ox,N2O,data\substituted_adsorbates\MAT_170_N2O_site2_adsorbed.cif,-415.9665721675417,uma-s-1p2,success
MAT_172,Ru0.80Nd0.20Ox,O,data\substituted_adsorbates\MAT_172_O_site0_adsorbed.cif,-600.0601626082931,uma-s-1p2,success
MAT_172,Ru0.80Nd0.20Ox,O,data\substituted_adsorbates\MAT_172_O_site1_adsorbed.cif,-602.4861108760666,uma-s-1p2,success
MAT_172,Ru0.80Nd0.20Ox,O,data\substituted_adsorbates\MAT_172_O_site2_adsorbed.cif,-602.2750534858309,uma-s-1p2,success
MAT_172,Ru0.80Nd0.20Ox,O2,data\substituted_adsorbates\MAT_172_O2_site0_adsorbed.cif,-604.8620660462825,uma-s-1p2,success
MAT_172,Ru0.80Nd0.20Ox,O2,data\substituted_adsorbates\MAT_172_O2_site1_adsorbed.cif,-606.5860340775955,uma-s-1p2,success
MAT_172,Ru0.80Nd0.20Ox,O2,data\substituted_adsorbates\MAT_172_O2_site2_adsorbed.cif,-606.7443393761533,uma-s-1p2,success
MAT_172,Ru0.80Nd0.20Ox,N2O,data\substituted_adsorbates\MAT_172_N2O_site0_adsorbed.cif,-615.3492889440026,uma-s-1p2,success
MAT_172,Ru0.80Nd0.20Ox,N2O,data\substituted_adsorbates\MAT_172_N2O_site1_adsorbed.cif,-618.1301157488632,uma-s-1p2,success
MAT_172,Ru0.80Nd0.20Ox,N2O,data\substituted_adsorbates\MAT_172_N2O_site2_adsorbed.cif,-617.9870306247865,uma-s-1p2,success
MAT_173,Ru0.60Nd0.40Ox,O,data\substituted_adsorbates\MAT_173_O_site0_adsorbed.cif,-548.9114349427117,uma-s-1p2,success
MAT_173,Ru0.60Nd0.40Ox,O,data\substituted_adsorbates\MAT_173_O_site1_adsorbed.cif,-551.1562684599569,uma-s-1p2,success
MAT_173,Ru0.60Nd0.40Ox,O,data\substituted_adsorbates\MAT_173_O_site2_adsorbed.cif,-551.2420185727395,uma-s-1p2,success
MAT_173,Ru0.60Nd0.40Ox,O2,data\substituted_adsorbates\MAT_173_O2_site0_adsorbed.cif,-553.6508096054806,uma-s-1p2,success
MAT_173,Ru0.60Nd0.40Ox,O2,data\substituted_adsorbates\MAT_173_O2_site1_adsorbed.cif,-555.3889166590902,uma-s-1p2,success
MAT_173,Ru0.60Nd0.40Ox,O2,data\substituted_adsorbates\MAT_173_O2_site2_adsorbed.cif,-555.4969542877889,uma-s-1p2,success
MAT_173,Ru0.60Nd0.40Ox,N2O,data\substituted_adsorbates\MAT_173_N2O_site0_adsorbed.cif,-564.1616407046599,uma-s-1p2,success
MAT_173,Ru0.60Nd0.40Ox,N2O,data\substituted_adsorbates\MAT_173_N2O_site1_adsorbed.cif,-566.9938740089452,uma-s-1p2,success
MAT_173,Ru0.60Nd0.40Ox,N2O,data\substituted_adsorbates\MAT_173_N2O_site2_adsorbed.cif,-566.6519600042998,uma-s-1p2,success
MAT_174,Ru0.40Nd0.60Ox,O,data\substituted_adsorbates\MAT_174_O_site0_adsorbed.cif,-451.2305630209373,uma-s-1p2,success
MAT_174,Ru0.40Nd0.60Ox,O,data\substituted_adsorbates\MAT_174_O_site1_adsorbed.cif,-451.24403220171706,uma-s-1p2,success
MAT_174,Ru0.40Nd0.60Ox,O,data\substituted_adsorbates\MAT_174_O_site2_adsorbed.cif,-454.1657814513349,uma-s-1p2,success
MAT_174,Ru0.40Nd0.60Ox,O2,data\substituted_adsorbates\MAT_174_O2_site0_adsorbed.cif,-456.47428771125885,uma-s-1p2,success
MAT_174,Ru0.40Nd0.60Ox,O2,data\substituted_adsorbates\MAT_174_O2_site1_adsorbed.cif,-456.60942314045576,uma-s-1p2,success
MAT_174,Ru0.40Nd0.60Ox,O2,data\substituted_adsorbates\MAT_174_O2_site2_adsorbed.cif,-458.4520023837429,uma-s-1p2,success
MAT_174,Ru0.40Nd0.60Ox,N2O,data\substituted_adsorbates\MAT_174_N2O_site0_adsorbed.cif,-467.1791202686883,uma-s-1p2,success
MAT_174,Ru0.40Nd0.60Ox,N2O,data\substituted_adsorbates\MAT_174_N2O_site1_adsorbed.cif,-467.2875300682248,uma-s-1p2,success
MAT_174,Ru0.40Nd0.60Ox,N2O,data\substituted_adsorbates\MAT_174_N2O_site2_adsorbed.cif,-469.8309263166303,uma-s-1p2,success
MAT_175,Ru0.20Nd0.80Ox,O,data\substituted_adsorbates\MAT_175_O_site0_adsorbed.cif,-409.2023692674508,uma-s-1p2,success
MAT_175,Ru0.20Nd0.80Ox,O,data\substituted_adsorbates\MAT_175_O_site1_adsorbed.cif,-409.267508902788,uma-s-1p2,success
MAT_175,Ru0.20Nd0.80Ox,O,data\substituted_adsorbates\MAT_175_O_site2_adsorbed.cif,-410.2126218974675,uma-s-1p2,success
MAT_175,Ru0.20Nd0.80Ox,O2,data\substituted_adsorbates\MAT_175_O2_site0_adsorbed.cif,-414.2829304709601,uma-s-1p2,success
MAT_175,Ru0.20Nd0.80Ox,O2,data\substituted_adsorbates\MAT_175_O2_site1_adsorbed.cif,-414.42521455585063,uma-s-1p2,success
MAT_175,Ru0.20Nd0.80Ox,O2,data\substituted_adsorbates\MAT_175_O2_site2_adsorbed.cif,-415.1125370435361,uma-s-1p2,success
MAT_175,Ru0.20Nd0.80Ox,N2O,data\substituted_adsorbates\MAT_175_N2O_site0_adsorbed.cif,-424.69582563205114,uma-s-1p2,success
MAT_175,Ru0.20Nd0.80Ox,N2O,data\substituted_adsorbates\MAT_175_N2O_site1_adsorbed.cif,-424.7796908338223,uma-s-1p2,success
MAT_175,Ru0.20Nd0.80Ox,N2O,data\substituted_adsorbates\MAT_175_N2O_site2_adsorbed.cif,-425.2465238722061,uma-s-1p2,success
MAT_177,Ru0.80Sm0.20Ox,O,data\substituted_adsorbates\MAT_177_O_site0_adsorbed.cif,-599.4261396789678,uma-s-1p2,success
MAT_177,Ru0.80Sm0.20Ox,O,data\substituted_adsorbates\MAT_177_O_site1_adsorbed.cif,-601.853400740827,uma-s-1p2,success
MAT_177,Ru0.80Sm0.20Ox,O,data\substituted_adsorbates\MAT_177_O_site2_adsorbed.cif,-601.5184467842894,uma-s-1p2,success
MAT_177,Ru0.80Sm0.20Ox,O2,data\substituted_adsorbates\MAT_177_O2_site0_adsorbed.cif,-604.3243470156307,uma-s-1p2,success
MAT_177,Ru0.80Sm0.20Ox,O2,data\substituted_adsorbates\MAT_177_O2_site1_adsorbed.cif,-605.8050286365215,uma-s-1p2,success
MAT_177,Ru0.80Sm0.20Ox,O2,data\substituted_adsorbates\MAT_177_O2_site2_adsorbed.cif,-605.9791695932577,uma-s-1p2,success
MAT_177,Ru0.80Sm0.20Ox,N2O,data\substituted_adsorbates\MAT_177_N2O_site0_adsorbed.cif,-614.9663999634737,uma-s-1p2,success
MAT_177,Ru0.80Sm0.20Ox,N2O,data\substituted_adsorbates\MAT_177_N2O_site1_adsorbed.cif,-617.4209094309368,uma-s-1p2,success
MAT_177,Ru0.80Sm0.20Ox,N2O,data\substituted_adsorbates\MAT_177_N2O_site2_adsorbed.cif,-617.2962836059669,uma-s-1p2,success
MAT_178,Ru0.60Sm0.40Ox,O,data\substituted_adsorbates\MAT_178_O_site0_adsorbed.cif,-548.6098158750306,uma-s-1p2,success
MAT_178,Ru0.60Sm0.40Ox,O,data\substituted_adsorbates\MAT_178_O_site1_adsorbed.cif,-550.8379222368603,uma-s-1p2,success
MAT_178,Ru0.60Sm0.40Ox,O,data\substituted_adsorbates\MAT_178_O_site2_adsorbed.cif,-550.7804352156461,uma-s-1p2,success
MAT_178,Ru0.60Sm0.40Ox,O2,data\substituted_adsorbates\MAT_178_O2_site0_adsorbed.cif,-553.3292667796414,uma-s-1p2,success
MAT_178,Ru0.60Sm0.40Ox,O2,data\substituted_adsorbates\MAT_178_O2_site1_adsorbed.cif,-554.7871279375163,uma-s-1p2,success
MAT_178,Ru0.60Sm0.40Ox,O2,data\substituted_adsorbates\MAT_178_O2_site2_adsorbed.cif,-554.9538420128112,uma-s-1p2,success
MAT_178,Ru0.60Sm0.40Ox,N2O,data\substituted_adsorbates\MAT_178_N2O_site0_adsorbed.cif,-563.9482241508098,uma-s-1p2,success
MAT_178,Ru0.60Sm0.40Ox,N2O,data\substituted_adsorbates\MAT_178_N2O_site1_adsorbed.cif,-566.4516118366726,uma-s-1p2,success
MAT_178,Ru0.60Sm0.40Ox,N2O,data\substituted_adsorbates\MAT_178_N2O_site2_adsorbed.cif,-566.1380898240683,uma-s-1p2,success
MAT_179,Ru0.40Sm0.60Ox,O,data\substituted_adsorbates\MAT_179_O_site0_adsorbed.cif,-450.0563666834228,uma-s-1p2,success
MAT_179,Ru0.40Sm0.60Ox,O,data\substituted_adsorbates\MAT_179_O_site1_adsorbed.cif,-450.0518766365385,uma-s-1p2,success
MAT_179,Ru0.40Sm0.60Ox,O,data\substituted_adsorbates\MAT_179_O_site2_adsorbed.cif,-452.88889443881243,uma-s-1p2,success
MAT_179,Ru0.40Sm0.60Ox,O2,data\substituted_adsorbates\MAT_179_O2_site0_adsorbed.cif,-455.40989394930114,uma-s-1p2,success
MAT_179,Ru0.40Sm0.60Ox,O2,data\substituted_adsorbates\MAT_179_O2_site1_adsorbed.cif,-455.551270114124,uma-s-1p2,success
MAT_179,Ru0.40Sm0.60Ox,O2,data\substituted_adsorbates\MAT_179_O2_site2_adsorbed.cif,-457.19386841402496,uma-s-1p2,success
MAT_179,Ru0.40Sm0.60Ox,N2O,data\substituted_adsorbates\MAT_179_N2O_site0_adsorbed.cif,-466.24793301073015,uma-s-1p2,success
MAT_179,Ru0.40Sm0.60Ox,N2O,data\substituted_adsorbates\MAT_179_N2O_site1_adsorbed.cif,-466.346848104476,uma-s-1p2,success
MAT_179,Ru0.40Sm0.60Ox,N2O,data\substituted_adsorbates\MAT_179_N2O_site2_adsorbed.cif,-468.5489485765708,uma-s-1p2,success
MAT_180,Ru0.20Sm0.80Ox,O,data\substituted_adsorbates\MAT_180_O_site0_adsorbed.cif,-406.4278319912717,uma-s-1p2,success
MAT_180,Ru0.20Sm0.80Ox,O,data\substituted_adsorbates\MAT_180_O_site1_adsorbed.cif,-406.50751682525134,uma-s-1p2,success
MAT_180,Ru0.20Sm0.80Ox,O,data\substituted_adsorbates\MAT_180_O_site2_adsorbed.cif,-407.4404575078404,uma-s-1p2,success
MAT_180,Ru0.20Sm0.80Ox,O2,data\substituted_adsorbates\MAT_180_O2_site0_adsorbed.cif,-411.7764850610102,uma-s-1p2,success
MAT_180,Ru0.20Sm0.80Ox,O2,data\substituted_adsorbates\MAT_180_O2_site1_adsorbed.cif,-411.9216281282416,uma-s-1p2,success
MAT_180,Ru0.20Sm0.80Ox,O2,data\substituted_adsorbates\MAT_180_O2_site2_adsorbed.cif,-412.5967818233717,uma-s-1p2,success
MAT_180,Ru0.20Sm0.80Ox,N2O,data\substituted_adsorbates\MAT_180_N2O_site0_adsorbed.cif,-422.3173429987744,uma-s-1p2,success
MAT_180,Ru0.20Sm0.80Ox,N2O,data\substituted_adsorbates\MAT_180_N2O_site1_adsorbed.cif,-422.38759419889607,uma-s-1p2,success
MAT_180,Ru0.20Sm0.80Ox,N2O,data\substituted_adsorbates\MAT_180_N2O_site2_adsorbed.cif,-422.83144090867404,uma-s-1p2,success
MAT_182,Ru0.80Gd0.20Ox,O,data\substituted_adsorbates\MAT_182_O_site0_adsorbed.cif,-650.7551453322703,uma-s-1p2,success
MAT_182,Ru0.80Gd0.20Ox,O,data\substituted_adsorbates\MAT_182_O_site1_adsorbed.cif,-653.1237525020538,uma-s-1p2,success
MAT_182,Ru0.80Gd0.20Ox,O,data\substituted_adsorbates\MAT_182_O_site2_adsorbed.cif,-652.8849157613496,uma-s-1p2,success
MAT_182,Ru0.80Gd0.20Ox,O2,data\substituted_adsorbates\MAT_182_O2_site0_adsorbed.cif,-655.8886826003717,uma-s-1p2,success
MAT_182,Ru0.80Gd0.20Ox,O2,data\substituted_adsorbates\MAT_182_O2_site1_adsorbed.cif,-657.2547208051596,uma-s-1p2,success
MAT_182,Ru0.80Gd0.20Ox,O2,data\substituted_adsorbates\MAT_182_O2_site2_adsorbed.cif,-657.3633176049941,uma-s-1p2,success
MAT_182,Ru0.80Gd0.20Ox,N2O,data\substituted_adsorbates\MAT_182_N2O_site0_adsorbed.cif,-666.6591736321018,uma-s-1p2,success
MAT_182,Ru0.80Gd0.20Ox,N2O,data\substituted_adsorbates\MAT_182_N2O_site1_adsorbed.cif,-668.9058634466381,uma-s-1p2,success
MAT_182,Ru0.80Gd0.20Ox,N2O,data\substituted_adsorbates\MAT_182_N2O_site2_adsorbed.cif,-668.7348738036271,uma-s-1p2,success
MAT_183,Ru0.60Gd0.40Ox,O,data\substituted_adsorbates\MAT_183_O_site0_adsorbed.cif,-625.156471508554,uma-s-1p2,success
MAT_183,Ru0.60Gd0.40Ox,O,data\substituted_adsorbates\MAT_183_O_site1_adsorbed.cif,-627.3260135214798,uma-s-1p2,success
MAT_183,Ru0.60Gd0.40Ox,O,data\substituted_adsorbates\MAT_183_O_site2_adsorbed.cif,-627.2018826536281,uma-s-1p2,success
MAT_183,Ru0.60Gd0.40Ox,O2,data\substituted_adsorbates\MAT_183_O2_site0_adsorbed.cif,-630.0827642402581,uma-s-1p2,success
MAT_183,Ru0.60Gd0.40Ox,O2,data\substituted_adsorbates\MAT_183_O2_site1_adsorbed.cif,-631.4324104028636,uma-s-1p2,success
MAT_183,Ru0.60Gd0.40Ox,O2,data\substituted_adsorbates\MAT_183_O2_site2_adsorbed.cif,-631.5331111657304,uma-s-1p2,success
MAT_183,Ru0.60Gd0.40Ox,N2O,data\substituted_adsorbates\MAT_183_N2O_site0_adsorbed.cif,-640.9171481895114,uma-s-1p2,success
MAT_183,Ru0.60Gd0.40Ox,N2O,data\substituted_adsorbates\MAT_183_N2O_site1_adsorbed.cif,-643.2134377346389,uma-s-1p2,success
MAT_183,Ru0.60Gd0.40Ox,N2O,data\substituted_adsorbates\MAT_183_N2O_site2_adsorbed.cif,-642.8976480090897,uma-s-1p2,success
MAT_184,Ru0.40Gd0.60Ox,O,data\substituted_adsorbates\MAT_184_O_site0_adsorbed.cif,-577.4140849057773,uma-s-1p2,success
MAT_184,Ru0.40Gd0.60Ox,O,data\substituted_adsorbates\MAT_184_O_site1_adsorbed.cif,-577.526790537853,uma-s-1p2,success
MAT_184,Ru0.40Gd0.60Ox,O,data\substituted_adsorbates\MAT_184_O_site2_adsorbed.cif,-580.2265642894697,uma-s-1p2,success
MAT_184,Ru0.40Gd0.60Ox,O2,data\substituted_adsorbates\MAT_184_O2_site0_adsorbed.cif,-582.8224411089913,uma-s-1p2,success
MAT_184,Ru0.40Gd0.60Ox,O2,data\substituted_adsorbates\MAT_184_O2_site1_adsorbed.cif,-582.9866288005105,uma-s-1p2,success
MAT_184,Ru0.40Gd0.60Ox,O2,data\substituted_adsorbates\MAT_184_O2_site2_adsorbed.cif,-584.4865760839909,uma-s-1p2,success
MAT_184,Ru0.40Gd0.60Ox,N2O,data\substituted_adsorbates\MAT_184_N2O_site0_adsorbed.cif,-593.4837714128794,uma-s-1p2,success
MAT_184,Ru0.40Gd0.60Ox,N2O,data\substituted_adsorbates\MAT_184_N2O_site1_adsorbed.cif,-593.6235559229528,uma-s-1p2,success
MAT_184,Ru0.40Gd0.60Ox,N2O,data\substituted_adsorbates\MAT_184_N2O_site2_adsorbed.cif,-595.6806127996765,uma-s-1p2,success
MAT_185,Ru0.20Gd0.80Ox,O,data\substituted_adsorbates\MAT_185_O_site0_adsorbed.cif,-562.109545141675,uma-s-1p2,success
MAT_185,Ru0.20Gd0.80Ox,O,data\substituted_adsorbates\MAT_185_O_site1_adsorbed.cif,-562.1891271692349,uma-s-1p2,success
MAT_185,Ru0.20Gd0.80Ox,O,data\substituted_adsorbates\MAT_185_O_site2_adsorbed.cif,-562.822975660603,uma-s-1p2,success
MAT_185,Ru0.20Gd0.80Ox,O2,data\substituted_adsorbates\MAT_185_O2_site0_adsorbed.cif,-567.286927215568,uma-s-1p2,success
MAT_185,Ru0.20Gd0.80Ox,O2,data\substituted_adsorbates\MAT_185_O2_site1_adsorbed.cif,-567.412712979815,uma-s-1p2,success
MAT_185,Ru0.20Gd0.80Ox,O2,data\substituted_adsorbates\MAT_185_O2_site2_adsorbed.cif,-567.8967908552307,uma-s-1p2,success
MAT_185,Ru0.20Gd0.80Ox,N2O,data\substituted_adsorbates\MAT_185_N2O_site0_adsorbed.cif,-577.1103549227488,uma-s-1p2,success
MAT_185,Ru0.20Gd0.80Ox,N2O,data\substituted_adsorbates\MAT_185_N2O_site1_adsorbed.cif,-577.1924090537545,uma-s-1p2,success
MAT_185,Ru0.20Gd0.80Ox,N2O,data\substituted_adsorbates\MAT_185_N2O_site2_adsorbed.cif,-577.5155369499633,uma-s-1p2,success
MAT_187,Ru0.80Tb0.20Ox,O,data\substituted_adsorbates\MAT_187_O_site0_adsorbed.cif,-622.9011395915742,uma-s-1p2,success
MAT_187,Ru0.80Tb0.20Ox,O,data\substituted_adsorbates\MAT_187_O_site1_adsorbed.cif,-625.5873475226769,uma-s-1p2,success
MAT_187,Ru0.80Tb0.20Ox,O,data\substituted_adsorbates\MAT_187_O_site2_adsorbed.cif,-625.2293520673212,uma-s-1p2,success
MAT_187,Ru0.80Tb0.20Ox,O2,data\substituted_adsorbates\MAT_187_O2_site0_adsorbed.cif,-628.1392072416661,uma-s-1p2,success
MAT_187,Ru0.80Tb0.20Ox,O2,data\substituted_adsorbates\MAT_187_O2_site1_adsorbed.cif,-629.5474194429524,uma-s-1p2,success
MAT_187,Ru0.80Tb0.20Ox,O2,data\substituted_adsorbates\MAT_187_O2_site2_adsorbed.cif,-629.6887734032084,uma-s-1p2,success
MAT_187,Ru0.80Tb0.20Ox,N2O,data\substituted_adsorbates\MAT_187_N2O_site0_adsorbed.cif,-638.9440994041564,uma-s-1p2,success
MAT_187,Ru0.80Tb0.20Ox,N2O,data\substituted_adsorbates\MAT_187_N2O_site1_adsorbed.cif,-641.168478483344,uma-s-1p2,success
MAT_187,Ru0.80Tb0.20Ox,N2O,data\substituted_adsorbates\MAT_187_N2O_site2_adsorbed.cif,-641.0248908106518,uma-s-1p2,success
MAT_188,Ru0.60Tb0.40Ox,O,data\substituted_adsorbates\MAT_188_O_site0_adsorbed.cif,-584.2239084727852,uma-s-1p2,success
MAT_188,Ru0.60Tb0.40Ox,O,data\substituted_adsorbates\MAT_188_O_site1_adsorbed.cif,-586.7224193503532,uma-s-1p2,success
MAT_188,Ru0.60Tb0.40Ox,O,data\substituted_adsorbates\MAT_188_O_site2_adsorbed.cif,-586.5560408532299,uma-s-1p2,success
MAT_188,Ru0.60Tb0.40Ox,O2,data\substituted_adsorbates\MAT_188_O2_site0_adsorbed.cif,-589.1755028322542,uma-s-1p2,success
MAT_188,Ru0.60Tb0.40Ox,O2,data\substituted_adsorbates\MAT_188_O2_site1_adsorbed.cif,-590.5249755627694,uma-s-1p2,success
MAT_188,Ru0.60Tb0.40Ox,O2,data\substituted_adsorbates\MAT_188_O2_site2_adsorbed.cif,-590.7252569414694,uma-s-1p2,success
MAT_188,Ru0.60Tb0.40Ox,N2O,data\substituted_adsorbates\MAT_188_N2O_site0_adsorbed.cif,-599.8975240791325,uma-s-1p2,success
MAT_188,Ru0.60Tb0.40Ox,N2O,data\substituted_adsorbates\MAT_188_N2O_site1_adsorbed.cif,-602.1504369941243,uma-s-1p2,success
MAT_188,Ru0.60Tb0.40Ox,N2O,data\substituted_adsorbates\MAT_188_N2O_site2_adsorbed.cif,-601.8277843651349,uma-s-1p2,success
MAT_189,Ru0.40Tb0.60Ox,O,data\substituted_adsorbates\MAT_189_O_site0_adsorbed.cif,-509.0828250324845,uma-s-1p2,success
MAT_189,Ru0.40Tb0.60Ox,O,data\substituted_adsorbates\MAT_189_O_site1_adsorbed.cif,-509.0675551695671,uma-s-1p2,success
MAT_189,Ru0.40Tb0.60Ox,O,data\substituted_adsorbates\MAT_189_O_site2_adsorbed.cif,-511.986971207392,uma-s-1p2,success
MAT_189,Ru0.40Tb0.60Ox,O2,data\substituted_adsorbates\MAT_189_O2_site0_adsorbed.cif,-514.5798459834705,uma-s-1p2,success
MAT_189,Ru0.40Tb0.60Ox,O2,data\substituted_adsorbates\MAT_189_O2_site1_adsorbed.cif,-514.8062349584704,uma-s-1p2,success
MAT_189,Ru0.40Tb0.60Ox,O2,data\substituted_adsorbates\MAT_189_O2_site2_adsorbed.cif,-516.2337235534288,uma-s-1p2,success
MAT_189,Ru0.40Tb0.60Ox,N2O,data\substituted_adsorbates\MAT_189_N2O_site0_adsorbed.cif,-525.35280000735,uma-s-1p2,success
MAT_189,Ru0.40Tb0.60Ox,N2O,data\substituted_adsorbates\MAT_189_N2O_site1_adsorbed.cif,-525.5511493862588,uma-s-1p2,success
MAT_189,Ru0.40Tb0.60Ox,N2O,data\substituted_adsorbates\MAT_189_N2O_site2_adsorbed.cif,-527.3939479355765,uma-s-1p2,success
MAT_190,Ru0.20Tb0.80Ox,O,data\substituted_adsorbates\MAT_190_O_site0_adsorbed.cif,-476.27101673932293,uma-s-1p2,success
MAT_190,Ru0.20Tb0.80Ox,O,data\substituted_adsorbates\MAT_190_O_site1_adsorbed.cif,-476.4120091548374,uma-s-1p2,success
MAT_190,Ru0.20Tb0.80Ox,O,data\substituted_adsorbates\MAT_190_O_site2_adsorbed.cif,-477.3073475645233,uma-s-1p2,success
MAT_190,Ru0.20Tb0.80Ox,O2,data\substituted_adsorbates\MAT_190_O2_site0_adsorbed.cif,-482.0175249741226,uma-s-1p2,success
MAT_190,Ru0.20Tb0.80Ox,O2,data\substituted_adsorbates\MAT_190_O2_site1_adsorbed.cif,-482.2257259116833,uma-s-1p2,success
MAT_190,Ru0.20Tb0.80Ox,O2,data\substituted_adsorbates\MAT_190_O2_site2_adsorbed.cif,-482.8436642447142,uma-s-1p2,success
MAT_190,Ru0.20Tb0.80Ox,N2O,data\substituted_adsorbates\MAT_190_N2O_site0_adsorbed.cif,-492.52429013539455,uma-s-1p2,success
MAT_190,Ru0.20Tb0.80Ox,N2O,data\substituted_adsorbates\MAT_190_N2O_site1_adsorbed.cif,-492.6554259229267,uma-s-1p2,success
MAT_190,Ru0.20Tb0.80Ox,N2O,data\substituted_adsorbates\MAT_190_N2O_site2_adsorbed.cif,-493.08683562058,uma-s-1p2,success
MAT_192,Ru0.80Dy0.20Ox,O,data\substituted_adsorbates\MAT_192_O_site0_adsorbed.cif,-618.6047699990745,uma-s-1p2,success
MAT_192,Ru0.80Dy0.20Ox,O,data\substituted_adsorbates\MAT_192_O_site1_adsorbed.cif,-621.2130861518427,uma-s-1p2,success
MAT_192,Ru0.80Dy0.20Ox,O,data\substituted_adsorbates\MAT_192_O_site2_adsorbed.cif,-620.8137344044735,uma-s-1p2,success
MAT_192,Ru0.80Dy0.20Ox,O2,data\substituted_adsorbates\MAT_192_O2_site0_adsorbed.cif,-623.7698769044639,uma-s-1p2,success
MAT_192,Ru0.80Dy0.20Ox,O2,data\substituted_adsorbates\MAT_192_O2_site1_adsorbed.cif,-625.131093246199,uma-s-1p2,success
MAT_192,Ru0.80Dy0.20Ox,O2,data\substituted_adsorbates\MAT_192_O2_site2_adsorbed.cif,-625.2586869641232,uma-s-1p2,success
MAT_192,Ru0.80Dy0.20Ox,N2O,data\substituted_adsorbates\MAT_192_N2O_site0_adsorbed.cif,-634.6537334336044,uma-s-1p2,success
MAT_192,Ru0.80Dy0.20Ox,N2O,data\substituted_adsorbates\MAT_192_N2O_site1_adsorbed.cif,-636.7598908818559,uma-s-1p2,success
MAT_192,Ru0.80Dy0.20Ox,N2O,data\substituted_adsorbates\MAT_192_N2O_site2_adsorbed.cif,-636.6174771815869,uma-s-1p2,success
MAT_193,Ru0.60Dy0.40Ox,O,data\substituted_adsorbates\MAT_193_O_site0_adsorbed.cif,-577.9895999102255,uma-s-1p2,success
MAT_193,Ru0.60Dy0.40Ox,O,data\substituted_adsorbates\MAT_193_O_site1_adsorbed.cif,-580.4887241367728,uma-s-1p2,success
MAT_193,Ru0.60Dy0.40Ox,O,data\substituted_adsorbates\MAT_193_O_site2_adsorbed.cif,-580.1400159696067,uma-s-1p2,success
MAT_193,Ru0.60Dy0.40Ox,O2,data\substituted_adsorbates\MAT_193_O2_site0_adsorbed.cif,-582.7731537071228,uma-s-1p2,success
MAT_193,Ru0.60Dy0.40Ox,O2,data\substituted_adsorbates\MAT_193_O2_site1_adsorbed.cif,-584.0917401225861,uma-s-1p2,success
MAT_193,Ru0.60Dy0.40Ox,O2,data\substituted_adsorbates\MAT_193_O2_site2_adsorbed.cif,-584.2740865604138,uma-s-1p2,success
MAT_193,Ru0.60Dy0.40Ox,N2O,data\substituted_adsorbates\MAT_193_N2O_site0_adsorbed.cif,-593.5650116588757,uma-s-1p2,success
MAT_193,Ru0.60Dy0.40Ox,N2O,data\substituted_adsorbates\MAT_193_N2O_site1_adsorbed.cif,-595.7030032794713,uma-s-1p2,success
MAT_193,Ru0.60Dy0.40Ox,N2O,data\substituted_adsorbates\MAT_193_N2O_site2_adsorbed.cif,-595.3685449399649,uma-s-1p2,success
MAT_194,Ru0.40Dy0.60Ox,O,data\substituted_adsorbates\MAT_194_O_site0_adsorbed.cif,-498.35053469701825,uma-s-1p2,success
MAT_194,Ru0.40Dy0.60Ox,O,data\substituted_adsorbates\MAT_194_O_site1_adsorbed.cif,-498.20339877303456,uma-s-1p2,success
MAT_194,Ru0.40Dy0.60Ox,O,data\substituted_adsorbates\MAT_194_O_site2_adsorbed.cif,-501.02270807452453,uma-s-1p2,success
MAT_194,Ru0.40Dy0.60Ox,O2,data\substituted_adsorbates\MAT_194_O2_site0_adsorbed.cif,-503.6525212911954,uma-s-1p2,success
MAT_194,Ru0.40Dy0.60Ox,O2,data\substituted_adsorbates\MAT_194_O2_site1_adsorbed.cif,-503.87139545886873,uma-s-1p2,success
MAT_194,Ru0.40Dy0.60Ox,O2,data\substituted_adsorbates\MAT_194_O2_site2_adsorbed.cif,-505.21883282824626,uma-s-1p2,success
MAT_194,Ru0.40Dy0.60Ox,N2O,data\substituted_adsorbates\MAT_194_N2O_site0_adsorbed.cif,-514.5787113082661,uma-s-1p2,success
MAT_194,Ru0.40Dy0.60Ox,N2O,data\substituted_adsorbates\MAT_194_N2O_site1_adsorbed.cif,-514.738263392129,uma-s-1p2,success
MAT_194,Ru0.40Dy0.60Ox,N2O,data\substituted_adsorbates\MAT_194_N2O_site2_adsorbed.cif,-516.4531581419831,uma-s-1p2,success
MAT_195,Ru0.20Dy0.80Ox,O,data\substituted_adsorbates\MAT_195_O_site0_adsorbed.cif,-462.3743174676508,uma-s-1p2,success
MAT_195,Ru0.20Dy0.80Ox,O,data\substituted_adsorbates\MAT_195_O_site1_adsorbed.cif,-462.5092836792007,uma-s-1p2,success
MAT_195,Ru0.20Dy0.80Ox,O,data\substituted_adsorbates\MAT_195_O_site2_adsorbed.cif,-463.3431616875386,uma-s-1p2,success
MAT_195,Ru0.20Dy0.80Ox,O2,data\substituted_adsorbates\MAT_195_O2_site0_adsorbed.cif,-468.15078858448396,uma-s-1p2,success
MAT_195,Ru0.20Dy0.80Ox,O2,data\substituted_adsorbates\MAT_195_O2_site1_adsorbed.cif,-468.35085615642697,uma-s-1p2,success
MAT_195,Ru0.20Dy0.80Ox,O2,data\substituted_adsorbates\MAT_195_O2_site2_adsorbed.cif,-468.9164589227588,uma-s-1p2,success
MAT_195,Ru0.20Dy0.80Ox,N2O,data\substituted_adsorbates\MAT_195_N2O_site0_adsorbed.cif,-478.8722154698747,uma-s-1p2,success
MAT_195,Ru0.20Dy0.80Ox,N2O,data\substituted_adsorbates\MAT_195_N2O_site1_adsorbed.cif,-478.9750710031056,uma-s-1p2,success
MAT_195,Ru0.20Dy0.80Ox,N2O,data\substituted_adsorbates\MAT_195_N2O_site2_adsorbed.cif,-479.3938514590268,uma-s-1p2,success
MAT_197,Ru0.80Ho0.20Ox,O,data\substituted_adsorbates\MAT_197_O_site0_adsorbed.cif,-621.175086628827,uma-s-1p2,success
MAT_197,Ru0.80Ho0.20Ox,O,data\substituted_adsorbates\MAT_197_O_site1_adsorbed.cif,-623.8225275733802,uma-s-1p2,success
MAT_197,Ru0.80Ho0.20Ox,O,data\substituted_adsorbates\MAT_197_O_site2_adsorbed.cif,-623.415723415442,uma-s-1p2,success
MAT_197,Ru0.80Ho0.20Ox,O2,data\substituted_adsorbates\MAT_197_O2_site0_adsorbed.cif,-626.4136575149437,uma-s-1p2,success
MAT_197,Ru0.80Ho0.20Ox,O2,data\substituted_adsorbates\MAT_197_O2_site1_adsorbed.cif,-627.7320472013939,uma-s-1p2,success
MAT_197,Ru0.80Ho0.20Ox,O2,data\substituted_adsorbates\MAT_197_O2_site2_adsorbed.cif,-627.8523345769541,uma-s-1p2,success
MAT_197,Ru0.80Ho0.20Ox,N2O,data\substituted_adsorbates\MAT_197_N2O_site0_adsorbed.cif,-637.3326561119698,uma-s-1p2,success
MAT_197,Ru0.80Ho0.20Ox,N2O,data\substituted_adsorbates\MAT_197_N2O_site1_adsorbed.cif,-639.3677163968475,uma-s-1p2,success
MAT_197,Ru0.80Ho0.20Ox,N2O,data\substituted_adsorbates\MAT_197_N2O_site2_adsorbed.cif,-639.2292037037726,uma-s-1p2,success
MAT_198,Ru0.60Ho0.40Ox,O,data\substituted_adsorbates\MAT_198_O_site0_adsorbed.cif,-581.9261880126586,uma-s-1p2,success
MAT_198,Ru0.60Ho0.40Ox,O,data\substituted_adsorbates\MAT_198_O_site1_adsorbed.cif,-584.5063788156633,uma-s-1p2,success
MAT_198,Ru0.60Ho0.40Ox,O,data\substituted_adsorbates\MAT_198_O_site2_adsorbed.cif,-584.1035325299075,uma-s-1p2,success
MAT_198,Ru0.60Ho0.40Ox,O2,data\substituted_adsorbates\MAT_198_O2_site0_adsorbed.cif,-586.7584310829144,uma-s-1p2,success
MAT_198,Ru0.60Ho0.40Ox,O2,data\substituted_adsorbates\MAT_198_O2_site1_adsorbed.cif,-588.0520791676228,uma-s-1p2,success
MAT_198,Ru0.60Ho0.40Ox,O2,data\substituted_adsorbates\MAT_198_O2_site2_adsorbed.cif,-588.2199303302134,uma-s-1p2,success
MAT_198,Ru0.60Ho0.40Ox,N2O,data\substituted_adsorbates\MAT_198_N2O_site0_adsorbed.cif,-597.5949253134088,uma-s-1p2,success
MAT_198,Ru0.60Ho0.40Ox,N2O,data\substituted_adsorbates\MAT_198_N2O_site1_adsorbed.cif,-599.66393127671,uma-s-1p2,success
MAT_198,Ru0.60Ho0.40Ox,N2O,data\substituted_adsorbates\MAT_198_N2O_site2_adsorbed.cif,-599.3278653795549,uma-s-1p2,success
MAT_199,Ru0.40Ho0.60Ox,O,data\substituted_adsorbates\MAT_199_O_site0_adsorbed.cif,-504.9915815046184,uma-s-1p2,success
MAT_199,Ru0.40Ho0.60Ox,O,data\substituted_adsorbates\MAT_199_O_site1_adsorbed.cif,-504.78266874108687,uma-s-1p2,success
MAT_199,Ru0.40Ho0.60Ox,O,data\substituted_adsorbates\MAT_199_O_site2_adsorbed.cif,-507.48549114998923,uma-s-1p2,success
MAT_199,Ru0.40Ho0.60Ox,O2,data\substituted_adsorbates\MAT_199_O2_site0_adsorbed.cif,-510.11304096564555,uma-s-1p2,success
MAT_199,Ru0.40Ho0.60Ox,O2,data\substituted_adsorbates\MAT_199_O2_site1_adsorbed.cif,-510.36964730906243,uma-s-1p2,success
MAT_199,Ru0.40Ho0.60Ox,O2,data\substituted_adsorbates\MAT_199_O2_site2_adsorbed.cif,-511.63251716944046,uma-s-1p2,success
MAT_199,Ru0.40Ho0.60Ox,N2O,data\substituted_adsorbates\MAT_199_N2O_site0_adsorbed.cif,-520.9869314312597,uma-s-1p2,success
MAT_199,Ru0.40Ho0.60Ox,N2O,data\substituted_adsorbates\MAT_199_N2O_site1_adsorbed.cif,-521.1820748536614,uma-s-1p2,success
MAT_199,Ru0.40Ho0.60Ox,N2O,data\substituted_adsorbates\MAT_199_N2O_site2_adsorbed.cif,-522.8212422067755,uma-s-1p2,success
MAT_200,Ru0.20Ho0.80Ox,O,data\substituted_adsorbates\MAT_200_O_site0_adsorbed.cif,-469.83363054203824,uma-s-1p2,success
MAT_200,Ru0.20Ho0.80Ox,O,data\substituted_adsorbates\MAT_200_O_site1_adsorbed.cif,-470.01375674814904,uma-s-1p2,success
MAT_200,Ru0.20Ho0.80Ox,O,data\substituted_adsorbates\MAT_200_O_site2_adsorbed.cif,-470.82275578289125,uma-s-1p2,success
MAT_200,Ru0.20Ho0.80Ox,O2,data\substituted_adsorbates\MAT_200_O2_site0_adsorbed.cif,-475.60202934518895,uma-s-1p2,success
MAT_200,Ru0.20Ho0.80Ox,O2,data\substituted_adsorbates\MAT_200_O2_site1_adsorbed.cif,-475.82216934565133,uma-s-1p2,success
MAT_200,Ru0.20Ho0.80Ox,O2,data\substituted_adsorbates\MAT_200_O2_site2_adsorbed.cif,-476.40329466152184,uma-s-1p2,success
MAT_200,Ru0.20Ho0.80Ox,N2O,data\substituted_adsorbates\MAT_200_N2O_site0_adsorbed.cif,-486.28075060680715,uma-s-1p2,success
MAT_200,Ru0.20Ho0.80Ox,N2O,data\substituted_adsorbates\MAT_200_N2O_site1_adsorbed.cif,-486.4022173815739,uma-s-1p2,success
MAT_200,Ru0.20Ho0.80Ox,N2O,data\substituted_adsorbates\MAT_200_N2O_site2_adsorbed.cif,-486.82465275969577,uma-s-1p2,success
MAT_202,Ru0.80Er0.20Ox,O,data\substituted_adsorbates\MAT_202_O_site0_adsorbed.cif,-624.7627333977156,uma-s-1p2,success
MAT_202,Ru0.80Er0.20Ox,O,data\substituted_adsorbates\MAT_202_O_site1_adsorbed.cif,-627.3516767570455,uma-s-1p2,success
MAT_202,Ru0.80Er0.20Ox,O,data\substituted_adsorbates\MAT_202_O_site2_adsorbed.cif,-626.9683039889227,uma-s-1p2,success
MAT_202,Ru0.80Er0.20Ox,O2,data\substituted_adsorbates\MAT_202_O2_site0_adsorbed.cif,-630.0779572658063,uma-s-1p2,success
MAT_202,Ru0.80Er0.20Ox,O2,data\substituted_adsorbates\MAT_202_O2_site1_adsorbed.cif,-631.2936764095892,uma-s-1p2,success
MAT_202,Ru0.80Er0.20Ox,O2,data\substituted_adsorbates\MAT_202_O2_site2_adsorbed.cif,-631.4049067265476,uma-s-1p2,success
MAT_202,Ru0.80Er0.20Ox,N2O,data\substituted_adsorbates\MAT_202_N2O_site0_adsorbed.cif,-641.0238520924572,uma-s-1p2,success
MAT_202,Ru0.80Er0.20Ox,N2O,data\substituted_adsorbates\MAT_202_N2O_site1_adsorbed.cif,-642.9404927300559,uma-s-1p2,success
MAT_202,Ru0.80Er0.20Ox,N2O,data\substituted_adsorbates\MAT_202_N2O_site2_adsorbed.cif,-642.7921077685646,uma-s-1p2,success
MAT_203,Ru0.60Er0.40Ox,O,data\substituted_adsorbates\MAT_203_O_site0_adsorbed.cif,-587.3666317170914,uma-s-1p2,success
MAT_203,Ru0.60Er0.40Ox,O,data\substituted_adsorbates\MAT_203_O_site1_adsorbed.cif,-589.9088784523426,uma-s-1p2,success
MAT_203,Ru0.60Er0.40Ox,O,data\substituted_adsorbates\MAT_203_O_site2_adsorbed.cif,-589.5198136511125,uma-s-1p2,success
MAT_203,Ru0.60Er0.40Ox,O2,data\substituted_adsorbates\MAT_203_O2_site0_adsorbed.cif,-592.2989993263307,uma-s-1p2,success
MAT_203,Ru0.60Er0.40Ox,O2,data\substituted_adsorbates\MAT_203_O2_site1_adsorbed.cif,-593.5003509530001,uma-s-1p2,success
MAT_203,Ru0.60Er0.40Ox,O2,data\substituted_adsorbates\MAT_203_O2_site2_adsorbed.cif,-593.654718286746,uma-s-1p2,success
MAT_203,Ru0.60Er0.40Ox,N2O,data\substituted_adsorbates\MAT_203_N2O_site0_adsorbed.cif,-603.1721046956527,uma-s-1p2,success
MAT_203,Ru0.60Er0.40Ox,N2O,data\substituted_adsorbates\MAT_203_N2O_site1_adsorbed.cif,-605.1240642652739,uma-s-1p2,success
MAT_203,Ru0.60Er0.40Ox,N2O,data\substituted_adsorbates\MAT_203_N2O_site2_adsorbed.cif,-604.7799416973701,uma-s-1p2,success
MAT_204,Ru0.40Er0.60Ox,O,data\substituted_adsorbates\MAT_204_O_site0_adsorbed.cif,-513.3469911036607,uma-s-1p2,success
MAT_204,Ru0.40Er0.60Ox,O,data\substituted_adsorbates\MAT_204_O_site1_adsorbed.cif,-513.2190856594142,uma-s-1p2,success
MAT_204,Ru0.40Er0.60Ox,O,data\substituted_adsorbates\MAT_204_O_site2_adsorbed.cif,-515.8124186313955,uma-s-1p2,success
MAT_204,Ru0.40Er0.60Ox,O2,data\substituted_adsorbates\MAT_204_O2_site0_adsorbed.cif,-518.6041157439071,uma-s-1p2,success
MAT_204,Ru0.40Er0.60Ox,O2,data\substituted_adsorbates\MAT_204_O2_site1_adsorbed.cif,-518.8803849699426,uma-s-1p2,success
MAT_204,Ru0.40Er0.60Ox,O2,data\substituted_adsorbates\MAT_204_O2_site2_adsorbed.cif,-520.0226937759121,uma-s-1p2,success
MAT_204,Ru0.40Er0.60Ox,N2O,data\substituted_adsorbates\MAT_204_N2O_site0_adsorbed.cif,-529.5435147361295,uma-s-1p2,success
MAT_204,Ru0.40Er0.60Ox,N2O,data\substituted_adsorbates\MAT_204_N2O_site1_adsorbed.cif,-529.7444329557055,uma-s-1p2,success
MAT_204,Ru0.40Er0.60Ox,N2O,data\substituted_adsorbates\MAT_204_N2O_site2_adsorbed.cif,-531.25476722711,uma-s-1p2,success
MAT_205,Ru0.20Er0.80Ox,O,data\substituted_adsorbates\MAT_205_O_site0_adsorbed.cif,-479.3984950718087,uma-s-1p2,success
MAT_205,Ru0.20Er0.80Ox,O,data\substituted_adsorbates\MAT_205_O_site1_adsorbed.cif,-479.5932998189479,uma-s-1p2,success
MAT_205,Ru0.20Er0.80Ox,O,data\substituted_adsorbates\MAT_205_O_site2_adsorbed.cif,-480.38404610479904,uma-s-1p2,success
MAT_205,Ru0.20Er0.80Ox,O2,data\substituted_adsorbates\MAT_205_O2_site0_adsorbed.cif,-485.18749287392114,uma-s-1p2,success
MAT_205,Ru0.20Er0.80Ox,O2,data\substituted_adsorbates\MAT_205_O2_site1_adsorbed.cif,-485.4229571301159,uma-s-1p2,success
MAT_205,Ru0.20Er0.80Ox,O2,data\substituted_adsorbates\MAT_205_O2_site2_adsorbed.cif,-485.9816583081176,uma-s-1p2,success
MAT_205,Ru0.20Er0.80Ox,N2O,data\substituted_adsorbates\MAT_205_N2O_site0_adsorbed.cif,-495.96323638432176,uma-s-1p2,success
MAT_205,Ru0.20Er0.80Ox,N2O,data\substituted_adsorbates\MAT_205_N2O_site1_adsorbed.cif,-496.09981672265246,uma-s-1p2,success
MAT_205,Ru0.20Er0.80Ox,N2O,data\substituted_adsorbates\MAT_205_N2O_site2_adsorbed.cif,-496.48725636355914,uma-s-1p2,success
MAT_207,Ru0.80Yb0.20Ox,O,data\substituted_adsorbates\MAT_207_O_site0_adsorbed.cif,-615.335812574546,uma-s-1p2,success
MAT_207,Ru0.80Yb0.20Ox,O,data\substituted_adsorbates\MAT_207_O_site1_adsorbed.cif,-617.8058206572094,uma-s-1p2,success
MAT_207,Ru0.80Yb0.20Ox,O,data\substituted_adsorbates\MAT_207_O_site2_adsorbed.cif,-617.4589975385366,uma-s-1p2,success
MAT_207,Ru0.80Yb0.20Ox,O2,data\substituted_adsorbates\MAT_207_O2_site0_adsorbed.cif,-620.7368962759258,uma-s-1p2,success
MAT_207,Ru0.80Yb0.20Ox,O2,data\substituted_adsorbates\MAT_207_O2_site1_adsorbed.cif,-621.7622070043332,uma-s-1p2,success
MAT_207,Ru0.80Yb0.20Ox,O2,data\substituted_adsorbates\MAT_207_O2_site2_adsorbed.cif,-621.8635479976282,uma-s-1p2,success
MAT_207,Ru0.80Yb0.20Ox,N2O,data\substituted_adsorbates\MAT_207_N2O_site0_adsorbed.cif,-631.7295901006325,uma-s-1p2,success
MAT_207,Ru0.80Yb0.20Ox,N2O,data\substituted_adsorbates\MAT_207_N2O_site1_adsorbed.cif,-633.396267159834,uma-s-1p2,success
MAT_207,Ru0.80Yb0.20Ox,N2O,data\substituted_adsorbates\MAT_207_N2O_site2_adsorbed.cif,-633.2205324836212,uma-s-1p2,success
MAT_208,Ru0.60Yb0.40Ox,O,data\substituted_adsorbates\MAT_208_O_site0_adsorbed.cif,-573.481939438187,uma-s-1p2,success
MAT_208,Ru0.60Yb0.40Ox,O,data\substituted_adsorbates\MAT_208_O_site1_adsorbed.cif,-575.7776613432973,uma-s-1p2,success
MAT_208,Ru0.60Yb0.40Ox,O,data\substituted_adsorbates\MAT_208_O_site2_adsorbed.cif,-575.5171158777213,uma-s-1p2,success
MAT_208,Ru0.60Yb0.40Ox,O2,data\substituted_adsorbates\MAT_208_O2_site0_adsorbed.cif,-578.4030190610202,uma-s-1p2,success
MAT_208,Ru0.60Yb0.40Ox,O2,data\substituted_adsorbates\MAT_208_O2_site1_adsorbed.cif,-579.3918738825944,uma-s-1p2,success
MAT_208,Ru0.60Yb0.40Ox,O2,data\substituted_adsorbates\MAT_208_O2_site2_adsorbed.cif,-579.5904339711694,uma-s-1p2,success
MAT_208,Ru0.60Yb0.40Ox,N2O,data\substituted_adsorbates\MAT_208_N2O_site0_adsorbed.cif,-589.278819699309,uma-s-1p2,success
MAT_208,Ru0.60Yb0.40Ox,N2O,data\substituted_adsorbates\MAT_208_N2O_site1_adsorbed.cif,-590.9682229489794,uma-s-1p2,success
MAT_208,Ru0.60Yb0.40Ox,N2O,data\substituted_adsorbates\MAT_208_N2O_site2_adsorbed.cif,-590.6044468597204,uma-s-1p2,success
MAT_209,Ru0.40Yb0.60Ox,O,data\substituted_adsorbates\MAT_209_O_site0_adsorbed.cif,-490.323132975405,uma-s-1p2,success
MAT_209,Ru0.40Yb0.60Ox,O,data\substituted_adsorbates\MAT_209_O_site1_adsorbed.cif,-489.6194226974754,uma-s-1p2,success
MAT_209,Ru0.40Yb0.60Ox,O,data\substituted_adsorbates\MAT_209_O_site2_adsorbed.cif,-492.06463655534816,uma-s-1p2,success
MAT_209,Ru0.40Yb0.60Ox,O2,data\substituted_adsorbates\MAT_209_O2_site0_adsorbed.cif,-494.57267922237963,uma-s-1p2,success
MAT_209,Ru0.40Yb0.60Ox,O2,data\substituted_adsorbates\MAT_209_O2_site1_adsorbed.cif,-494.7211328872954,uma-s-1p2,success
MAT_209,Ru0.40Yb0.60Ox,O2,data\substituted_adsorbates\MAT_209_O2_site2_adsorbed.cif,-495.77449966712027,uma-s-1p2,success
MAT_209,Ru0.40Yb0.60Ox,N2O,data\substituted_adsorbates\MAT_209_N2O_site0_adsorbed.cif,-505.3725679383035,uma-s-1p2,success
MAT_209,Ru0.40Yb0.60Ox,N2O,data\substituted_adsorbates\MAT_209_N2O_site1_adsorbed.cif,-505.5339571794859,uma-s-1p2,success
MAT_209,Ru0.40Yb0.60Ox,N2O,data\substituted_adsorbates\MAT_209_N2O_site2_adsorbed.cif,-506.75753402030114,uma-s-1p2,success
MAT_210,Ru0.20Yb0.80Ox,O,data\substituted_adsorbates\MAT_210_O_site0_adsorbed.cif,-449.98266981666313,uma-s-1p2,success
MAT_210,Ru0.20Yb0.80Ox,O,data\substituted_adsorbates\MAT_210_O_site1_adsorbed.cif,-449.5382141973195,uma-s-1p2,success
MAT_210,Ru0.20Yb0.80Ox,O,data\substituted_adsorbates\MAT_210_O_site2_adsorbed.cif,-450.31074850889325,uma-s-1p2,success
MAT_210,Ru0.20Yb0.80Ox,O2,data\substituted_adsorbates\MAT_210_O2_site0_adsorbed.cif,-455.1147583986296,uma-s-1p2,success
MAT_210,Ru0.20Yb0.80Ox,O2,data\substituted_adsorbates\MAT_210_O2_site1_adsorbed.cif,-455.25773116754795,uma-s-1p2,success
MAT_210,Ru0.20Yb0.80Ox,O2,data\substituted_adsorbates\MAT_210_O2_site2_adsorbed.cif,-455.65946469029495,uma-s-1p2,success
MAT_210,Ru0.20Yb0.80Ox,N2O,data\substituted_adsorbates\MAT_210_N2O_site0_adsorbed.cif,-465.8837379075253,uma-s-1p2,success
MAT_210,Ru0.20Yb0.80Ox,N2O,data\substituted_adsorbates\MAT_210_N2O_site1_adsorbed.cif,-465.9891954495422,uma-s-1p2,success
MAT_210,Ru0.20Yb0.80Ox,N2O,data\substituted_adsorbates\MAT_210_N2O_site2_adsorbed.cif,-466.280158207126,uma-s-1p2,success
MAT_212,Ru0.80Hf0.20Ox,O,data\substituted_adsorbates\MAT_212_O_site0_adsorbed.cif,-747.0250550619892,uma-s-1p2,success
MAT_212,Ru0.80Hf0.20Ox,O,data\substituted_adsorbates\MAT_212_O_site1_adsorbed.cif,-747.401867016767,uma-s-1p2,success
MAT_212,Ru0.80Hf0.20Ox,O,data\substituted_adsorbates\MAT_212_O_site2_adsorbed.cif,-747.3670634066727,uma-s-1p2,success
MAT_212,Ru0.80Hf0.20Ox,O2,data\substituted_adsorbates\MAT_212_O2_site0_adsorbed.cif,-751.5925668121023,uma-s-1p2,success
MAT_212,Ru0.80Hf0.20Ox,O2,data\substituted_adsorbates\MAT_212_O2_site1_adsorbed.cif,-751.4736457010644,uma-s-1p2,success
MAT_212,Ru0.80Hf0.20Ox,O2,data\substituted_adsorbates\MAT_212_O2_site2_adsorbed.cif,-751.7068366150578,uma-s-1p2,success
MAT_212,Ru0.80Hf0.20Ox,N2O,data\substituted_adsorbates\MAT_212_N2O_site0_adsorbed.cif,-762.1514550406434,uma-s-1p2,success
MAT_212,Ru0.80Hf0.20Ox,N2O,data\substituted_adsorbates\MAT_212_N2O_site1_adsorbed.cif,-763.0877948492226,uma-s-1p2,success
MAT_212,Ru0.80Hf0.20Ox,N2O,data\substituted_adsorbates\MAT_212_N2O_site2_adsorbed.cif,-763.0524600068019,uma-s-1p2,success
MAT_213,Ru0.60Hf0.40Ox,O,data\substituted_adsorbates\MAT_213_O_site0_adsorbed.cif,-771.2100091093407,uma-s-1p2,success
MAT_213,Ru0.60Hf0.40Ox,O,data\substituted_adsorbates\MAT_213_O_site1_adsorbed.cif,-771.5472050097273,uma-s-1p2,success
MAT_213,Ru0.60Hf0.40Ox,O,data\substituted_adsorbates\MAT_213_O_site2_adsorbed.cif,-771.5501236266907,uma-s-1p2,success
MAT_213,Ru0.60Hf0.40Ox,O2,data\substituted_adsorbates\MAT_213_O2_site0_adsorbed.cif,-775.682020934579,uma-s-1p2,success
MAT_213,Ru0.60Hf0.40Ox,O2,data\substituted_adsorbates\MAT_213_O2_site1_adsorbed.cif,-775.5436212590748,uma-s-1p2,success
MAT_213,Ru0.60Hf0.40Ox,O2,data\substituted_adsorbates\MAT_213_O2_site2_adsorbed.cif,-775.839198632088,uma-s-1p2,success
MAT_213,Ru0.60Hf0.40Ox,N2O,data\substituted_adsorbates\MAT_213_N2O_site0_adsorbed.cif,-786.2125313567051,uma-s-1p2,success
MAT_213,Ru0.60Hf0.40Ox,N2O,data\substituted_adsorbates\MAT_213_N2O_site1_adsorbed.cif,-787.174967378088,uma-s-1p2,success
MAT_213,Ru0.60Hf0.40Ox,N2O,data\substituted_adsorbates\MAT_213_N2O_site2_adsorbed.cif,-787.0441869811102,uma-s-1p2,success
MAT_214,Ru0.40Hf0.60Ox,O,data\substituted_adsorbates\MAT_214_O_site0_adsorbed.cif,-824.963096436955,uma-s-1p2,success
MAT_214,Ru0.40Hf0.60Ox,O,data\substituted_adsorbates\MAT_214_O_site1_adsorbed.cif,-824.6826233712284,uma-s-1p2,success
MAT_214,Ru0.40Hf0.60Ox,O,data\substituted_adsorbates\MAT_214_O_site2_adsorbed.cif,-825.7462380473506,uma-s-1p2,success
MAT_214,Ru0.40Hf0.60Ox,O2,data\substituted_adsorbates\MAT_214_O2_site0_adsorbed.cif,-829.6941985899865,uma-s-1p2,success
MAT_214,Ru0.40Hf0.60Ox,O2,data\substituted_adsorbates\MAT_214_O2_site1_adsorbed.cif,-829.5782881937463,uma-s-1p2,success
MAT_214,Ru0.40Hf0.60Ox,O2,data\substituted_adsorbates\MAT_214_O2_site2_adsorbed.cif,-829.9168590550064,uma-s-1p2,success
MAT_214,Ru0.40Hf0.60Ox,N2O,data\substituted_adsorbates\MAT_214_N2O_site0_adsorbed.cif,-840.2473019676813,uma-s-1p2,success
MAT_214,Ru0.40Hf0.60Ox,N2O,data\substituted_adsorbates\MAT_214_N2O_site1_adsorbed.cif,-840.185957348539,uma-s-1p2,success
MAT_214,Ru0.40Hf0.60Ox,N2O,data\substituted_adsorbates\MAT_214_N2O_site2_adsorbed.cif,-841.1167410610544,uma-s-1p2,success
MAT_215,Ru0.20Hf0.80Ox,O,data\substituted_adsorbates\MAT_215_O_site0_adsorbed.cif,-851.0752560163287,uma-s-1p2,success
MAT_215,Ru0.20Hf0.80Ox,O,data\substituted_adsorbates\MAT_215_O_site1_adsorbed.cif,-850.6443980257974,uma-s-1p2,success
MAT_215,Ru0.20Hf0.80Ox,O,data\substituted_adsorbates\MAT_215_O_site2_adsorbed.cif,-852.861202585546,uma-s-1p2,success
MAT_215,Ru0.20Hf0.80Ox,O2,data\substituted_adsorbates\MAT_215_O2_site0_adsorbed.cif,-855.5353336730187,uma-s-1p2,success
MAT_215,Ru0.20Hf0.80Ox,O2,data\substituted_adsorbates\MAT_215_O2_site1_adsorbed.cif,-855.2992999495482,uma-s-1p2,success
MAT_215,Ru0.20Hf0.80Ox,O2,data\substituted_adsorbates\MAT_215_O2_site2_adsorbed.cif,-856.4049855082895,uma-s-1p2,success
MAT_215,Ru0.20Hf0.80Ox,N2O,data\substituted_adsorbates\MAT_215_N2O_site0_adsorbed.cif,-865.8334516031833,uma-s-1p2,success
MAT_215,Ru0.20Hf0.80Ox,N2O,data\substituted_adsorbates\MAT_215_N2O_site1_adsorbed.cif,-865.7047775229703,uma-s-1p2,success
MAT_215,Ru0.20Hf0.80Ox,N2O,data\substituted_adsorbates\MAT_215_N2O_site2_adsorbed.cif,-866.3408180872751,uma-s-1p2,success
MAT_217,Ru0.80Ta0.20Ox,O,data\substituted_adsorbates\MAT_217_O_site0_adsorbed.cif,-754.7762296798076,uma-s-1p2,success
MAT_217,Ru0.80Ta0.20Ox,O,data\substituted_adsorbates\MAT_217_O_site1_adsorbed.cif,-753.2125637807794,uma-s-1p2,success
MAT_217,Ru0.80Ta0.20Ox,O,data\substituted_adsorbates\MAT_217_O_site2_adsorbed.cif,-753.4321049678424,uma-s-1p2,success
MAT_217,Ru0.80Ta0.20Ox,O2,data\substituted_adsorbates\MAT_217_O2_site0_adsorbed.cif,-758.7375384591994,uma-s-1p2,success
MAT_217,Ru0.80Ta0.20Ox,O2,data\substituted_adsorbates\MAT_217_O2_site1_adsorbed.cif,-757.5549816673139,uma-s-1p2,success
MAT_217,Ru0.80Ta0.20Ox,O2,data\substituted_adsorbates\MAT_217_O2_site2_adsorbed.cif,-757.7731645463035,uma-s-1p2,success
MAT_217,Ru0.80Ta0.20Ox,N2O,data\substituted_adsorbates\MAT_217_N2O_site0_adsorbed.cif,-768.9527362752508,uma-s-1p2,success
MAT_217,Ru0.80Ta0.20Ox,N2O,data\substituted_adsorbates\MAT_217_N2O_site1_adsorbed.cif,-769.2002745640183,uma-s-1p2,success
MAT_217,Ru0.80Ta0.20Ox,N2O,data\substituted_adsorbates\MAT_217_N2O_site2_adsorbed.cif,-769.196331484882,uma-s-1p2,success
MAT_218,Ru0.60Ta0.40Ox,O,data\substituted_adsorbates\MAT_218_O_site0_adsorbed.cif,-783.4897633823664,uma-s-1p2,success
MAT_218,Ru0.60Ta0.40Ox,O,data\substituted_adsorbates\MAT_218_O_site1_adsorbed.cif,-781.9231128400966,uma-s-1p2,success
MAT_218,Ru0.60Ta0.40Ox,O,data\substituted_adsorbates\MAT_218_O_site2_adsorbed.cif,-782.3938255009991,uma-s-1p2,success
MAT_218,Ru0.60Ta0.40Ox,O2,data\substituted_adsorbates\MAT_218_O2_site0_adsorbed.cif,-787.5901298753384,uma-s-1p2,success
MAT_218,Ru0.60Ta0.40Ox,O2,data\substituted_adsorbates\MAT_218_O2_site1_adsorbed.cif,-786.3830289756229,uma-s-1p2,success
MAT_218,Ru0.60Ta0.40Ox,O2,data\substituted_adsorbates\MAT_218_O2_site2_adsorbed.cif,-786.6801612557397,uma-s-1p2,success
MAT_218,Ru0.60Ta0.40Ox,N2O,data\substituted_adsorbates\MAT_218_N2O_site0_adsorbed.cif,-797.7676268865023,uma-s-1p2,success
MAT_218,Ru0.60Ta0.40Ox,N2O,data\substituted_adsorbates\MAT_218_N2O_site1_adsorbed.cif,-798.0404792088959,uma-s-1p2,success
MAT_218,Ru0.60Ta0.40Ox,N2O,data\substituted_adsorbates\MAT_218_N2O_site2_adsorbed.cif,-798.0957842133452,uma-s-1p2,success
MAT_219,Ru0.40Ta0.60Ox,O,data\substituted_adsorbates\MAT_219_O_site0_adsorbed.cif,-838.6274020285765,uma-s-1p2,success
MAT_219,Ru0.40Ta0.60Ox,O,data\substituted_adsorbates\MAT_219_O_site1_adsorbed.cif,-838.08548455852,uma-s-1p2,success
MAT_219,Ru0.40Ta0.60Ox,O,data\substituted_adsorbates\MAT_219_O_site2_adsorbed.cif,-837.4799261876499,uma-s-1p2,success
MAT_219,Ru0.40Ta0.60Ox,O2,data\substituted_adsorbates\MAT_219_O2_site0_adsorbed.cif,-842.7616376875789,uma-s-1p2,success
MAT_219,Ru0.40Ta0.60Ox,O2,data\substituted_adsorbates\MAT_219_O2_site1_adsorbed.cif,-842.3750719237368,uma-s-1p2,success
MAT_219,Ru0.40Ta0.60Ox,O2,data\substituted_adsorbates\MAT_219_O2_site2_adsorbed.cif,-841.6306466915757,uma-s-1p2,success
MAT_219,Ru0.40Ta0.60Ox,N2O,data\substituted_adsorbates\MAT_219_N2O_site0_adsorbed.cif,-852.9093825963663,uma-s-1p2,success
MAT_219,Ru0.40Ta0.60Ox,N2O,data\substituted_adsorbates\MAT_219_N2O_site1_adsorbed.cif,-852.5719338568787,uma-s-1p2,success
MAT_219,Ru0.40Ta0.60Ox,N2O,data\substituted_adsorbates\MAT_219_N2O_site2_adsorbed.cif,-853.1180571263675,uma-s-1p2,success
MAT_220,Ru0.20Ta0.80Ox,O,data\substituted_adsorbates\MAT_220_O_site0_adsorbed.cif,-858.3021641035979,uma-s-1p2,success
MAT_220,Ru0.20Ta0.80Ox,O,data\substituted_adsorbates\MAT_220_O_site1_adsorbed.cif,-857.9793644915242,uma-s-1p2,success
MAT_220,Ru0.20Ta0.80Ox,O,data\substituted_adsorbates\MAT_220_O_site2_adsorbed.cif,-858.5749265453643,uma-s-1p2,success
MAT_220,Ru0.20Ta0.80Ox,O2,data\substituted_adsorbates\MAT_220_O2_site0_adsorbed.cif,-862.3310184830094,uma-s-1p2,success
MAT_220,Ru0.20Ta0.80Ox,O2,data\substituted_adsorbates\MAT_220_O2_site1_adsorbed.cif,-862.0531895480046,uma-s-1p2,success
MAT_220,Ru0.20Ta0.80Ox,O2,data\substituted_adsorbates\MAT_220_O2_site2_adsorbed.cif,-862.1860309027388,uma-s-1p2,success
MAT_220,Ru0.20Ta0.80Ox,N2O,data\substituted_adsorbates\MAT_220_N2O_site0_adsorbed.cif,-872.4097036342907,uma-s-1p2,success
MAT_220,Ru0.20Ta0.80Ox,N2O,data\substituted_adsorbates\MAT_220_N2O_site1_adsorbed.cif,-872.109059793036,uma-s-1p2,success
MAT_220,Ru0.20Ta0.80Ox,N2O,data\substituted_adsorbates\MAT_220_N2O_site2_adsorbed.cif,-872.6905371474038,uma-s-1p2,success
MAT_222,Ru0.80W0.20Ox,O,data\substituted_adsorbates\MAT_222_O_site0_adsorbed.cif,-696.1909836911176,uma-s-1p2,success
MAT_222,Ru0.80W0.20Ox,O,data\substituted_adsorbates\MAT_222_O_site1_adsorbed.cif,-696.3623207782327,uma-s-1p2,success
MAT_222,Ru0.80W0.20Ox,O,data\substituted_adsorbates\MAT_222_O_site2_adsorbed.cif,-696.4352129094989,uma-s-1p2,success
MAT_222,Ru0.80W0.20Ox,O2,data\substituted_adsorbates\MAT_222_O2_site0_adsorbed.cif,-700.577022195558,uma-s-1p2,success
MAT_222,Ru0.80W0.20Ox,O2,data\substituted_adsorbates\MAT_222_O2_site1_adsorbed.cif,-700.7465485093685,uma-s-1p2,success
MAT_222,Ru0.80W0.20Ox,O2,data\substituted_adsorbates\MAT_222_O2_site2_adsorbed.cif,-700.8218334970486,uma-s-1p2,success
MAT_222,Ru0.80W0.20Ox,N2O,data\substituted_adsorbates\MAT_222_N2O_site0_adsorbed.cif,-712.1779290129706,uma-s-1p2,success
MAT_222,Ru0.80W0.20Ox,N2O,data\substituted_adsorbates\MAT_222_N2O_site1_adsorbed.cif,-712.1132576882717,uma-s-1p2,success
MAT_222,Ru0.80W0.20Ox,N2O,data\substituted_adsorbates\MAT_222_N2O_site2_adsorbed.cif,-712.2289607643979,uma-s-1p2,success
MAT_223,Ru0.60W0.40Ox,O,data\substituted_adsorbates\MAT_223_O_site0_adsorbed.cif,-697.1462859741207,uma-s-1p2,success
MAT_223,Ru0.60W0.40Ox,O,data\substituted_adsorbates\MAT_223_O_site1_adsorbed.cif,-697.5824150508644,uma-s-1p2,success
MAT_223,Ru0.60W0.40Ox,O,data\substituted_adsorbates\MAT_223_O_site2_adsorbed.cif,-698.5752192332452,uma-s-1p2,success
MAT_223,Ru0.60W0.40Ox,O2,data\substituted_adsorbates\MAT_223_O2_site0_adsorbed.cif,-701.7128832950259,uma-s-1p2,success
MAT_223,Ru0.60W0.40Ox,O2,data\substituted_adsorbates\MAT_223_O2_site1_adsorbed.cif,-701.942127805322,uma-s-1p2,success
MAT_223,Ru0.60W0.40Ox,O2,data\substituted_adsorbates\MAT_223_O2_site2_adsorbed.cif,-702.5085766673883,uma-s-1p2,success
MAT_223,Ru0.60W0.40Ox,N2O,data\substituted_adsorbates\MAT_223_N2O_site0_adsorbed.cif,-713.2447093152117,uma-s-1p2,success
MAT_223,Ru0.60W0.40Ox,N2O,data\substituted_adsorbates\MAT_223_N2O_site1_adsorbed.cif,-713.2797841819742,uma-s-1p2,success
MAT_223,Ru0.60W0.40Ox,N2O,data\substituted_adsorbates\MAT_223_N2O_site2_adsorbed.cif,-712.9465726277729,uma-s-1p2,success
MAT_224,Ru0.40W0.60Ox,O,data\substituted_adsorbates\MAT_224_O_site0_adsorbed.cif,-696.5852215368639,uma-s-1p2,success
MAT_224,Ru0.40W0.60Ox,O,data\substituted_adsorbates\MAT_224_O_site1_adsorbed.cif,-697.3636574288645,uma-s-1p2,success
MAT_224,Ru0.40W0.60Ox,O,data\substituted_adsorbates\MAT_224_O_site2_adsorbed.cif,-697.2121663301804,uma-s-1p2,success
MAT_224,Ru0.40W0.60Ox,O2,data\substituted_adsorbates\MAT_224_O2_site0_adsorbed.cif,-700.8471949947578,uma-s-1p2,success
MAT_224,Ru0.40W0.60Ox,O2,data\substituted_adsorbates\MAT_224_O2_site1_adsorbed.cif,-701.3067679896619,uma-s-1p2,success
MAT_224,Ru0.40W0.60Ox,O2,data\substituted_adsorbates\MAT_224_O2_site2_adsorbed.cif,-701.25469672305,uma-s-1p2,success
MAT_224,Ru0.40W0.60Ox,N2O,data\substituted_adsorbates\MAT_224_N2O_site0_adsorbed.cif,-712.1236418419229,uma-s-1p2,success
MAT_224,Ru0.40W0.60Ox,N2O,data\substituted_adsorbates\MAT_224_N2O_site1_adsorbed.cif,-711.7995511328976,uma-s-1p2,success
MAT_224,Ru0.40W0.60Ox,N2O,data\substituted_adsorbates\MAT_224_N2O_site2_adsorbed.cif,-711.707510418576,uma-s-1p2,success
MAT_225,Ru0.20W0.80Ox,O,data\substituted_adsorbates\MAT_225_O_site0_adsorbed.cif,-693.0844836109189,uma-s-1p2,success
MAT_225,Ru0.20W0.80Ox,O,data\substituted_adsorbates\MAT_225_O_site1_adsorbed.cif,-694.0748183170068,uma-s-1p2,success
MAT_225,Ru0.20W0.80Ox,O,data\substituted_adsorbates\MAT_225_O_site2_adsorbed.cif,-693.9977566315207,uma-s-1p2,success
MAT_225,Ru0.20W0.80Ox,O2,data\substituted_adsorbates\MAT_225_O2_site0_adsorbed.cif,-697.3479674392996,uma-s-1p2,success
MAT_225,Ru0.20W0.80Ox,O2,data\substituted_adsorbates\MAT_225_O2_site1_adsorbed.cif,-697.8557751701046,uma-s-1p2,success
MAT_225,Ru0.20W0.80Ox,O2,data\substituted_adsorbates\MAT_225_O2_site2_adsorbed.cif,-697.8485737038869,uma-s-1p2,success
MAT_225,Ru0.20W0.80Ox,N2O,data\substituted_adsorbates\MAT_225_N2O_site0_adsorbed.cif,-708.6193478107241,uma-s-1p2,success
MAT_225,Ru0.20W0.80Ox,N2O,data\substituted_adsorbates\MAT_225_N2O_site1_adsorbed.cif,-708.3406616314576,uma-s-1p2,success
MAT_225,Ru0.20W0.80Ox,N2O,data\substituted_adsorbates\MAT_225_N2O_site2_adsorbed.cif,-708.2709262257017,uma-s-1p2,success
MAT_227,Ru0.80Re0.20Ox,O,data\substituted_adsorbates\MAT_227_O_site0_adsorbed.cif,-728.8074684262526,uma-s-1p2,success
MAT_227,Ru0.80Re0.20Ox,O,data\substituted_adsorbates\MAT_227_O_site1_adsorbed.cif,-727.5800647059516,uma-s-1p2,success
MAT_227,Ru0.80Re0.20Ox,O,data\substituted_adsorbates\MAT_227_O_site2_adsorbed.cif,-727.5081171249144,uma-s-1p2,success
MAT_227,Ru0.80Re0.20Ox,O2,data\substituted_adsorbates\MAT_227_O2_site0_adsorbed.cif,-732.7738703203661,uma-s-1p2,success
MAT_227,Ru0.80Re0.20Ox,O2,data\substituted_adsorbates\MAT_227_O2_site1_adsorbed.cif,-731.8673919922151,uma-s-1p2,success
MAT_227,Ru0.80Re0.20Ox,O2,data\substituted_adsorbates\MAT_227_O2_site2_adsorbed.cif,-731.9856044968567,uma-s-1p2,success
MAT_227,Ru0.80Re0.20Ox,N2O,data\substituted_adsorbates\MAT_227_N2O_site0_adsorbed.cif,-743.7458922882352,uma-s-1p2,success
MAT_227,Ru0.80Re0.20Ox,N2O,data\substituted_adsorbates\MAT_227_N2O_site1_adsorbed.cif,-743.5405494781282,uma-s-1p2,success
MAT_227,Ru0.80Re0.20Ox,N2O,data\substituted_adsorbates\MAT_227_N2O_site2_adsorbed.cif,-743.483406586456,uma-s-1p2,success
MAT_228,Ru0.60Re0.40Ox,O,data\substituted_adsorbates\MAT_228_O_site0_adsorbed.cif,-745.4674491412469,uma-s-1p2,success
MAT_228,Ru0.60Re0.40Ox,O,data\substituted_adsorbates\MAT_228_O_site1_adsorbed.cif,-744.2322926350552,uma-s-1p2,success
MAT_228,Ru0.60Re0.40Ox,O,data\substituted_adsorbates\MAT_228_O_site2_adsorbed.cif,-744.305623178409,uma-s-1p2,success
MAT_228,Ru0.60Re0.40Ox,O2,data\substituted_adsorbates\MAT_228_O2_site0_adsorbed.cif,-749.585623751844,uma-s-1p2,success
MAT_228,Ru0.60Re0.40Ox,O2,data\substituted_adsorbates\MAT_228_O2_site1_adsorbed.cif,-748.6765512613704,uma-s-1p2,success
MAT_228,Ru0.60Re0.40Ox,O2,data\substituted_adsorbates\MAT_228_O2_site2_adsorbed.cif,-748.773037760923,uma-s-1p2,success
MAT_228,Ru0.60Re0.40Ox,N2O,data\substituted_adsorbates\MAT_228_N2O_site0_adsorbed.cif,-760.5730408210869,uma-s-1p2,success
MAT_228,Ru0.60Re0.40Ox,N2O,data\substituted_adsorbates\MAT_228_N2O_site1_adsorbed.cif,-760.3528124772944,uma-s-1p2,success
MAT_228,Ru0.60Re0.40Ox,N2O,data\substituted_adsorbates\MAT_228_N2O_site2_adsorbed.cif,-760.334027418719,uma-s-1p2,success
MAT_229,Ru0.40Re0.60Ox,O,data\substituted_adsorbates\MAT_229_O_site0_adsorbed.cif,-773.8062983145238,uma-s-1p2,success
MAT_229,Ru0.40Re0.60Ox,O,data\substituted_adsorbates\MAT_229_O_site1_adsorbed.cif,-773.8727219177545,uma-s-1p2,success
MAT_229,Ru0.40Re0.60Ox,O,data\substituted_adsorbates\MAT_229_O_site2_adsorbed.cif,-772.8986750626121,uma-s-1p2,success
MAT_229,Ru0.40Re0.60Ox,O2,data\substituted_adsorbates\MAT_229_O2_site0_adsorbed.cif,-778.0060649896636,uma-s-1p2,success
MAT_229,Ru0.40Re0.60Ox,O2,data\substituted_adsorbates\MAT_229_O2_site1_adsorbed.cif,-778.0830747445095,uma-s-1p2,success
MAT_229,Ru0.40Re0.60Ox,O2,data\substituted_adsorbates\MAT_229_O2_site2_adsorbed.cif,-777.3096587993957,uma-s-1p2,success
MAT_229,Ru0.40Re0.60Ox,N2O,data\substituted_adsorbates\MAT_229_N2O_site0_adsorbed.cif,-789.0781770810621,uma-s-1p2,success
MAT_229,Ru0.40Re0.60Ox,N2O,data\substituted_adsorbates\MAT_229_N2O_site1_adsorbed.cif,-789.0660120805059,uma-s-1p2,success
MAT_229,Ru0.40Re0.60Ox,N2O,data\substituted_adsorbates\MAT_229_N2O_site2_adsorbed.cif,-788.8847074200638,uma-s-1p2,success
MAT_230,Ru0.20Re0.80Ox,O,data\substituted_adsorbates\MAT_230_O_site0_adsorbed.cif,-785.5871117838135,uma-s-1p2,success
MAT_230,Ru0.20Re0.80Ox,O,data\substituted_adsorbates\MAT_230_O_site1_adsorbed.cif,-785.6670391307582,uma-s-1p2,success
MAT_230,Ru0.20Re0.80Ox,O,data\substituted_adsorbates\MAT_230_O_site2_adsorbed.cif,-785.7727852946495,uma-s-1p2,success
MAT_230,Ru0.20Re0.80Ox,O2,data\substituted_adsorbates\MAT_230_O2_site0_adsorbed.cif,-789.7849308612225,uma-s-1p2,success
MAT_230,Ru0.20Re0.80Ox,O2,data\substituted_adsorbates\MAT_230_O2_site1_adsorbed.cif,-789.8694656495443,uma-s-1p2,success
MAT_230,Ru0.20Re0.80Ox,O2,data\substituted_adsorbates\MAT_230_O2_site2_adsorbed.cif,-789.5878432981333,uma-s-1p2,success
MAT_230,Ru0.20Re0.80Ox,N2O,data\substituted_adsorbates\MAT_230_N2O_site0_adsorbed.cif,-800.8971972209167,uma-s-1p2,success
MAT_230,Ru0.20Re0.80Ox,N2O,data\substituted_adsorbates\MAT_230_N2O_site1_adsorbed.cif,-800.8923615446885,uma-s-1p2,success
MAT_230,Ru0.20Re0.80Ox,N2O,data\substituted_adsorbates\MAT_230_N2O_site2_adsorbed.cif,-800.7245642549815,uma-s-1p2,success
MAT_232,Ru0.80Os0.20Ox,O,data\substituted_adsorbates\MAT_232_O_site0_adsorbed.cif,-709.9215019038519,uma-s-1p2,success
MAT_232,Ru0.80Os0.20Ox,O,data\substituted_adsorbates\MAT_232_O_site1_adsorbed.cif,-709.2020988188739,uma-s-1p2,success
MAT_232,Ru0.80Os0.20Ox,O,data\substituted_adsorbates\MAT_232_O_site2_adsorbed.cif,-708.9338966922096,uma-s-1p2,success
MAT_232,Ru0.80Os0.20Ox,O2,data\substituted_adsorbates\MAT_232_O2_site0_adsorbed.cif,-713.7791052447815,uma-s-1p2,success
MAT_232,Ru0.80Os0.20Ox,O2,data\substituted_adsorbates\MAT_232_O2_site1_adsorbed.cif,-713.4106633393565,uma-s-1p2,success
MAT_232,Ru0.80Os0.20Ox,O2,data\substituted_adsorbates\MAT_232_O2_site2_adsorbed.cif,-713.4678041663016,uma-s-1p2,success
MAT_232,Ru0.80Os0.20Ox,N2O,data\substituted_adsorbates\MAT_232_N2O_site0_adsorbed.cif,-725.2407253988572,uma-s-1p2,success
MAT_232,Ru0.80Os0.20Ox,N2O,data\substituted_adsorbates\MAT_232_N2O_site1_adsorbed.cif,-725.0597102401733,uma-s-1p2,success
MAT_232,Ru0.80Os0.20Ox,N2O,data\substituted_adsorbates\MAT_232_N2O_site2_adsorbed.cif,-724.9307731222063,uma-s-1p2,success
MAT_233,Ru0.60Os0.40Ox,O,data\substituted_adsorbates\MAT_233_O_site0_adsorbed.cif,-716.8107989829415,uma-s-1p2,success
MAT_233,Ru0.60Os0.40Ox,O,data\substituted_adsorbates\MAT_233_O_site1_adsorbed.cif,-716.0935821141738,uma-s-1p2,success
MAT_233,Ru0.60Os0.40Ox,O,data\substituted_adsorbates\MAT_233_O_site2_adsorbed.cif,-715.8290041337756,uma-s-1p2,success
MAT_233,Ru0.60Os0.40Ox,O2,data\substituted_adsorbates\MAT_233_O2_site0_adsorbed.cif,-720.6867065809583,uma-s-1p2,success
MAT_233,Ru0.60Os0.40Ox,O2,data\substituted_adsorbates\MAT_233_O2_site1_adsorbed.cif,-720.3208415751361,uma-s-1p2,success
MAT_233,Ru0.60Os0.40Ox,O2,data\substituted_adsorbates\MAT_233_O2_site2_adsorbed.cif,-720.3577994231649,uma-s-1p2,success
MAT_233,Ru0.60Os0.40Ox,N2O,data\substituted_adsorbates\MAT_233_N2O_site0_adsorbed.cif,-732.125904771878,uma-s-1p2,success
MAT_233,Ru0.60Os0.40Ox,N2O,data\substituted_adsorbates\MAT_233_N2O_site1_adsorbed.cif,-731.9441314033503,uma-s-1p2,success
MAT_233,Ru0.60Os0.40Ox,N2O,data\substituted_adsorbates\MAT_233_N2O_site2_adsorbed.cif,-731.8292388351593,uma-s-1p2,success
MAT_234,Ru0.40Os0.60Ox,O,data\substituted_adsorbates\MAT_234_O_site0_adsorbed.cif,-727.6042141003028,uma-s-1p2,success
MAT_234,Ru0.40Os0.60Ox,O,data\substituted_adsorbates\MAT_234_O_site1_adsorbed.cif,-727.5992737928959,uma-s-1p2,success
MAT_234,Ru0.40Os0.60Ox,O,data\substituted_adsorbates\MAT_234_O_site2_adsorbed.cif,-726.6957902641449,uma-s-1p2,success
MAT_234,Ru0.40Os0.60Ox,O2,data\substituted_adsorbates\MAT_234_O2_site0_adsorbed.cif,-731.4807561695088,uma-s-1p2,success
MAT_234,Ru0.40Os0.60Ox,O2,data\substituted_adsorbates\MAT_234_O2_site1_adsorbed.cif,-731.5094870842797,uma-s-1p2,success
MAT_234,Ru0.40Os0.60Ox,O2,data\substituted_adsorbates\MAT_234_O2_site2_adsorbed.cif,-731.1966509885689,uma-s-1p2,success
MAT_234,Ru0.40Os0.60Ox,N2O,data\substituted_adsorbates\MAT_234_N2O_site0_adsorbed.cif,-742.9404518228027,uma-s-1p2,success
MAT_234,Ru0.40Os0.60Ox,N2O,data\substituted_adsorbates\MAT_234_N2O_site1_adsorbed.cif,-742.9251816349282,uma-s-1p2,success
MAT_234,Ru0.40Os0.60Ox,N2O,data\substituted_adsorbates\MAT_234_N2O_site2_adsorbed.cif,-742.6406113954205,uma-s-1p2,success
MAT_235,Ru0.20Os0.80Ox,O,data\substituted_adsorbates\MAT_235_O_site0_adsorbed.cif,-731.762453292774,uma-s-1p2,success
MAT_235,Ru0.20Os0.80Ox,O,data\substituted_adsorbates\MAT_235_O_site1_adsorbed.cif,-731.7603166350173,uma-s-1p2,success
MAT_235,Ru0.20Os0.80Ox,O,data\substituted_adsorbates\MAT_235_O_site2_adsorbed.cif,-731.614019947674,uma-s-1p2,success
MAT_235,Ru0.20Os0.80Ox,O2,data\substituted_adsorbates\MAT_235_O2_site0_adsorbed.cif,-735.7626414063748,uma-s-1p2,success
MAT_235,Ru0.20Os0.80Ox,O2,data\substituted_adsorbates\MAT_235_O2_site1_adsorbed.cif,-735.7930410007203,uma-s-1p2,success
MAT_235,Ru0.20Os0.80Ox,O2,data\substituted_adsorbates\MAT_235_O2_site2_adsorbed.cif,-735.5843140226474,uma-s-1p2,success
MAT_235,Ru0.20Os0.80Ox,N2O,data\substituted_adsorbates\MAT_235_N2O_site0_adsorbed.cif,-747.2663740800696,uma-s-1p2,success
MAT_235,Ru0.20Os0.80Ox,N2O,data\substituted_adsorbates\MAT_235_N2O_site1_adsorbed.cif,-747.2502076555841,uma-s-1p2,success
MAT_235,Ru0.20Os0.80Ox,N2O,data\substituted_adsorbates\MAT_235_N2O_site2_adsorbed.cif,-746.9752672765136,uma-s-1p2,success
MAT_237,Ru0.80Ir0.20Ox,O,data\substituted_adsorbates\MAT_237_O_site0_adsorbed.cif,-687.4932961120229,uma-s-1p2,success
MAT_237,Ru0.80Ir0.20Ox,O,data\substituted_adsorbates\MAT_237_O_site1_adsorbed.cif,-687.3742033836548,uma-s-1p2,success
MAT_237,Ru0.80Ir0.20Ox,O,data\substituted_adsorbates\MAT_237_O_site2_adsorbed.cif,-687.0084035842192,uma-s-1p2,success
MAT_237,Ru0.80Ir0.20Ox,O2,data\substituted_adsorbates\MAT_237_O2_site0_adsorbed.cif,-691.2068988498066,uma-s-1p2,success
MAT_237,Ru0.80Ir0.20Ox,O2,data\substituted_adsorbates\MAT_237_O2_site1_adsorbed.cif,-691.568156194281,uma-s-1p2,success
MAT_237,Ru0.80Ir0.20Ox,O2,data\substituted_adsorbates\MAT_237_O2_site2_adsorbed.cif,-691.5525151453955,uma-s-1p2,success
MAT_237,Ru0.80Ir0.20Ox,N2O,data\substituted_adsorbates\MAT_237_N2O_site0_adsorbed.cif,-703.1393885140658,uma-s-1p2,success
MAT_237,Ru0.80Ir0.20Ox,N2O,data\substituted_adsorbates\MAT_237_N2O_site1_adsorbed.cif,-703.2167555592152,uma-s-1p2,success
MAT_237,Ru0.80Ir0.20Ox,N2O,data\substituted_adsorbates\MAT_237_N2O_site2_adsorbed.cif,-703.0369389222118,uma-s-1p2,success
MAT_238,Ru0.60Ir0.40Ox,O,data\substituted_adsorbates\MAT_238_O_site0_adsorbed.cif,-682.6777435157156,uma-s-1p2,success
MAT_238,Ru0.60Ir0.40Ox,O,data\substituted_adsorbates\MAT_238_O_site1_adsorbed.cif,-682.5497629313948,uma-s-1p2,success
MAT_238,Ru0.60Ir0.40Ox,O,data\substituted_adsorbates\MAT_238_O_site2_adsorbed.cif,-682.1327857572679,uma-s-1p2,success
MAT_238,Ru0.60Ir0.40Ox,O2,data\substituted_adsorbates\MAT_238_O2_site0_adsorbed.cif,-686.3592510181405,uma-s-1p2,success
MAT_238,Ru0.60Ir0.40Ox,O2,data\substituted_adsorbates\MAT_238_O2_site1_adsorbed.cif,-686.7279643477116,uma-s-1p2,success
MAT_238,Ru0.60Ir0.40Ox,O2,data\substituted_adsorbates\MAT_238_O2_site2_adsorbed.cif,-686.6830694381341,uma-s-1p2,success
MAT_238,Ru0.60Ir0.40Ox,N2O,data\substituted_adsorbates\MAT_238_N2O_site0_adsorbed.cif,-698.2646021522816,uma-s-1p2,success
MAT_238,Ru0.60Ir0.40Ox,N2O,data\substituted_adsorbates\MAT_238_N2O_site1_adsorbed.cif,-698.3382984823165,uma-s-1p2,success
MAT_238,Ru0.60Ir0.40Ox,N2O,data\substituted_adsorbates\MAT_238_N2O_site2_adsorbed.cif,-698.1302811854977,uma-s-1p2,success
MAT_239,Ru0.40Ir0.60Ox,O,data\substituted_adsorbates\MAT_239_O_site0_adsorbed.cif,-672.4527963370473,uma-s-1p2,success
MAT_239,Ru0.40Ir0.60Ox,O,data\substituted_adsorbates\MAT_239_O_site1_adsorbed.cif,-672.348145970906,uma-s-1p2,success
MAT_239,Ru0.40Ir0.60Ox,O,data\substituted_adsorbates\MAT_239_O_site2_adsorbed.cif,-671.8058388723176,uma-s-1p2,success
MAT_239,Ru0.40Ir0.60Ox,O2,data\substituted_adsorbates\MAT_239_O2_site0_adsorbed.cif,-676.0866311968211,uma-s-1p2,success
MAT_239,Ru0.40Ir0.60Ox,O2,data\substituted_adsorbates\MAT_239_O2_site1_adsorbed.cif,-676.0400031061894,uma-s-1p2,success
MAT_239,Ru0.40Ir0.60Ox,O2,data\substituted_adsorbates\MAT_239_O2_site2_adsorbed.cif,-676.3366460459458,uma-s-1p2,success
MAT_239,Ru0.40Ir0.60Ox,N2O,data\substituted_adsorbates\MAT_239_N2O_site0_adsorbed.cif,-687.9702561109016,uma-s-1p2,success
MAT_239,Ru0.40Ir0.60Ox,N2O,data\substituted_adsorbates\MAT_239_N2O_site1_adsorbed.cif,-687.895151131943,uma-s-1p2,success
MAT_239,Ru0.40Ir0.60Ox,N2O,data\substituted_adsorbates\MAT_239_N2O_site2_adsorbed.cif,-687.74713000989,uma-s-1p2,success
MAT_240,Ru0.20Ir0.80Ox,O,data\substituted_adsorbates\MAT_240_O_site0_adsorbed.cif,-666.9309428550183,uma-s-1p2,success
MAT_240,Ru0.20Ir0.80Ox,O,data\substituted_adsorbates\MAT_240_O_site1_adsorbed.cif,-666.8278457936922,uma-s-1p2,success
MAT_240,Ru0.20Ir0.80Ox,O,data\substituted_adsorbates\MAT_240_O_site2_adsorbed.cif,-666.2590016755289,uma-s-1p2,success
MAT_240,Ru0.20Ir0.80Ox,O2,data\substituted_adsorbates\MAT_240_O2_site0_adsorbed.cif,-670.6958972894661,uma-s-1p2,success
MAT_240,Ru0.20Ir0.80Ox,O2,data\substituted_adsorbates\MAT_240_O2_site1_adsorbed.cif,-670.6492071020369,uma-s-1p2,success
MAT_240,Ru0.20Ir0.80Ox,O2,data\substituted_adsorbates\MAT_240_O2_site2_adsorbed.cif,-670.4313318174155,uma-s-1p2,success
MAT_240,Ru0.20Ir0.80Ox,N2O,data\substituted_adsorbates\MAT_240_N2O_site0_adsorbed.cif,-682.6163581776742,uma-s-1p2,success
MAT_240,Ru0.20Ir0.80Ox,N2O,data\substituted_adsorbates\MAT_240_N2O_site1_adsorbed.cif,-682.5386938367963,uma-s-1p2,success
MAT_240,Ru0.20Ir0.80Ox,N2O,data\substituted_adsorbates\MAT_240_N2O_site2_adsorbed.cif,-682.0556601584466,uma-s-1p2,success
MAT_242,Ru0.80Pt0.20Ox,O,data\substituted_adsorbates\MAT_242_O_site0_adsorbed.cif,-657.7255646860158,uma-s-1p2,success
MAT_242,Ru0.80Pt0.20Ox,O,data\substituted_adsorbates\MAT_242_O_site1_adsorbed.cif,-657.2574598756275,uma-s-1p2,success
MAT_242,Ru0.80Pt0.20Ox,O,data\substituted_adsorbates\MAT_242_O_site2_adsorbed.cif,-657.3205657896104,uma-s-1p2,success
MAT_242,Ru0.80Pt0.20Ox,O2,data\substituted_adsorbates\MAT_242_O2_site0_adsorbed.cif,-661.8334445465046,uma-s-1p2,success
MAT_242,Ru0.80Pt0.20Ox,O2,data\substituted_adsorbates\MAT_242_O2_site1_adsorbed.cif,-661.7946855713968,uma-s-1p2,success
MAT_242,Ru0.80Pt0.20Ox,O2,data\substituted_adsorbates\MAT_242_O2_site2_adsorbed.cif,-661.8348768473039,uma-s-1p2,success
MAT_242,Ru0.80Pt0.20Ox,N2O,data\substituted_adsorbates\MAT_242_N2O_site0_adsorbed.cif,-673.473366752654,uma-s-1p2,success
MAT_242,Ru0.80Pt0.20Ox,N2O,data\substituted_adsorbates\MAT_242_N2O_site1_adsorbed.cif,-673.2570623955198,uma-s-1p2,success
MAT_242,Ru0.80Pt0.20Ox,N2O,data\substituted_adsorbates\MAT_242_N2O_site2_adsorbed.cif,-673.2408563462685,uma-s-1p2,success
MAT_243,Ru0.60Pt0.40Ox,O,data\substituted_adsorbates\MAT_243_O_site0_adsorbed.cif,-637.1199410599902,uma-s-1p2,success
MAT_243,Ru0.60Pt0.40Ox,O,data\substituted_adsorbates\MAT_243_O_site1_adsorbed.cif,-636.548120884951,uma-s-1p2,success
MAT_243,Ru0.60Pt0.40Ox,O,data\substituted_adsorbates\MAT_243_O_site2_adsorbed.cif,-636.8206838830631,uma-s-1p2,success
MAT_243,Ru0.60Pt0.40Ox,O2,data\substituted_adsorbates\MAT_243_O2_site0_adsorbed.cif,-641.0773892943432,uma-s-1p2,success
MAT_243,Ru0.60Pt0.40Ox,O2,data\substituted_adsorbates\MAT_243_O2_site1_adsorbed.cif,-641.0222152450955,uma-s-1p2,success
MAT_243,Ru0.60Pt0.40Ox,O2,data\substituted_adsorbates\MAT_243_O2_site2_adsorbed.cif,-639.8533707218788,uma-s-1p2,success
MAT_243,Ru0.60Pt0.40Ox,N2O,data\substituted_adsorbates\MAT_243_N2O_site0_adsorbed.cif,-652.6022959560464,uma-s-1p2,success
MAT_243,Ru0.60Pt0.40Ox,N2O,data\substituted_adsorbates\MAT_243_N2O_site1_adsorbed.cif,-652.3526130555728,uma-s-1p2,success
MAT_243,Ru0.60Pt0.40Ox,N2O,data\substituted_adsorbates\MAT_243_N2O_site2_adsorbed.cif,-651.8862020789364,uma-s-1p2,success
MAT_244,Ru0.40Pt0.60Ox,O,data\substituted_adsorbates\MAT_244_O_site0_adsorbed.cif,-597.0813790613118,uma-s-1p2,success
MAT_244,Ru0.40Pt0.60Ox,O,data\substituted_adsorbates\MAT_244_O_site1_adsorbed.cif,-597.5188971320755,uma-s-1p2,success
MAT_244,Ru0.40Pt0.60Ox,O,data\substituted_adsorbates\MAT_244_O_site2_adsorbed.cif,-597.4668342943502,uma-s-1p2,success
MAT_244,Ru0.40Pt0.60Ox,O2,data\substituted_adsorbates\MAT_244_O2_site0_adsorbed.cif,-601.5356923044559,uma-s-1p2,success
MAT_244,Ru0.40Pt0.60Ox,O2,data\substituted_adsorbates\MAT_244_O2_site1_adsorbed.cif,-600.4448326422779,uma-s-1p2,success
MAT_244,Ru0.40Pt0.60Ox,O2,data\substituted_adsorbates\MAT_244_O2_site2_adsorbed.cif,-600.5165441195034,uma-s-1p2,success
MAT_244,Ru0.40Pt0.60Ox,N2O,data\substituted_adsorbates\MAT_244_N2O_site0_adsorbed.cif,-612.7879987904579,uma-s-1p2,success
MAT_244,Ru0.40Pt0.60Ox,N2O,data\substituted_adsorbates\MAT_244_N2O_site1_adsorbed.cif,-612.3592858565738,uma-s-1p2,success
MAT_244,Ru0.40Pt0.60Ox,N2O,data\substituted_adsorbates\MAT_244_N2O_site2_adsorbed.cif,-612.3962381028426,uma-s-1p2,success
MAT_245,Ru0.20Pt0.80Ox,O,data\substituted_adsorbates\MAT_245_O_site0_adsorbed.cif,-577.9790156111479,uma-s-1p2,success
MAT_245,Ru0.20Pt0.80Ox,O,data\substituted_adsorbates\MAT_245_O_site1_adsorbed.cif,-578.1450760802815,uma-s-1p2,success
MAT_245,Ru0.20Pt0.80Ox,O,data\substituted_adsorbates\MAT_245_O_site2_adsorbed.cif,-578.0911282640536,uma-s-1p2,success
MAT_245,Ru0.20Pt0.80Ox,O2,data\substituted_adsorbates\MAT_245_O2_site0_adsorbed.cif,-582.4494737666192,uma-s-1p2,success
MAT_245,Ru0.20Pt0.80Ox,O2,data\substituted_adsorbates\MAT_245_O2_site1_adsorbed.cif,-581.3051796429015,uma-s-1p2,success
MAT_245,Ru0.20Pt0.80Ox,O2,data\substituted_adsorbates\MAT_245_O2_site2_adsorbed.cif,-581.3609385148968,uma-s-1p2,success
MAT_245,Ru0.20Pt0.80Ox,N2O,data\substituted_adsorbates\MAT_245_N2O_site0_adsorbed.cif,-593.7203542365787,uma-s-1p2,success
MAT_245,Ru0.20Pt0.80Ox,N2O,data\substituted_adsorbates\MAT_245_N2O_site1_adsorbed.cif,-593.3626287030675,uma-s-1p2,success
MAT_245,Ru0.20Pt0.80Ox,N2O,data\substituted_adsorbates\MAT_245_N2O_site2_adsorbed.cif,-593.3901583665186,uma-s-1p2,success
